date,day_of_sale,week_of_year,year_of_sales,week_type,shop_id,shop_name,customers,sales_usd,avg_sales_per_person,pct_family,pct_female,pct_male,pct_single,avg_temp_f,humidity_pct,is_rain,precip_in
2023-01-01,Sunday,1,2023,Weekends,4,Jacksonville,250,3972.4,15.89,49.4,52.1,47.9,50.6,77.9,46.3,0,0.0
2023-01-01,Sunday,1,2023,Weekends,2,Orlando,289,4887.88,16.91,49.4,52.1,47.9,50.6,77.9,46.3,0,0.0
2023-01-01,Sunday,1,2023,Weekends,1,Miami Beach,296,5440.48,18.38,49.4,52.1,47.9,50.6,77.9,46.3,0,0.0
2023-01-01,Sunday,1,2023,Weekends,3,Tampa,225,3716.96,16.52,49.4,52.1,47.9,50.6,77.9,46.3,0,0.0
2023-01-02,Monday,1,2023,Weekdays,4,Jacksonville,189,2805.14,14.84,45.6,52.6,47.4,54.4,73.9,51.1,1,0.31
2023-01-02,Monday,1,2023,Weekdays,2,Orlando,219,3968.51,18.12,45.6,52.6,47.4,54.4,73.9,51.1,1,0.31
2023-01-02,Monday,1,2023,Weekdays,1,Miami Beach,253,4754.25,18.79,45.6,52.6,47.4,54.4,73.9,51.1,1,0.31
2023-01-02,Monday,1,2023,Weekdays,3,Tampa,216,3117.7,14.43,45.6,52.6,47.4,54.4,73.9,51.1,1,0.31
2023-01-03,Tuesday,1,2023,Weekdays,4,Jacksonville,197,3149.25,15.99,43.9,49.7,50.3,56.1,76.3,51.6,0,0.0
2023-01-03,Tuesday,1,2023,Weekdays,3,Tampa,200,3072.35,15.36,43.9,49.7,50.3,56.1,76.3,51.6,0,0.0
2023-01-03,Tuesday,1,2023,Weekdays,2,Orlando,230,4042.33,17.58,43.9,49.7,50.3,56.1,76.3,51.6,0,0.0
2023-01-03,Tuesday,1,2023,Weekdays,1,Miami Beach,225,4326.42,19.23,43.9,49.7,50.3,56.1,76.3,51.6,0,0.0
2023-01-04,Wednesday,1,2023,Weekdays,1,Miami Beach,246,4570.11,18.58,44.8,51.4,48.6,55.2,74.2,51.6,0,0.0
2023-01-04,Wednesday,1,2023,Weekdays,4,Jacksonville,159,2301.54,14.48,44.8,51.4,48.6,55.2,74.2,51.6,0,0.0
2023-01-04,Wednesday,1,2023,Weekdays,2,Orlando,192,3425.17,17.84,44.8,51.4,48.6,55.2,74.2,51.6,0,0.0
2023-01-04,Wednesday,1,2023,Weekdays,3,Tampa,200,3176.15,15.88,44.8,51.4,48.6,55.2,74.2,51.6,0,0.0
2023-01-05,Thursday,1,2023,Weekdays,2,Orlando,188,3260.61,17.34,43.6,49.6,50.4,56.4,72.7,54.8,0,0.0
2023-01-05,Thursday,1,2023,Weekdays,1,Miami Beach,235,4202.11,17.88,43.6,49.6,50.4,56.4,72.7,54.8,0,0.0
2023-01-05,Thursday,1,2023,Weekdays,4,Jacksonville,195,3129.23,16.05,43.6,49.6,50.4,56.4,72.7,54.8,0,0.0
2023-01-05,Thursday,1,2023,Weekdays,3,Tampa,210,3646.07,17.36,43.6,49.6,50.4,56.4,72.7,54.8,0,0.0
2023-01-06,Friday,1,2023,Weekdays,4,Jacksonville,170,2783.74,16.37,45.3,49.3,50.7,54.7,73.1,44.1,1,0.33
2023-01-06,Friday,1,2023,Weekdays,1,Miami Beach,223,4067.3,18.24,45.3,49.3,50.7,54.7,73.1,44.1,1,0.33
2023-01-06,Friday,1,2023,Weekdays,2,Orlando,222,3962.5,17.85,45.3,49.3,50.7,54.7,73.1,44.1,1,0.33
2023-01-06,Friday,1,2023,Weekdays,3,Tampa,200,3372.63,16.86,45.3,49.3,50.7,54.7,73.1,44.1,1,0.33
2023-01-07,Saturday,1,2023,Weekends,3,Tampa,260,4033.61,15.51,52.5,51.0,49.0,47.5,74.9,48.3,0,0.0
2023-01-07,Saturday,1,2023,Weekends,1,Miami Beach,304,5141.29,16.91,52.5,51.0,49.0,47.5,74.9,48.3,0,0.0
2023-01-07,Saturday,1,2023,Weekends,4,Jacksonville,193,2847.72,14.76,52.5,51.0,49.0,47.5,74.9,48.3,0,0.0
2023-01-07,Saturday,1,2023,Weekends,2,Orlando,243,4022.73,16.55,52.5,51.0,49.0,47.5,74.9,48.3,0,0.0
2023-01-08,Sunday,2,2023,Weekends,4,Jacksonville,167,2361.04,14.14,50.9,50.9,49.1,49.1,68.4,39.7,1,0.48
2023-01-08,Sunday,2,2023,Weekends,2,Orlando,231,4061.02,17.58,50.9,50.9,49.1,49.1,68.4,39.7,1,0.48
2023-01-08,Sunday,2,2023,Weekends,1,Miami Beach,235,4270.28,18.17,50.9,50.9,49.1,49.1,68.4,39.7,1,0.48
2023-01-08,Sunday,2,2023,Weekends,3,Tampa,237,3907.93,16.49,50.9,50.9,49.1,49.1,68.4,39.7,1,0.48
2023-01-09,Monday,2,2023,Weekdays,1,Miami Beach,251,4431.64,17.66,45.9,50.8,49.2,54.1,74.3,49.8,0,0.0
2023-01-09,Monday,2,2023,Weekdays,4,Jacksonville,186,2927.95,15.74,45.9,50.8,49.2,54.1,74.3,49.8,0,0.0
2023-01-09,Monday,2,2023,Weekdays,3,Tampa,246,3995.93,16.24,45.9,50.8,49.2,54.1,74.3,49.8,0,0.0
2023-01-09,Monday,2,2023,Weekdays,2,Orlando,257,4292.67,16.7,45.9,50.8,49.2,54.1,74.3,49.8,0,0.0
2023-01-10,Tuesday,2,2023,Weekdays,2,Orlando,194,3404.83,17.55,42.5,51.5,48.5,57.5,70.3,37.1,0,0.0
2023-01-10,Tuesday,2,2023,Weekdays,4,Jacksonville,172,2625.44,15.26,42.5,51.5,48.5,57.5,70.3,37.1,0,0.0
2023-01-10,Tuesday,2,2023,Weekdays,3,Tampa,166,2885.05,17.38,42.5,51.5,48.5,57.5,70.3,37.1,0,0.0
2023-01-10,Tuesday,2,2023,Weekdays,1,Miami Beach,215,3918.9,18.23,42.5,51.5,48.5,57.5,70.3,37.1,0,0.0
2023-01-11,Wednesday,2,2023,Weekdays,2,Orlando,208,3360.16,16.15,44.1,49.4,50.6,55.9,71.9,44.6,0,0.0
2023-01-11,Wednesday,2,2023,Weekdays,3,Tampa,171,2822.53,16.51,44.1,49.4,50.6,55.9,71.9,44.6,0,0.0
2023-01-11,Wednesday,2,2023,Weekdays,1,Miami Beach,219,4151.64,18.96,44.1,49.4,50.6,55.9,71.9,44.6,0,0.0
2023-01-11,Wednesday,2,2023,Weekdays,4,Jacksonville,220,3312.33,15.06,44.1,49.4,50.6,55.9,71.9,44.6,0,0.0
2023-01-12,Thursday,2,2023,Weekdays,3,Tampa,178,3136.8,17.62,45.6,50.3,49.7,54.4,72.0,42.7,0,0.0
2023-01-12,Thursday,2,2023,Weekdays,1,Miami Beach,211,3894.75,18.46,45.6,50.3,49.7,54.4,72.0,42.7,0,0.0
2023-01-12,Thursday,2,2023,Weekdays,4,Jacksonville,205,3331.17,16.25,45.6,50.3,49.7,54.4,72.0,42.7,0,0.0
2023-01-12,Thursday,2,2023,Weekdays,2,Orlando,172,2747.66,15.97,45.6,50.3,49.7,54.4,72.0,42.7,0,0.0
2023-01-13,Friday,2,2023,Weekdays,1,Miami Beach,237,4477.85,18.89,47.3,50.5,49.5,52.7,76.2,40.2,0,0.0
2023-01-13,Friday,2,2023,Weekdays,2,Orlando,241,3643.22,15.12,47.3,50.5,49.5,52.7,76.2,40.2,0,0.0
2023-01-13,Friday,2,2023,Weekdays,4,Jacksonville,168,2668.55,15.88,47.3,50.5,49.5,52.7,76.2,40.2,0,0.0
2023-01-13,Friday,2,2023,Weekdays,3,Tampa,209,3623.03,17.34,47.3,50.5,49.5,52.7,76.2,40.2,0,0.0
2023-01-14,Saturday,2,2023,Weekends,2,Orlando,247,4490.21,18.18,50.6,49.6,50.4,49.4,71.2,38.4,0,0.0
2023-01-14,Saturday,2,2023,Weekends,1,Miami Beach,263,5073.23,19.29,50.6,49.6,50.4,49.4,71.2,38.4,0,0.0
2023-01-14,Saturday,2,2023,Weekends,4,Jacksonville,246,4152.18,16.88,50.6,49.6,50.4,49.4,71.2,38.4,0,0.0
2023-01-14,Saturday,2,2023,Weekends,3,Tampa,209,3170.73,15.17,50.6,49.6,50.4,49.4,71.2,38.4,0,0.0
2023-01-15,Sunday,3,2023,Weekends,1,Miami Beach,270,4512.77,16.71,51.5,51.0,49.0,48.5,69.2,39.7,0,0.0
2023-01-15,Sunday,3,2023,Weekends,4,Jacksonville,169,2671.57,15.81,51.5,51.0,49.0,48.5,69.2,39.7,0,0.0
2023-01-15,Sunday,3,2023,Weekends,2,Orlando,197,3665.89,18.61,51.5,51.0,49.0,48.5,69.2,39.7,0,0.0
2023-01-15,Sunday,3,2023,Weekends,3,Tampa,226,3513.43,15.55,51.5,51.0,49.0,48.5,69.2,39.7,0,0.0
2023-01-16,Monday,3,2023,Weekdays,2,Orlando,185,3014.91,16.3,45.1,49.1,50.9,54.9,72.5,42.2,0,0.0
2023-01-16,Monday,3,2023,Weekdays,4,Jacksonville,168,2637.18,15.7,45.1,49.1,50.9,54.9,72.5,42.2,0,0.0
2023-01-16,Monday,3,2023,Weekdays,3,Tampa,194,3199.01,16.49,45.1,49.1,50.9,54.9,72.5,42.2,0,0.0
2023-01-16,Monday,3,2023,Weekdays,1,Miami Beach,230,4276.97,18.6,45.1,49.1,50.9,54.9,72.5,42.2,0,0.0
2023-01-17,Tuesday,3,2023,Weekdays,2,Orlando,239,4145.18,17.34,43.0,51.7,48.3,57.0,75.2,40.9,0,0.0
2023-01-17,Tuesday,3,2023,Weekdays,1,Miami Beach,254,4594.63,18.09,43.0,51.7,48.3,57.0,75.2,40.9,0,0.0
2023-01-17,Tuesday,3,2023,Weekdays,4,Jacksonville,201,2990.26,14.88,43.0,51.7,48.3,57.0,75.2,40.9,0,0.0
2023-01-17,Tuesday,3,2023,Weekdays,3,Tampa,179,2892.34,16.16,43.0,51.7,48.3,57.0,75.2,40.9,0,0.0
2023-01-18,Wednesday,3,2023,Weekdays,1,Miami Beach,216,3603.99,16.69,44.7,50.3,49.7,55.3,69.2,44.2,1,2.51
2023-01-18,Wednesday,3,2023,Weekdays,4,Jacksonville,139,2248.94,16.18,44.7,50.3,49.7,55.3,69.2,44.2,1,2.51
2023-01-18,Wednesday,3,2023,Weekdays,2,Orlando,169,2820.04,16.69,44.7,50.3,49.7,55.3,69.2,44.2,1,2.51
2023-01-18,Wednesday,3,2023,Weekdays,3,Tampa,154,2571.78,16.7,44.7,50.3,49.7,55.3,69.2,44.2,1,2.51
2023-01-19,Thursday,3,2023,Weekdays,1,Miami Beach,288,5246.91,18.22,45.5,50.6,49.4,54.5,77.6,49.8,0,0.0
2023-01-19,Thursday,3,2023,Weekdays,2,Orlando,238,4165.97,17.5,45.5,50.6,49.4,54.5,77.6,49.8,0,0.0
2023-01-19,Thursday,3,2023,Weekdays,4,Jacksonville,195,2941.11,15.08,45.5,50.6,49.4,54.5,77.6,49.8,0,0.0
2023-01-19,Thursday,3,2023,Weekdays,3,Tampa,202,3296.65,16.32,45.5,50.6,49.4,54.5,77.6,49.8,0,0.0
2023-01-20,Friday,3,2023,Weekdays,1,Miami Beach,232,4301.64,18.54,43.6,49.8,50.2,56.4,72.0,45.2,0,0.0
2023-01-20,Friday,3,2023,Weekdays,3,Tampa,210,3619.77,17.24,43.6,49.8,50.2,56.4,72.0,45.2,0,0.0
2023-01-20,Friday,3,2023,Weekdays,4,Jacksonville,149,2384.54,16.0,43.6,49.8,50.2,56.4,72.0,45.2,0,0.0
2023-01-20,Friday,3,2023,Weekdays,2,Orlando,203,3335.91,16.43,43.6,49.8,50.2,56.4,72.0,45.2,0,0.0
2023-01-21,Saturday,3,2023,Weekends,3,Tampa,229,3660.95,15.99,50.4,48.8,51.2,49.6,70.7,36.7,0,0.0
2023-01-21,Saturday,3,2023,Weekends,1,Miami Beach,300,5584.36,18.61,50.4,48.8,51.2,49.6,70.7,36.7,0,0.0
2023-01-21,Saturday,3,2023,Weekends,4,Jacksonville,186,2411.74,12.97,50.4,48.8,51.2,49.6,70.7,36.7,0,0.0
2023-01-21,Saturday,3,2023,Weekends,2,Orlando,212,3911.01,18.45,50.4,48.8,51.2,49.6,70.7,36.7,0,0.0
2023-01-22,Sunday,4,2023,Weekends,3,Tampa,208,3620.71,17.41,50.7,50.3,49.7,49.3,69.8,42.4,0,0.0
2023-01-22,Sunday,4,2023,Weekends,1,Miami Beach,294,5686.73,19.34,50.7,50.3,49.7,49.3,69.8,42.4,0,0.0
2023-01-22,Sunday,4,2023,Weekends,2,Orlando,233,4106.64,17.63,50.7,50.3,49.7,49.3,69.8,42.4,0,0.0
2023-01-22,Sunday,4,2023,Weekends,4,Jacksonville,166,2619.17,15.78,50.7,50.3,49.7,49.3,69.8,42.4,0,0.0
2023-01-23,Monday,4,2023,Weekdays,1,Miami Beach,243,4434.38,18.25,44.1,50.1,49.9,55.9,72.0,42.4,0,0.0
2023-01-23,Monday,4,2023,Weekdays,3,Tampa,189,3366.73,17.81,44.1,50.1,49.9,55.9,72.0,42.4,0,0.0
2023-01-23,Monday,4,2023,Weekdays,2,Orlando,202,3326.99,16.47,44.1,50.1,49.9,55.9,72.0,42.4,0,0.0
2023-01-23,Monday,4,2023,Weekdays,4,Jacksonville,185,3032.42,16.39,44.1,50.1,49.9,55.9,72.0,42.4,0,0.0
2023-01-24,Tuesday,4,2023,Weekdays,1,Miami Beach,206,3820.07,18.54,45.2,50.1,49.9,54.8,69.1,46.4,0,0.0
2023-01-24,Tuesday,4,2023,Weekdays,2,Orlando,226,3763.66,16.65,45.2,50.1,49.9,54.8,69.1,46.4,0,0.0
2023-01-24,Tuesday,4,2023,Weekdays,4,Jacksonville,214,3116.52,14.56,45.2,50.1,49.9,54.8,69.1,46.4,0,0.0
2023-01-24,Tuesday,4,2023,Weekdays,3,Tampa,193,3233.32,16.75,45.2,50.1,49.9,54.8,69.1,46.4,0,0.0
2023-01-25,Wednesday,4,2023,Weekdays,4,Jacksonville,139,2302.68,16.57,46.0,51.3,48.7,54.0,65.8,46.7,1,3.11
2023-01-25,Wednesday,4,2023,Weekdays,3,Tampa,129,1812.6,14.05,46.0,51.3,48.7,54.0,65.8,46.7,1,3.11
2023-01-25,Wednesday,4,2023,Weekdays,2,Orlando,151,2498.26,16.54,46.0,51.3,48.7,54.0,65.8,46.7,1,3.11
2023-01-25,Wednesday,4,2023,Weekdays,1,Miami Beach,181,3660.64,20.22,46.0,51.3,48.7,54.0,65.8,46.7,1,3.11
2023-01-26,Thursday,4,2023,Weekdays,2,Orlando,195,3115.02,15.97,46.8,49.0,51.0,53.2,68.5,35.0,0,0.0
2023-01-26,Thursday,4,2023,Weekdays,1,Miami Beach,206,3913.96,19.0,46.8,49.0,51.0,53.2,68.5,35.0,0,0.0
2023-01-26,Thursday,4,2023,Weekdays,3,Tampa,163,2669.8,16.38,46.8,49.0,51.0,53.2,68.5,35.0,0,0.0
2023-01-26,Thursday,4,2023,Weekdays,4,Jacksonville,141,2298.05,16.3,46.8,49.0,51.0,53.2,68.5,35.0,0,0.0
2023-01-27,Friday,4,2023,Weekdays,2,Orlando,183,3391.73,18.53,46.3,49.8,50.2,53.7,67.4,42.3,1,1.5
2023-01-27,Friday,4,2023,Weekdays,1,Miami Beach,216,4253.25,19.69,46.3,49.8,50.2,53.7,67.4,42.3,1,1.5
2023-01-27,Friday,4,2023,Weekdays,3,Tampa,212,3541.9,16.71,46.3,49.8,50.2,53.7,67.4,42.3,1,1.5
2023-01-27,Friday,4,2023,Weekdays,4,Jacksonville,171,2578.02,15.08,46.3,49.8,50.2,53.7,67.4,42.3,1,1.5
2023-01-28,Saturday,4,2023,Weekends,3,Tampa,203,3370.84,16.61,51.5,48.9,51.1,48.5,70.3,44.0,0,0.0
2023-01-28,Saturday,4,2023,Weekends,4,Jacksonville,181,2780.52,15.36,51.5,48.9,51.1,48.5,70.3,44.0,0,0.0
2023-01-28,Saturday,4,2023,Weekends,1,Miami Beach,207,3817.82,18.44,51.5,48.9,51.1,48.5,70.3,44.0,0,0.0
2023-01-28,Saturday,4,2023,Weekends,2,Orlando,208,3591.58,17.27,51.5,48.9,51.1,48.5,70.3,44.0,0,0.0
2023-01-29,Sunday,5,2023,Weekends,2,Orlando,246,4433.99,18.02,52.8,48.9,51.1,47.2,75.1,35.0,0,0.0
2023-01-29,Sunday,5,2023,Weekends,4,Jacksonville,216,3333.6,15.43,52.8,48.9,51.1,47.2,75.1,35.0,0,0.0
2023-01-29,Sunday,5,2023,Weekends,3,Tampa,232,3787.25,16.32,52.8,48.9,51.1,47.2,75.1,35.0,0,0.0
2023-01-29,Sunday,5,2023,Weekends,1,Miami Beach,278,5762.8,20.73,52.8,48.9,51.1,47.2,75.1,35.0,0,0.0
2023-01-30,Monday,5,2023,Weekdays,4,Jacksonville,189,2719.15,14.39,45.8,50.4,49.6,54.2,75.5,38.7,0,0.0
2023-01-30,Monday,5,2023,Weekdays,2,Orlando,198,3392.05,17.13,45.8,50.4,49.6,54.2,75.5,38.7,0,0.0
2023-01-30,Monday,5,2023,Weekdays,1,Miami Beach,268,4885.71,18.23,45.8,50.4,49.6,54.2,75.5,38.7,0,0.0
2023-01-30,Monday,5,2023,Weekdays,3,Tampa,217,3505.78,16.16,45.8,50.4,49.6,54.2,75.5,38.7,0,0.0
2023-01-31,Tuesday,5,2023,Weekdays,4,Jacksonville,175,2658.04,15.19,45.4,50.5,49.5,54.6,69.2,35.0,0,0.0
2023-01-31,Tuesday,5,2023,Weekdays,1,Miami Beach,214,3882.07,18.14,45.4,50.5,49.5,54.6,69.2,35.0,0,0.0
2023-01-31,Tuesday,5,2023,Weekdays,2,Orlando,173,2881.82,16.66,45.4,50.5,49.5,54.6,69.2,35.0,0,0.0
2023-01-31,Tuesday,5,2023,Weekdays,3,Tampa,165,2811.91,17.04,45.4,50.5,49.5,54.6,69.2,35.0,0,0.0
2023-02-01,Wednesday,5,2023,Weekdays,3,Tampa,180,3278.64,18.21,46.4,49.5,50.5,53.6,68.8,46.9,0,0.0
2023-02-01,Wednesday,5,2023,Weekdays,4,Jacksonville,149,2485.71,16.68,46.4,49.5,50.5,53.6,68.8,46.9,0,0.0
2023-02-01,Wednesday,5,2023,Weekdays,1,Miami Beach,226,4031.55,17.84,46.4,49.5,50.5,53.6,68.8,46.9,0,0.0
2023-02-01,Wednesday,5,2023,Weekdays,2,Orlando,202,3383.55,16.75,46.4,49.5,50.5,53.6,68.8,46.9,0,0.0
2023-02-02,Thursday,5,2023,Weekdays,2,Orlando,239,4106.88,17.18,45.2,49.7,50.3,54.8,73.4,42.2,0,0.0
2023-02-02,Thursday,5,2023,Weekdays,1,Miami Beach,230,4403.41,19.15,45.2,49.7,50.3,54.8,73.4,42.2,0,0.0
2023-02-02,Thursday,5,2023,Weekdays,4,Jacksonville,209,3328.36,15.93,45.2,49.7,50.3,54.8,73.4,42.2,0,0.0
2023-02-02,Thursday,5,2023,Weekdays,3,Tampa,211,3667.44,17.38,45.2,49.7,50.3,54.8,73.4,42.2,0,0.0
2023-02-03,Friday,5,2023,Weekdays,2,Orlando,257,4326.75,16.84,46.0,49.0,51.0,54.0,74.7,35.0,0,0.0
2023-02-03,Friday,5,2023,Weekdays,1,Miami Beach,256,4474.51,17.48,46.0,49.0,51.0,54.0,74.7,35.0,0,0.0
2023-02-03,Friday,5,2023,Weekdays,4,Jacksonville,175,2673.35,15.28,46.0,49.0,51.0,54.0,74.7,35.0,0,0.0
2023-02-03,Friday,5,2023,Weekdays,3,Tampa,193,3159.12,16.37,46.0,49.0,51.0,54.0,74.7,35.0,0,0.0
2023-02-04,Saturday,5,2023,Weekends,2,Orlando,238,4190.56,17.61,52.9,50.6,49.4,47.1,66.2,43.6,0,0.0
2023-02-04,Saturday,5,2023,Weekends,1,Miami Beach,260,4639.11,17.84,52.9,50.6,49.4,47.1,66.2,43.6,0,0.0
2023-02-04,Saturday,5,2023,Weekends,4,Jacksonville,201,2871.8,14.29,52.9,50.6,49.4,47.1,66.2,43.6,0,0.0
2023-02-04,Saturday,5,2023,Weekends,3,Tampa,189,3267.05,17.29,52.9,50.6,49.4,47.1,66.2,43.6,0,0.0
2023-02-05,Sunday,6,2023,Weekends,3,Tampa,200,3364.81,16.82,51.7,49.8,50.2,48.3,66.8,36.9,1,0.79
2023-02-05,Sunday,6,2023,Weekends,1,Miami Beach,248,4864.28,19.61,51.7,49.8,50.2,48.3,66.8,36.9,1,0.79
2023-02-05,Sunday,6,2023,Weekends,4,Jacksonville,179,2790.81,15.59,51.7,49.8,50.2,48.3,66.8,36.9,1,0.79
2023-02-05,Sunday,6,2023,Weekends,2,Orlando,210,3582.17,17.06,51.7,49.8,50.2,48.3,66.8,36.9,1,0.79
2023-02-06,Monday,6,2023,Weekdays,1,Miami Beach,241,4425.44,18.36,44.9,48.8,51.2,55.1,62.0,42.5,0,0.0
2023-02-06,Monday,6,2023,Weekdays,4,Jacksonville,149,2355.46,15.81,44.9,48.8,51.2,55.1,62.0,42.5,0,0.0
2023-02-06,Monday,6,2023,Weekdays,2,Orlando,205,3389.81,16.54,44.9,48.8,51.2,55.1,62.0,42.5,0,0.0
2023-02-06,Monday,6,2023,Weekdays,3,Tampa,193,3120.2,16.17,44.9,48.8,51.2,55.1,62.0,42.5,0,0.0
2023-02-07,Tuesday,6,2023,Weekdays,4,Jacksonville,195,3043.02,15.61,46.9,49.4,50.6,53.1,66.1,35.0,0,0.0
2023-02-07,Tuesday,6,2023,Weekdays,3,Tampa,219,3855.21,17.6,46.9,49.4,50.6,53.1,66.1,35.0,0,0.0
2023-02-07,Tuesday,6,2023,Weekdays,1,Miami Beach,181,3606.07,19.92,46.9,49.4,50.6,53.1,66.1,35.0,0,0.0
2023-02-07,Tuesday,6,2023,Weekdays,2,Orlando,191,3164.78,16.57,46.9,49.4,50.6,53.1,66.1,35.0,0,0.0
2023-02-08,Wednesday,6,2023,Weekdays,3,Tampa,157,2701.5,17.21,45.3,48.2,51.8,54.7,65.5,41.9,1,3.29
2023-02-08,Wednesday,6,2023,Weekdays,4,Jacksonville,155,2388.56,15.41,45.3,48.2,51.8,54.7,65.5,41.9,1,3.29
2023-02-08,Wednesday,6,2023,Weekdays,2,Orlando,156,2609.38,16.73,45.3,48.2,51.8,54.7,65.5,41.9,1,3.29
2023-02-08,Wednesday,6,2023,Weekdays,1,Miami Beach,166,2871.62,17.3,45.3,48.2,51.8,54.7,65.5,41.9,1,3.29
2023-02-09,Thursday,6,2023,Weekdays,3,Tampa,169,2802.54,16.58,43.9,50.3,49.7,56.1,70.4,36.9,0,0.0
2023-02-09,Thursday,6,2023,Weekdays,2,Orlando,197,3130.41,15.89,43.9,50.3,49.7,56.1,70.4,36.9,0,0.0
2023-02-09,Thursday,6,2023,Weekdays,1,Miami Beach,218,3916.11,17.96,43.9,50.3,49.7,56.1,70.4,36.9,0,0.0
2023-02-09,Thursday,6,2023,Weekdays,4,Jacksonville,186,2747.24,14.77,43.9,50.3,49.7,56.1,70.4,36.9,0,0.0
2023-02-10,Friday,6,2023,Weekdays,4,Jacksonville,129,1972.29,15.29,45.9,48.3,51.7,54.1,65.7,35.0,0,0.0
2023-02-10,Friday,6,2023,Weekdays,3,Tampa,202,3180.87,15.75,45.9,48.3,51.7,54.1,65.7,35.0,0,0.0
2023-02-10,Friday,6,2023,Weekdays,2,Orlando,229,3706.65,16.19,45.9,48.3,51.7,54.1,65.7,35.0,0,0.0
2023-02-10,Friday,6,2023,Weekdays,1,Miami Beach,210,4044.57,19.26,45.9,48.3,51.7,54.1,65.7,35.0,0,0.0
2023-02-11,Saturday,6,2023,Weekends,1,Miami Beach,225,3924.84,17.44,50.7,49.9,50.1,49.3,64.7,40.6,1,2.47
2023-02-11,Saturday,6,2023,Weekends,2,Orlando,200,3454.86,17.27,50.7,49.9,50.1,49.3,64.7,40.6,1,2.47
2023-02-11,Saturday,6,2023,Weekends,3,Tampa,181,3092.44,17.09,50.7,49.9,50.1,49.3,64.7,40.6,1,2.47
2023-02-11,Saturday,6,2023,Weekends,4,Jacksonville,186,2927.56,15.74,50.7,49.9,50.1,49.3,64.7,40.6,1,2.47
2023-02-12,Sunday,7,2023,Weekends,2,Orlando,233,3998.21,17.16,52.1,48.8,51.2,47.9,68.1,35.7,0,0.0
2023-02-12,Sunday,7,2023,Weekends,1,Miami Beach,257,5156.3,20.06,52.1,48.8,51.2,47.9,68.1,35.7,0,0.0
2023-02-12,Sunday,7,2023,Weekends,3,Tampa,221,3540.32,16.02,52.1,48.8,51.2,47.9,68.1,35.7,0,0.0
2023-02-12,Sunday,7,2023,Weekends,4,Jacksonville,186,2831.51,15.22,52.1,48.8,51.2,47.9,68.1,35.7,0,0.0
2023-02-13,Monday,7,2023,Weekdays,2,Orlando,193,3706.63,19.21,47.6,48.0,52.0,52.4,69.7,35.0,0,0.0
2023-02-13,Monday,7,2023,Weekdays,4,Jacksonville,214,3327.76,15.55,47.6,48.0,52.0,52.4,69.7,35.0,0,0.0
2023-02-13,Monday,7,2023,Weekdays,3,Tampa,210,3598.86,17.14,47.6,48.0,52.0,52.4,69.7,35.0,0,0.0
2023-02-13,Monday,7,2023,Weekdays,1,Miami Beach,234,4036.07,17.25,47.6,48.0,52.0,52.4,69.7,35.0,0,0.0
2023-02-14,Tuesday,7,2023,Weekdays,1,Miami Beach,201,3978.71,19.79,45.8,48.6,51.4,54.2,63.7,35.0,0,0.0
2023-02-14,Tuesday,7,2023,Weekdays,3,Tampa,191,3162.58,16.56,45.8,48.6,51.4,54.2,63.7,35.0,0,0.0
2023-02-14,Tuesday,7,2023,Weekdays,2,Orlando,214,3550.75,16.59,45.8,48.6,51.4,54.2,63.7,35.0,0,0.0
2023-02-14,Tuesday,7,2023,Weekdays,4,Jacksonville,206,3517.45,17.07,45.8,48.6,51.4,54.2,63.7,35.0,0,0.0
2023-02-15,Wednesday,7,2023,Weekdays,2,Orlando,219,3662.56,16.72,47.6,47.6,52.4,52.4,59.8,35.0,0,0.0
2023-02-15,Wednesday,7,2023,Weekdays,1,Miami Beach,213,4020.09,18.87,47.6,47.6,52.4,52.4,59.8,35.0,0,0.0
2023-02-15,Wednesday,7,2023,Weekdays,3,Tampa,187,3215.12,17.19,47.6,47.6,52.4,52.4,59.8,35.0,0,0.0
2023-02-15,Wednesday,7,2023,Weekdays,4,Jacksonville,166,2810.23,16.93,47.6,47.6,52.4,52.4,59.8,35.0,0,0.0
2023-02-16,Thursday,7,2023,Weekdays,4,Jacksonville,186,2897.94,15.58,45.8,49.1,50.9,54.2,69.4,37.1,1,0.8
2023-02-16,Thursday,7,2023,Weekdays,2,Orlando,191,3287.9,17.21,45.8,49.1,50.9,54.2,69.4,37.1,1,0.8
2023-02-16,Thursday,7,2023,Weekdays,1,Miami Beach,229,4289.53,18.73,45.8,49.1,50.9,54.2,69.4,37.1,1,0.8
2023-02-16,Thursday,7,2023,Weekdays,3,Tampa,196,2937.47,14.99,45.8,49.1,50.9,54.2,69.4,37.1,1,0.8
2023-02-17,Friday,7,2023,Weekdays,1,Miami Beach,219,4180.94,19.09,45.9,47.5,52.5,54.1,59.8,37.2,0,0.0
2023-02-17,Friday,7,2023,Weekdays,3,Tampa,185,3043.86,16.45,45.9,47.5,52.5,54.1,59.8,37.2,0,0.0
2023-02-17,Friday,7,2023,Weekdays,2,Orlando,182,3174.36,17.44,45.9,47.5,52.5,54.1,59.8,37.2,0,0.0
2023-02-17,Friday,7,2023,Weekdays,4,Jacksonville,209,2984.18,14.28,45.9,47.5,52.5,54.1,59.8,37.2,0,0.0
2023-02-18,Saturday,7,2023,Weekends,2,Orlando,222,3986.83,17.96,52.0,47.6,52.4,48.0,73.5,35.0,0,0.0
2023-02-18,Saturday,7,2023,Weekends,3,Tampa,250,3600.38,14.4,52.0,47.6,52.4,48.0,73.5,35.0,0,0.0
2023-02-18,Saturday,7,2023,Weekends,1,Miami Beach,255,5175.76,20.3,52.0,47.6,52.4,48.0,73.5,35.0,0,0.0
2023-02-18,Saturday,7,2023,Weekends,4,Jacksonville,224,3330.0,14.87,52.0,47.6,52.4,48.0,73.5,35.0,0,0.0
2023-02-19,Sunday,8,2023,Weekends,2,Orlando,249,4204.91,16.89,53.8,47.9,52.1,46.2,67.8,35.2,0,0.0
2023-02-19,Sunday,8,2023,Weekends,3,Tampa,200,3474.39,17.37,53.8,47.9,52.1,46.2,67.8,35.2,0,0.0
2023-02-19,Sunday,8,2023,Weekends,1,Miami Beach,252,4562.86,18.11,53.8,47.9,52.1,46.2,67.8,35.2,0,0.0
2023-02-19,Sunday,8,2023,Weekends,4,Jacksonville,214,3131.82,14.63,53.8,47.9,52.1,46.2,67.8,35.2,0,0.0
2023-02-20,Monday,8,2023,Weekdays,3,Tampa,196,3072.81,15.68,47.9,48.2,51.8,52.1,70.9,35.9,1,0.32
2023-02-20,Monday,8,2023,Weekdays,4,Jacksonville,163,2668.59,16.37,47.9,48.2,51.8,52.1,70.9,35.9,1,0.32
2023-02-20,Monday,8,2023,Weekdays,1,Miami Beach,213,4157.9,19.52,47.9,48.2,51.8,52.1,70.9,35.9,1,0.32
2023-02-20,Monday,8,2023,Weekdays,2,Orlando,206,3587.59,17.42,47.9,48.2,51.8,52.1,70.9,35.9,1,0.32
2023-02-21,Tuesday,8,2023,Weekdays,2,Orlando,193,3398.96,17.61,46.5,49.3,50.7,53.5,69.5,35.0,1,0.59
2023-02-21,Tuesday,8,2023,Weekdays,4,Jacksonville,166,2582.02,15.55,46.5,49.3,50.7,53.5,69.5,35.0,1,0.59
2023-02-21,Tuesday,8,2023,Weekdays,3,Tampa,165,2698.38,16.35,46.5,49.3,50.7,53.5,69.5,35.0,1,0.59
2023-02-21,Tuesday,8,2023,Weekdays,1,Miami Beach,193,3744.72,19.4,46.5,49.3,50.7,53.5,69.5,35.0,1,0.59
2023-02-22,Wednesday,8,2023,Weekdays,1,Miami Beach,253,4481.76,17.71,46.2,49.7,50.3,53.8,69.5,38.6,0,0.0
2023-02-22,Wednesday,8,2023,Weekdays,4,Jacksonville,173,2465.37,14.25,46.2,49.7,50.3,53.8,69.5,38.6,0,0.0
2023-02-22,Wednesday,8,2023,Weekdays,3,Tampa,194,3084.66,15.9,46.2,49.7,50.3,53.8,69.5,38.6,0,0.0
2023-02-22,Wednesday,8,2023,Weekdays,2,Orlando,192,3237.33,16.86,46.2,49.7,50.3,53.8,69.5,38.6,0,0.0
2023-02-23,Thursday,8,2023,Weekdays,1,Miami Beach,227,4303.09,18.96,46.6,49.2,50.8,53.4,67.8,35.0,0,0.0
2023-02-23,Thursday,8,2023,Weekdays,3,Tampa,200,3332.89,16.66,46.6,49.2,50.8,53.4,67.8,35.0,0,0.0
2023-02-23,Thursday,8,2023,Weekdays,2,Orlando,212,3550.4,16.75,46.6,49.2,50.8,53.4,67.8,35.0,0,0.0
2023-02-23,Thursday,8,2023,Weekdays,4,Jacksonville,175,2749.36,15.71,46.6,49.2,50.8,53.4,67.8,35.0,0,0.0
2023-02-24,Friday,8,2023,Weekdays,2,Orlando,183,3093.58,16.9,46.6,47.5,52.5,53.4,55.5,37.6,0,0.0
2023-02-24,Friday,8,2023,Weekdays,3,Tampa,181,2988.95,16.51,46.6,47.5,52.5,53.4,55.5,37.6,0,0.0
2023-02-24,Friday,8,2023,Weekdays,1,Miami Beach,230,4161.11,18.09,46.6,47.5,52.5,53.4,55.5,37.6,0,0.0
2023-02-24,Friday,8,2023,Weekdays,4,Jacksonville,175,3036.95,17.35,46.6,47.5,52.5,53.4,55.5,37.6,0,0.0
2023-02-25,Saturday,8,2023,Weekends,1,Miami Beach,249,4847.56,19.47,54.2,49.5,50.5,45.8,62.7,35.2,1,0.24
2023-02-25,Saturday,8,2023,Weekends,2,Orlando,239,3833.5,16.04,54.2,49.5,50.5,45.8,62.7,35.2,1,0.24
2023-02-25,Saturday,8,2023,Weekends,3,Tampa,219,3355.69,15.32,54.2,49.5,50.5,45.8,62.7,35.2,1,0.24
2023-02-25,Saturday,8,2023,Weekends,4,Jacksonville,184,2776.1,15.09,54.2,49.5,50.5,45.8,62.7,35.2,1,0.24
2023-02-26,Sunday,9,2023,Weekends,4,Jacksonville,175,2895.77,16.55,51.7,49.4,50.6,48.3,71.8,41.9,0,0.0
2023-02-26,Sunday,9,2023,Weekends,1,Miami Beach,269,5138.28,19.1,51.7,49.4,50.6,48.3,71.8,41.9,0,0.0
2023-02-26,Sunday,9,2023,Weekends,3,Tampa,242,4298.31,17.76,51.7,49.4,50.6,48.3,71.8,41.9,0,0.0
2023-02-26,Sunday,9,2023,Weekends,2,Orlando,272,4808.0,17.68,51.7,49.4,50.6,48.3,71.8,41.9,0,0.0
2023-02-27,Monday,9,2023,Weekdays,4,Jacksonville,203,3385.25,16.68,48.7,46.9,53.1,51.3,61.3,39.1,0,0.0
2023-02-27,Monday,9,2023,Weekdays,3,Tampa,240,3943.14,16.43,48.7,46.9,53.1,51.3,61.3,39.1,0,0.0
2023-02-27,Monday,9,2023,Weekdays,2,Orlando,187,3181.69,17.01,48.7,46.9,53.1,51.3,61.3,39.1,0,0.0
2023-02-27,Monday,9,2023,Weekdays,1,Miami Beach,240,4782.36,19.93,48.7,46.9,53.1,51.3,61.3,39.1,0,0.0
2023-02-28,Tuesday,9,2023,Weekdays,4,Jacksonville,197,3092.5,15.7,47.1,49.7,50.3,52.9,65.8,35.0,0,0.0
2023-02-28,Tuesday,9,2023,Weekdays,2,Orlando,193,3204.21,16.6,47.1,49.7,50.3,52.9,65.8,35.0,0,0.0
2023-02-28,Tuesday,9,2023,Weekdays,3,Tampa,172,2757.65,16.03,47.1,49.7,50.3,52.9,65.8,35.0,0,0.0
2023-02-28,Tuesday,9,2023,Weekdays,1,Miami Beach,247,4942.8,20.01,47.1,49.7,50.3,52.9,65.8,35.0,0,0.0
2023-03-01,Wednesday,9,2023,Weekdays,2,Orlando,199,3290.99,16.54,45.3,47.2,52.8,54.7,71.3,35.0,1,0.09
2023-03-01,Wednesday,9,2023,Weekdays,3,Tampa,194,2958.36,15.25,45.3,47.2,52.8,54.7,71.3,35.0,1,0.09
2023-03-01,Wednesday,9,2023,Weekdays,1,Miami Beach,218,3964.72,18.19,45.3,47.2,52.8,54.7,71.3,35.0,1,0.09
2023-03-01,Wednesday,9,2023,Weekdays,4,Jacksonville,181,3142.11,17.36,45.3,47.2,52.8,54.7,71.3,35.0,1,0.09
2023-03-02,Thursday,9,2023,Weekdays,4,Jacksonville,159,2496.11,15.7,46.8,49.1,50.9,53.2,65.6,37.2,0,0.0
2023-03-02,Thursday,9,2023,Weekdays,2,Orlando,183,2975.69,16.26,46.8,49.1,50.9,53.2,65.6,37.2,0,0.0
2023-03-02,Thursday,9,2023,Weekdays,3,Tampa,175,2763.11,15.79,46.8,49.1,50.9,53.2,65.6,37.2,0,0.0
2023-03-02,Thursday,9,2023,Weekdays,1,Miami Beach,186,3161.3,17.0,46.8,49.1,50.9,53.2,65.6,37.2,0,0.0
2023-03-03,Friday,9,2023,Weekdays,1,Miami Beach,207,3658.99,17.68,46.8,49.0,51.0,53.2,66.9,40.4,0,0.0
2023-03-03,Friday,9,2023,Weekdays,2,Orlando,215,3815.32,17.75,46.8,49.0,51.0,53.2,66.9,40.4,0,0.0
2023-03-03,Friday,9,2023,Weekdays,3,Tampa,175,2640.62,15.09,46.8,49.0,51.0,53.2,66.9,40.4,0,0.0
2023-03-03,Friday,9,2023,Weekdays,4,Jacksonville,164,2663.58,16.24,46.8,49.0,51.0,53.2,66.9,40.4,0,0.0
2023-03-04,Saturday,9,2023,Weekends,1,Miami Beach,255,5310.23,20.82,51.9,48.9,51.1,48.1,67.5,35.0,0,0.0
2023-03-04,Saturday,9,2023,Weekends,2,Orlando,244,4078.52,16.72,51.9,48.9,51.1,48.1,67.5,35.0,0,0.0
2023-03-04,Saturday,9,2023,Weekends,4,Jacksonville,195,2942.91,15.09,51.9,48.9,51.1,48.1,67.5,35.0,0,0.0
2023-03-04,Saturday,9,2023,Weekends,3,Tampa,235,4165.67,17.73,51.9,48.9,51.1,48.1,67.5,35.0,0,0.0
2023-03-05,Sunday,10,2023,Weekends,2,Orlando,248,4161.84,16.78,53.6,49.2,50.8,46.4,62.1,38.0,0,0.0
2023-03-05,Sunday,10,2023,Weekends,4,Jacksonville,146,2286.53,15.66,53.6,49.2,50.8,46.4,62.1,38.0,0,0.0
2023-03-05,Sunday,10,2023,Weekends,1,Miami Beach,277,4952.19,17.88,53.6,49.2,50.8,46.4,62.1,38.0,0,0.0
2023-03-05,Sunday,10,2023,Weekends,3,Tampa,209,3409.78,16.31,53.6,49.2,50.8,46.4,62.1,38.0,0,0.0
2023-03-06,Monday,10,2023,Weekdays,2,Orlando,194,3442.21,17.74,46.9,48.7,51.3,53.1,64.7,35.0,1,0.44
2023-03-06,Monday,10,2023,Weekdays,3,Tampa,160,2642.04,16.51,46.9,48.7,51.3,53.1,64.7,35.0,1,0.44
2023-03-06,Monday,10,2023,Weekdays,1,Miami Beach,222,3968.55,17.88,46.9,48.7,51.3,53.1,64.7,35.0,1,0.44
2023-03-06,Monday,10,2023,Weekdays,4,Jacksonville,212,3540.72,16.7,46.9,48.7,51.3,53.1,64.7,35.0,1,0.44
2023-03-07,Tuesday,10,2023,Weekdays,3,Tampa,155,2670.48,17.23,46.6,48.6,51.4,53.4,61.0,37.2,1,0.65
2023-03-07,Tuesday,10,2023,Weekdays,4,Jacksonville,176,2909.55,16.53,46.6,48.6,51.4,53.4,61.0,37.2,1,0.65
2023-03-07,Tuesday,10,2023,Weekdays,1,Miami Beach,232,4224.66,18.21,46.6,48.6,51.4,53.4,61.0,37.2,1,0.65
2023-03-07,Tuesday,10,2023,Weekdays,2,Orlando,214,3831.16,17.9,46.6,48.6,51.4,53.4,61.0,37.2,1,0.65
2023-03-08,Wednesday,10,2023,Weekdays,3,Tampa,175,3133.87,17.91,45.4,48.3,51.7,54.6,66.5,35.0,0,0.0
2023-03-08,Wednesday,10,2023,Weekdays,1,Miami Beach,225,4295.85,19.09,45.4,48.3,51.7,54.6,66.5,35.0,0,0.0
2023-03-08,Wednesday,10,2023,Weekdays,4,Jacksonville,176,2665.6,15.15,45.4,48.3,51.7,54.6,66.5,35.0,0,0.0
2023-03-08,Wednesday,10,2023,Weekdays,2,Orlando,177,3031.03,17.12,45.4,48.3,51.7,54.6,66.5,35.0,0,0.0
2023-03-09,Thursday,10,2023,Weekdays,3,Tampa,169,2802.63,16.58,47.9,46.8,53.2,52.1,63.7,36.9,0,0.0
2023-03-09,Thursday,10,2023,Weekdays,1,Miami Beach,244,5123.26,21.0,47.9,46.8,53.2,52.1,63.7,36.9,0,0.0
2023-03-09,Thursday,10,2023,Weekdays,4,Jacksonville,170,2760.7,16.24,47.9,46.8,53.2,52.1,63.7,36.9,0,0.0
2023-03-09,Thursday,10,2023,Weekdays,2,Orlando,204,3492.73,17.12,47.9,46.8,53.2,52.1,63.7,36.9,0,0.0
2023-03-10,Friday,10,2023,Weekdays,4,Jacksonville,167,2375.5,14.22,47.2,49.5,50.5,52.8,63.4,35.0,0,0.0
2023-03-10,Friday,10,2023,Weekdays,2,Orlando,197,3274.53,16.62,47.2,49.5,50.5,52.8,63.4,35.0,0,0.0
2023-03-10,Friday,10,2023,Weekdays,3,Tampa,154,2524.86,16.4,47.2,49.5,50.5,52.8,63.4,35.0,0,0.0
2023-03-10,Friday,10,2023,Weekdays,1,Miami Beach,255,4625.37,18.14,47.2,49.5,50.5,52.8,63.4,35.0,0,0.0
2023-03-11,Saturday,10,2023,Weekends,1,Miami Beach,253,4573.35,18.08,53.2,49.6,50.4,46.8,68.7,35.0,1,0.03
2023-03-11,Saturday,10,2023,Weekends,4,Jacksonville,203,3054.32,15.05,53.2,49.6,50.4,46.8,68.7,35.0,1,0.03
2023-03-11,Saturday,10,2023,Weekends,2,Orlando,198,3289.09,16.61,53.2,49.6,50.4,46.8,68.7,35.0,1,0.03
2023-03-11,Saturday,10,2023,Weekends,3,Tampa,192,3023.41,15.75,53.2,49.6,50.4,46.8,68.7,35.0,1,0.03
2023-03-12,Sunday,11,2023,Weekends,1,Miami Beach,261,5209.27,19.96,53.2,48.3,51.7,46.8,71.9,35.0,0,0.0
2023-03-12,Sunday,11,2023,Weekends,2,Orlando,191,3082.82,16.14,53.2,48.3,51.7,46.8,71.9,35.0,0,0.0
2023-03-12,Sunday,11,2023,Weekends,3,Tampa,216,3657.1,16.93,53.2,48.3,51.7,46.8,71.9,35.0,0,0.0
2023-03-12,Sunday,11,2023,Weekends,4,Jacksonville,201,2967.05,14.76,53.2,48.3,51.7,46.8,71.9,35.0,0,0.0
2023-03-13,Monday,11,2023,Weekdays,2,Orlando,198,3488.19,17.62,49.2,47.6,52.4,50.8,66.5,43.3,1,0.21
2023-03-13,Monday,11,2023,Weekdays,4,Jacksonville,175,2584.52,14.77,49.2,47.6,52.4,50.8,66.5,43.3,1,0.21
2023-03-13,Monday,11,2023,Weekdays,1,Miami Beach,211,4085.64,19.36,49.2,47.6,52.4,50.8,66.5,43.3,1,0.21
2023-03-13,Monday,11,2023,Weekdays,3,Tampa,149,2614.26,17.55,49.2,47.6,52.4,50.8,66.5,43.3,1,0.21
2023-03-14,Tuesday,11,2023,Weekdays,1,Miami Beach,207,4017.57,19.41,46.5,47.5,52.5,53.5,65.4,38.8,0,0.0
2023-03-14,Tuesday,11,2023,Weekdays,3,Tampa,177,2974.55,16.81,46.5,47.5,52.5,53.5,65.4,38.8,0,0.0
2023-03-14,Tuesday,11,2023,Weekdays,2,Orlando,181,2936.61,16.22,46.5,47.5,52.5,53.5,65.4,38.8,0,0.0
2023-03-14,Tuesday,11,2023,Weekdays,4,Jacksonville,177,2761.39,15.6,46.5,47.5,52.5,53.5,65.4,38.8,0,0.0
2023-03-15,Wednesday,11,2023,Weekdays,3,Tampa,181,3122.06,17.25,47.9,49.5,50.5,52.1,66.9,35.0,0,0.0
2023-03-15,Wednesday,11,2023,Weekdays,4,Jacksonville,168,2538.21,15.11,47.9,49.5,50.5,52.1,66.9,35.0,0,0.0
2023-03-15,Wednesday,11,2023,Weekdays,2,Orlando,178,3017.37,16.95,47.9,49.5,50.5,52.1,66.9,35.0,0,0.0
2023-03-15,Wednesday,11,2023,Weekdays,1,Miami Beach,224,4171.95,18.62,47.9,49.5,50.5,52.1,66.9,35.0,0,0.0
2023-03-16,Thursday,11,2023,Weekdays,2,Orlando,195,3197.06,16.4,47.1,48.6,51.4,52.9,72.3,35.0,0,0.0
2023-03-16,Thursday,11,2023,Weekdays,3,Tampa,197,3258.45,16.54,47.1,48.6,51.4,52.9,72.3,35.0,0,0.0
2023-03-16,Thursday,11,2023,Weekdays,4,Jacksonville,168,2629.34,15.65,47.1,48.6,51.4,52.9,72.3,35.0,0,0.0
2023-03-16,Thursday,11,2023,Weekdays,1,Miami Beach,217,3953.03,18.22,47.1,48.6,51.4,52.9,72.3,35.0,0,0.0
2023-03-17,Friday,11,2023,Weekdays,4,Jacksonville,191,2953.97,15.47,47.6,48.1,51.9,52.4,65.0,39.7,0,0.0
2023-03-17,Friday,11,2023,Weekdays,1,Miami Beach,201,3769.07,18.75,47.6,48.1,51.9,52.4,65.0,39.7,0,0.0
2023-03-17,Friday,11,2023,Weekdays,3,Tampa,217,3559.78,16.4,47.6,48.1,51.9,52.4,65.0,39.7,0,0.0
2023-03-17,Friday,11,2023,Weekdays,2,Orlando,211,3907.56,18.52,47.6,48.1,51.9,52.4,65.0,39.7,0,0.0
2023-03-18,Saturday,11,2023,Weekends,4,Jacksonville,178,2692.24,15.12,52.2,46.8,53.2,47.8,62.4,35.0,1,2.29
2023-03-18,Saturday,11,2023,Weekends,3,Tampa,170,2677.99,15.75,52.2,46.8,53.2,47.8,62.4,35.0,1,2.29
2023-03-18,Saturday,11,2023,Weekends,1,Miami Beach,204,3940.3,19.32,52.2,46.8,53.2,47.8,62.4,35.0,1,2.29
2023-03-18,Saturday,11,2023,Weekends,2,Orlando,182,3111.84,17.1,52.2,46.8,53.2,47.8,62.4,35.0,1,2.29
2023-03-19,Sunday,12,2023,Weekends,4,Jacksonville,197,2868.1,14.56,52.8,48.1,51.9,47.2,64.3,35.0,0,0.0
2023-03-19,Sunday,12,2023,Weekends,3,Tampa,223,3863.18,17.32,52.8,48.1,51.9,47.2,64.3,35.0,0,0.0
2023-03-19,Sunday,12,2023,Weekends,2,Orlando,205,3549.0,17.31,52.8,48.1,51.9,47.2,64.3,35.0,0,0.0
2023-03-19,Sunday,12,2023,Weekends,1,Miami Beach,279,5100.27,18.28,52.8,48.1,51.9,47.2,64.3,35.0,0,0.0
2023-03-20,Monday,12,2023,Weekdays,4,Jacksonville,175,2901.6,16.58,47.3,47.4,52.6,52.7,68.8,38.7,1,0.67
2023-03-20,Monday,12,2023,Weekdays,3,Tampa,185,3139.35,16.97,47.3,47.4,52.6,52.7,68.8,38.7,1,0.67
2023-03-20,Monday,12,2023,Weekdays,1,Miami Beach,219,4037.59,18.44,47.3,47.4,52.6,52.7,68.8,38.7,1,0.67
2023-03-20,Monday,12,2023,Weekdays,2,Orlando,183,3213.68,17.56,47.3,47.4,52.6,52.7,68.8,38.7,1,0.67
2023-03-21,Tuesday,12,2023,Weekdays,2,Orlando,172,2895.38,16.83,48.2,46.2,53.8,51.8,69.8,39.3,0,0.0
2023-03-21,Tuesday,12,2023,Weekdays,3,Tampa,199,2995.06,15.05,48.2,46.2,53.8,51.8,69.8,39.3,0,0.0
2023-03-21,Tuesday,12,2023,Weekdays,4,Jacksonville,138,2128.66,15.43,48.2,46.2,53.8,51.8,69.8,39.3,0,0.0
2023-03-21,Tuesday,12,2023,Weekdays,1,Miami Beach,225,4197.73,18.66,48.2,46.2,53.8,51.8,69.8,39.3,0,0.0
2023-03-22,Wednesday,12,2023,Weekdays,4,Jacksonville,158,2516.33,15.93,46.4,46.4,53.6,53.6,60.4,35.0,0,0.0
2023-03-22,Wednesday,12,2023,Weekdays,2,Orlando,215,3832.82,17.83,46.4,46.4,53.6,53.6,60.4,35.0,0,0.0
2023-03-22,Wednesday,12,2023,Weekdays,3,Tampa,197,3082.39,15.65,46.4,46.4,53.6,53.6,60.4,35.0,0,0.0
2023-03-22,Wednesday,12,2023,Weekdays,1,Miami Beach,246,4260.32,17.32,46.4,46.4,53.6,53.6,60.4,35.0,0,0.0
2023-03-23,Thursday,12,2023,Weekdays,1,Miami Beach,207,3756.61,18.15,48.6,47.1,52.9,51.4,67.9,38.2,0,0.0
2023-03-23,Thursday,12,2023,Weekdays,4,Jacksonville,156,2423.88,15.54,48.6,47.1,52.9,51.4,67.9,38.2,0,0.0
2023-03-23,Thursday,12,2023,Weekdays,2,Orlando,217,3678.53,16.95,48.6,47.1,52.9,51.4,67.9,38.2,0,0.0
2023-03-23,Thursday,12,2023,Weekdays,3,Tampa,199,3419.38,17.18,48.6,47.1,52.9,51.4,67.9,38.2,0,0.0
2023-03-24,Friday,12,2023,Weekdays,3,Tampa,149,2546.57,17.09,47.0,46.8,53.2,53.0,63.6,39.3,0,0.0
2023-03-24,Friday,12,2023,Weekdays,4,Jacksonville,143,2327.87,16.28,47.0,46.8,53.2,53.0,63.6,39.3,0,0.0
2023-03-24,Friday,12,2023,Weekdays,1,Miami Beach,230,4240.55,18.44,47.0,46.8,53.2,53.0,63.6,39.3,0,0.0
2023-03-24,Friday,12,2023,Weekdays,2,Orlando,211,3539.08,16.77,47.0,46.8,53.2,53.0,63.6,39.3,0,0.0
2023-03-25,Saturday,12,2023,Weekends,2,Orlando,234,3514.03,15.02,52.7,49.0,51.0,47.3,61.9,41.9,0,0.0
2023-03-25,Saturday,12,2023,Weekends,4,Jacksonville,167,2436.91,14.59,52.7,49.0,51.0,47.3,61.9,41.9,0,0.0
2023-03-25,Saturday,12,2023,Weekends,3,Tampa,212,3531.72,16.66,52.7,49.0,51.0,47.3,61.9,41.9,0,0.0
2023-03-25,Saturday,12,2023,Weekends,1,Miami Beach,273,5133.17,18.8,52.7,49.0,51.0,47.3,61.9,41.9,0,0.0
2023-03-26,Sunday,13,2023,Weekends,4,Jacksonville,199,3212.74,16.14,53.1,47.4,52.6,46.9,66.5,35.0,0,0.0
2023-03-26,Sunday,13,2023,Weekends,3,Tampa,178,2776.4,15.6,53.1,47.4,52.6,46.9,66.5,35.0,0,0.0
2023-03-26,Sunday,13,2023,Weekends,1,Miami Beach,241,4677.63,19.41,53.1,47.4,52.6,46.9,66.5,35.0,0,0.0
2023-03-26,Sunday,13,2023,Weekends,2,Orlando,219,3555.29,16.23,53.1,47.4,52.6,46.9,66.5,35.0,0,0.0
2023-03-27,Monday,13,2023,Weekdays,1,Miami Beach,215,3672.85,17.08,47.5,46.7,53.3,52.5,67.8,38.3,0,0.0
2023-03-27,Monday,13,2023,Weekdays,4,Jacksonville,136,2109.86,15.51,47.5,46.7,53.3,52.5,67.8,38.3,0,0.0
2023-03-27,Monday,13,2023,Weekdays,3,Tampa,174,2764.8,15.89,47.5,46.7,53.3,52.5,67.8,38.3,0,0.0
2023-03-27,Monday,13,2023,Weekdays,2,Orlando,196,3399.26,17.34,47.5,46.7,53.3,52.5,67.8,38.3,0,0.0
2023-03-28,Tuesday,13,2023,Weekdays,2,Orlando,198,3445.28,17.4,47.7,47.8,52.2,52.3,62.2,43.5,0,0.0
2023-03-28,Tuesday,13,2023,Weekdays,1,Miami Beach,176,2986.03,16.97,47.7,47.8,52.2,52.3,62.2,43.5,0,0.0
2023-03-28,Tuesday,13,2023,Weekdays,3,Tampa,198,3070.2,15.51,47.7,47.8,52.2,52.3,62.2,43.5,0,0.0
2023-03-28,Tuesday,13,2023,Weekdays,4,Jacksonville,149,2302.79,15.45,47.7,47.8,52.2,52.3,62.2,43.5,0,0.0
2023-03-29,Wednesday,13,2023,Weekdays,3,Tampa,161,2648.21,16.45,45.7,47.5,52.5,54.3,62.5,39.2,0,0.0
2023-03-29,Wednesday,13,2023,Weekdays,1,Miami Beach,237,4738.16,19.99,45.7,47.5,52.5,54.3,62.5,39.2,0,0.0
2023-03-29,Wednesday,13,2023,Weekdays,4,Jacksonville,181,2948.08,16.29,45.7,47.5,52.5,54.3,62.5,39.2,0,0.0
2023-03-29,Wednesday,13,2023,Weekdays,2,Orlando,177,3183.23,17.98,45.7,47.5,52.5,54.3,62.5,39.2,0,0.0
2023-03-30,Thursday,13,2023,Weekdays,3,Tampa,185,3024.67,16.35,45.7,47.3,52.7,54.3,70.3,40.5,0,0.0
2023-03-30,Thursday,13,2023,Weekdays,1,Miami Beach,238,4250.89,17.86,45.7,47.3,52.7,54.3,70.3,40.5,0,0.0
2023-03-30,Thursday,13,2023,Weekdays,2,Orlando,223,4019.88,18.03,45.7,47.3,52.7,54.3,70.3,40.5,0,0.0
2023-03-30,Thursday,13,2023,Weekdays,4,Jacksonville,161,2662.72,16.54,45.7,47.3,52.7,54.3,70.3,40.5,0,0.0
2023-03-31,Friday,13,2023,Weekdays,3,Tampa,179,2949.69,16.48,47.2,48.2,51.8,52.8,66.5,42.4,0,0.0
2023-03-31,Friday,13,2023,Weekdays,4,Jacksonville,159,2774.07,17.45,47.2,48.2,51.8,52.8,66.5,42.4,0,0.0
2023-03-31,Friday,13,2023,Weekdays,1,Miami Beach,243,4293.21,17.67,47.2,48.2,51.8,52.8,66.5,42.4,0,0.0
2023-03-31,Friday,13,2023,Weekdays,2,Orlando,199,3266.66,16.42,47.2,48.2,51.8,52.8,66.5,42.4,0,0.0
2023-04-01,Saturday,13,2023,Weekends,1,Miami Beach,255,4932.47,19.34,53.4,49.1,50.9,46.6,65.8,37.0,0,0.0
2023-04-01,Saturday,13,2023,Weekends,2,Orlando,267,4540.43,17.01,53.4,49.1,50.9,46.6,65.8,37.0,0,0.0
2023-04-01,Saturday,13,2023,Weekends,3,Tampa,208,3285.1,15.79,53.4,49.1,50.9,46.6,65.8,37.0,0,0.0
2023-04-01,Saturday,13,2023,Weekends,4,Jacksonville,218,3227.26,14.8,53.4,49.1,50.9,46.6,65.8,37.0,0,0.0
2023-04-02,Sunday,14,2023,Weekends,3,Tampa,199,3464.92,17.41,52.3,48.4,51.6,47.7,67.1,35.0,0,0.0
2023-04-02,Sunday,14,2023,Weekends,1,Miami Beach,246,4579.41,18.62,52.3,48.4,51.6,47.7,67.1,35.0,0,0.0
2023-04-02,Sunday,14,2023,Weekends,4,Jacksonville,172,2804.81,16.31,52.3,48.4,51.6,47.7,67.1,35.0,0,0.0
2023-04-02,Sunday,14,2023,Weekends,2,Orlando,274,4751.94,17.34,52.3,48.4,51.6,47.7,67.1,35.0,0,0.0
2023-04-03,Monday,14,2023,Weekdays,2,Orlando,198,3463.05,17.49,46.2,46.7,53.3,53.8,70.5,44.0,0,0.0
2023-04-03,Monday,14,2023,Weekdays,3,Tampa,133,2351.5,17.68,46.2,46.7,53.3,53.8,70.5,44.0,0,0.0
2023-04-03,Monday,14,2023,Weekdays,4,Jacksonville,164,2374.72,14.48,46.2,46.7,53.3,53.8,70.5,44.0,0,0.0
2023-04-03,Monday,14,2023,Weekdays,1,Miami Beach,250,4251.84,17.01,46.2,46.7,53.3,53.8,70.5,44.0,0,0.0
2023-04-04,Tuesday,14,2023,Weekdays,4,Jacksonville,161,2324.92,14.44,46.7,49.1,50.9,53.3,68.0,38.1,1,0.17
2023-04-04,Tuesday,14,2023,Weekdays,1,Miami Beach,213,3719.27,17.46,46.7,49.1,50.9,53.3,68.0,38.1,1,0.17
2023-04-04,Tuesday,14,2023,Weekdays,2,Orlando,208,3805.38,18.3,46.7,49.1,50.9,53.3,68.0,38.1,1,0.17
2023-04-04,Tuesday,14,2023,Weekdays,3,Tampa,199,3114.7,15.65,46.7,49.1,50.9,53.3,68.0,38.1,1,0.17
2023-04-05,Wednesday,14,2023,Weekdays,2,Orlando,221,3572.72,16.17,47.7,46.7,53.3,52.3,62.9,45.5,0,0.0
2023-04-05,Wednesday,14,2023,Weekdays,3,Tampa,172,2830.23,16.45,47.7,46.7,53.3,52.3,62.9,45.5,0,0.0
2023-04-05,Wednesday,14,2023,Weekdays,4,Jacksonville,136,2247.9,16.53,47.7,46.7,53.3,52.3,62.9,45.5,0,0.0
2023-04-05,Wednesday,14,2023,Weekdays,1,Miami Beach,210,4002.25,19.06,47.7,46.7,53.3,52.3,62.9,45.5,0,0.0
2023-04-06,Thursday,14,2023,Weekdays,2,Orlando,191,3367.21,17.63,47.4,48.8,51.2,52.6,62.9,36.9,0,0.0
2023-04-06,Thursday,14,2023,Weekdays,1,Miami Beach,270,4812.19,17.82,47.4,48.8,51.2,52.6,62.9,36.9,0,0.0
2023-04-06,Thursday,14,2023,Weekdays,4,Jacksonville,148,2046.18,13.83,47.4,48.8,51.2,52.6,62.9,36.9,0,0.0
2023-04-06,Thursday,14,2023,Weekdays,3,Tampa,187,3167.08,16.94,47.4,48.8,51.2,52.6,62.9,36.9,0,0.0
2023-04-07,Friday,14,2023,Weekdays,1,Miami Beach,247,4709.58,19.07,48.5,48.4,51.6,51.5,65.3,35.4,0,0.0
2023-04-07,Friday,14,2023,Weekdays,3,Tampa,186,3036.82,16.33,48.5,48.4,51.6,51.5,65.3,35.4,0,0.0
2023-04-07,Friday,14,2023,Weekdays,2,Orlando,217,3476.89,16.02,48.5,48.4,51.6,51.5,65.3,35.4,0,0.0
2023-04-07,Friday,14,2023,Weekdays,4,Jacksonville,185,2881.94,15.58,48.5,48.4,51.6,51.5,65.3,35.4,0,0.0
2023-04-08,Saturday,14,2023,Weekends,3,Tampa,201,3294.17,16.39,54.0,49.2,50.8,46.0,61.2,38.4,0,0.0
2023-04-08,Saturday,14,2023,Weekends,1,Miami Beach,277,5250.88,18.96,54.0,49.2,50.8,46.0,61.2,38.4,0,0.0
2023-04-08,Saturday,14,2023,Weekends,2,Orlando,242,4044.95,16.71,54.0,49.2,50.8,46.0,61.2,38.4,0,0.0
2023-04-08,Saturday,14,2023,Weekends,4,Jacksonville,206,2931.53,14.23,54.0,49.2,50.8,46.0,61.2,38.4,0,0.0
2023-04-09,Sunday,15,2023,Weekends,4,Jacksonville,203,2962.05,14.59,52.6,47.5,52.5,47.4,64.9,48.0,0,0.0
2023-04-09,Sunday,15,2023,Weekends,3,Tampa,234,4167.76,17.81,52.6,47.5,52.5,47.4,64.9,48.0,0,0.0
2023-04-09,Sunday,15,2023,Weekends,2,Orlando,224,3948.92,17.63,52.6,47.5,52.5,47.4,64.9,48.0,0,0.0
2023-04-09,Sunday,15,2023,Weekends,1,Miami Beach,293,5160.43,17.61,52.6,47.5,52.5,47.4,64.9,48.0,0,0.0
2023-04-10,Monday,15,2023,Weekdays,2,Orlando,199,3352.44,16.85,49.3,47.6,52.4,50.7,63.2,35.0,0,0.0
2023-04-10,Monday,15,2023,Weekdays,3,Tampa,167,2926.57,17.52,49.3,47.6,52.4,50.7,63.2,35.0,0,0.0
2023-04-10,Monday,15,2023,Weekdays,4,Jacksonville,164,2701.26,16.47,49.3,47.6,52.4,50.7,63.2,35.0,0,0.0
2023-04-10,Monday,15,2023,Weekdays,1,Miami Beach,256,5057.63,19.76,49.3,47.6,52.4,50.7,63.2,35.0,0,0.0
2023-04-11,Tuesday,15,2023,Weekdays,2,Orlando,187,3204.84,17.14,47.2,47.2,52.8,52.8,64.3,41.6,0,0.0
2023-04-11,Tuesday,15,2023,Weekdays,3,Tampa,162,2841.04,17.54,47.2,47.2,52.8,52.8,64.3,41.6,0,0.0
2023-04-11,Tuesday,15,2023,Weekdays,4,Jacksonville,139,2207.46,15.88,47.2,47.2,52.8,52.8,64.3,41.6,0,0.0
2023-04-11,Tuesday,15,2023,Weekdays,1,Miami Beach,189,3397.79,17.98,47.2,47.2,52.8,52.8,64.3,41.6,0,0.0
2023-04-12,Wednesday,15,2023,Weekdays,4,Jacksonville,179,2676.78,14.95,48.3,48.7,51.3,51.7,71.1,35.0,0,0.0
2023-04-12,Wednesday,15,2023,Weekdays,1,Miami Beach,212,4209.24,19.85,48.3,48.7,51.3,51.7,71.1,35.0,0,0.0
2023-04-12,Wednesday,15,2023,Weekdays,3,Tampa,183,3106.35,16.97,48.3,48.7,51.3,51.7,71.1,35.0,0,0.0
2023-04-12,Wednesday,15,2023,Weekdays,2,Orlando,197,3417.13,17.35,48.3,48.7,51.3,51.7,71.1,35.0,0,0.0
2023-04-13,Thursday,15,2023,Weekdays,4,Jacksonville,199,3181.8,15.99,46.8,47.3,52.7,53.2,73.5,42.1,0,0.0
2023-04-13,Thursday,15,2023,Weekdays,2,Orlando,188,3221.73,17.14,46.8,47.3,52.7,53.2,73.5,42.1,0,0.0
2023-04-13,Thursday,15,2023,Weekdays,3,Tampa,219,3694.97,16.87,46.8,47.3,52.7,53.2,73.5,42.1,0,0.0
2023-04-13,Thursday,15,2023,Weekdays,1,Miami Beach,242,4749.06,19.62,46.8,47.3,52.7,53.2,73.5,42.1,0,0.0
2023-04-14,Friday,15,2023,Weekdays,2,Orlando,131,2205.2,16.83,48.3,46.9,53.1,51.7,65.0,48.6,1,3.1
2023-04-14,Friday,15,2023,Weekdays,1,Miami Beach,179,3404.74,19.02,48.3,46.9,53.1,51.7,65.0,48.6,1,3.1
2023-04-14,Friday,15,2023,Weekdays,4,Jacksonville,163,2407.74,14.77,48.3,46.9,53.1,51.7,65.0,48.6,1,3.1
2023-04-14,Friday,15,2023,Weekdays,3,Tampa,163,2762.86,16.95,48.3,46.9,53.1,51.7,65.0,48.6,1,3.1
2023-04-15,Saturday,15,2023,Weekends,1,Miami Beach,248,4399.38,17.74,53.4,49.1,50.9,46.6,69.6,37.2,1,1.46
2023-04-15,Saturday,15,2023,Weekends,3,Tampa,234,4048.49,17.3,53.4,49.1,50.9,46.6,69.6,37.2,1,1.46
2023-04-15,Saturday,15,2023,Weekends,2,Orlando,214,3657.83,17.09,53.4,49.1,50.9,46.6,69.6,37.2,1,1.46
2023-04-15,Saturday,15,2023,Weekends,4,Jacksonville,197,2956.31,15.01,53.4,49.1,50.9,46.6,69.6,37.2,1,1.46
2023-04-16,Sunday,16,2023,Weekends,3,Tampa,226,3563.62,15.77,53.1,48.7,51.3,46.9,61.0,39.0,0,0.0
2023-04-16,Sunday,16,2023,Weekends,1,Miami Beach,268,4770.29,17.8,53.1,48.7,51.3,46.9,61.0,39.0,0,0.0
2023-04-16,Sunday,16,2023,Weekends,4,Jacksonville,166,2346.47,14.14,53.1,48.7,51.3,46.9,61.0,39.0,0,0.0
2023-04-16,Sunday,16,2023,Weekends,2,Orlando,232,4099.46,17.67,53.1,48.7,51.3,46.9,61.0,39.0,0,0.0
2023-04-17,Monday,16,2023,Weekdays,4,Jacksonville,142,2252.24,15.86,46.6,48.3,51.7,53.4,64.6,46.1,0,0.0
2023-04-17,Monday,16,2023,Weekdays,1,Miami Beach,262,5366.39,20.48,46.6,48.3,51.7,53.4,64.6,46.1,0,0.0
2023-04-17,Monday,16,2023,Weekdays,2,Orlando,207,3676.18,17.76,46.6,48.3,51.7,53.4,64.6,46.1,0,0.0
2023-04-17,Monday,16,2023,Weekdays,3,Tampa,180,2610.21,14.5,46.6,48.3,51.7,53.4,64.6,46.1,0,0.0
2023-04-18,Tuesday,16,2023,Weekdays,3,Tampa,163,2636.78,16.18,45.8,47.1,52.9,54.2,70.1,37.0,0,0.0
2023-04-18,Tuesday,16,2023,Weekdays,2,Orlando,195,3233.41,16.58,45.8,47.1,52.9,54.2,70.1,37.0,0,0.0
2023-04-18,Tuesday,16,2023,Weekdays,4,Jacksonville,165,2652.25,16.07,45.8,47.1,52.9,54.2,70.1,37.0,0,0.0
2023-04-18,Tuesday,16,2023,Weekdays,1,Miami Beach,213,3759.09,17.65,45.8,47.1,52.9,54.2,70.1,37.0,0,0.0
2023-04-19,Wednesday,16,2023,Weekdays,3,Tampa,220,3686.67,16.76,47.2,48.5,51.5,52.8,67.2,41.2,0,0.0
2023-04-19,Wednesday,16,2023,Weekdays,2,Orlando,195,3189.98,16.36,47.2,48.5,51.5,52.8,67.2,41.2,0,0.0
2023-04-19,Wednesday,16,2023,Weekdays,4,Jacksonville,152,2400.99,15.8,47.2,48.5,51.5,52.8,67.2,41.2,0,0.0
2023-04-19,Wednesday,16,2023,Weekdays,1,Miami Beach,242,4549.2,18.8,47.2,48.5,51.5,52.8,67.2,41.2,0,0.0
2023-04-20,Thursday,16,2023,Weekdays,3,Tampa,215,3464.94,16.12,48.7,49.8,50.2,51.3,70.4,35.5,1,0.35
2023-04-20,Thursday,16,2023,Weekdays,1,Miami Beach,205,3604.85,17.58,48.7,49.8,50.2,51.3,70.4,35.5,1,0.35
2023-04-20,Thursday,16,2023,Weekdays,4,Jacksonville,192,2934.7,15.28,48.7,49.8,50.2,51.3,70.4,35.5,1,0.35
2023-04-20,Thursday,16,2023,Weekdays,2,Orlando,195,3239.74,16.61,48.7,49.8,50.2,51.3,70.4,35.5,1,0.35
2023-04-21,Friday,16,2023,Weekdays,3,Tampa,208,3305.65,15.89,48.6,47.9,52.1,51.4,71.9,37.5,0,0.0
2023-04-21,Friday,16,2023,Weekdays,4,Jacksonville,168,2717.76,16.18,48.6,47.9,52.1,51.4,71.9,37.5,0,0.0
2023-04-21,Friday,16,2023,Weekdays,1,Miami Beach,226,3994.69,17.68,48.6,47.9,52.1,51.4,71.9,37.5,0,0.0
2023-04-21,Friday,16,2023,Weekdays,2,Orlando,220,3816.58,17.35,48.6,47.9,52.1,51.4,71.9,37.5,0,0.0
2023-04-22,Saturday,16,2023,Weekends,4,Jacksonville,177,2839.86,16.04,54.9,46.9,53.1,45.1,66.4,35.0,0,0.0
2023-04-22,Saturday,16,2023,Weekends,2,Orlando,257,4708.85,18.32,54.9,46.9,53.1,45.1,66.4,35.0,0,0.0
2023-04-22,Saturday,16,2023,Weekends,3,Tampa,220,3712.11,16.87,54.9,46.9,53.1,45.1,66.4,35.0,0,0.0
2023-04-22,Saturday,16,2023,Weekends,1,Miami Beach,282,5523.88,19.59,54.9,46.9,53.1,45.1,66.4,35.0,0,0.0
2023-04-23,Sunday,17,2023,Weekends,2,Orlando,231,3522.98,15.25,53.2,48.7,51.3,46.8,71.1,35.0,0,0.0
2023-04-23,Sunday,17,2023,Weekends,4,Jacksonville,192,2693.95,14.03,53.2,48.7,51.3,46.8,71.1,35.0,0,0.0
2023-04-23,Sunday,17,2023,Weekends,1,Miami Beach,266,5122.08,19.26,53.2,48.7,51.3,46.8,71.1,35.0,0,0.0
2023-04-23,Sunday,17,2023,Weekends,3,Tampa,218,3559.82,16.33,53.2,48.7,51.3,46.8,71.1,35.0,0,0.0
2023-04-24,Monday,17,2023,Weekdays,2,Orlando,192,3220.86,16.78,49.2,49.2,50.8,50.8,68.6,41.2,0,0.0
2023-04-24,Monday,17,2023,Weekdays,1,Miami Beach,222,4341.54,19.56,49.2,49.2,50.8,50.8,68.6,41.2,0,0.0
2023-04-24,Monday,17,2023,Weekdays,4,Jacksonville,159,2370.6,14.91,49.2,49.2,50.8,50.8,68.6,41.2,0,0.0
2023-04-24,Monday,17,2023,Weekdays,3,Tampa,178,2975.13,16.71,49.2,49.2,50.8,50.8,68.6,41.2,0,0.0
2023-04-25,Tuesday,17,2023,Weekdays,4,Jacksonville,167,2628.95,15.74,47.3,49.4,50.6,52.7,70.5,46.2,1,1.79
2023-04-25,Tuesday,17,2023,Weekdays,3,Tampa,151,2486.13,16.46,47.3,49.4,50.6,52.7,70.5,46.2,1,1.79
2023-04-25,Tuesday,17,2023,Weekdays,2,Orlando,163,2917.36,17.9,47.3,49.4,50.6,52.7,70.5,46.2,1,1.79
2023-04-25,Tuesday,17,2023,Weekdays,1,Miami Beach,229,3969.74,17.34,47.3,49.4,50.6,52.7,70.5,46.2,1,1.79
2023-04-26,Wednesday,17,2023,Weekdays,2,Orlando,192,3647.06,19.0,47.8,48.4,51.6,52.2,63.6,38.4,0,0.0
2023-04-26,Wednesday,17,2023,Weekdays,1,Miami Beach,236,4481.85,18.99,47.8,48.4,51.6,52.2,63.6,38.4,0,0.0
2023-04-26,Wednesday,17,2023,Weekdays,4,Jacksonville,178,2829.46,15.9,47.8,48.4,51.6,52.2,63.6,38.4,0,0.0
2023-04-26,Wednesday,17,2023,Weekdays,3,Tampa,159,2791.23,17.55,47.8,48.4,51.6,52.2,63.6,38.4,0,0.0
2023-04-27,Thursday,17,2023,Weekdays,2,Orlando,237,3953.75,16.68,48.5,48.7,51.3,51.5,72.2,40.5,1,0.37
2023-04-27,Thursday,17,2023,Weekdays,4,Jacksonville,168,2614.19,15.56,48.5,48.7,51.3,51.5,72.2,40.5,1,0.37
2023-04-27,Thursday,17,2023,Weekdays,1,Miami Beach,229,4397.26,19.2,48.5,48.7,51.3,51.5,72.2,40.5,1,0.37
2023-04-27,Thursday,17,2023,Weekdays,3,Tampa,188,3055.44,16.25,48.5,48.7,51.3,51.5,72.2,40.5,1,0.37
2023-04-28,Friday,17,2023,Weekdays,1,Miami Beach,215,3830.95,17.82,48.1,47.6,52.4,51.9,68.3,39.9,0,0.0
2023-04-28,Friday,17,2023,Weekdays,3,Tampa,181,2840.87,15.7,48.1,47.6,52.4,51.9,68.3,39.9,0,0.0
2023-04-28,Friday,17,2023,Weekdays,2,Orlando,195,3398.63,17.43,48.1,47.6,52.4,51.9,68.3,39.9,0,0.0
2023-04-28,Friday,17,2023,Weekdays,4,Jacksonville,191,2945.47,15.42,48.1,47.6,52.4,51.9,68.3,39.9,0,0.0
2023-04-29,Saturday,17,2023,Weekends,2,Orlando,237,4021.68,16.97,53.0,49.6,50.4,47.0,72.9,41.0,0,0.0
2023-04-29,Saturday,17,2023,Weekends,4,Jacksonville,222,3332.62,15.01,53.0,49.6,50.4,47.0,72.9,41.0,0,0.0
2023-04-29,Saturday,17,2023,Weekends,3,Tampa,251,3982.44,15.87,53.0,49.6,50.4,47.0,72.9,41.0,0,0.0
2023-04-29,Saturday,17,2023,Weekends,1,Miami Beach,281,5754.29,20.48,53.0,49.6,50.4,47.0,72.9,41.0,0,0.0
2023-04-30,Sunday,18,2023,Weekends,3,Tampa,186,3177.76,17.08,54.7,47.7,52.3,45.3,69.4,48.0,0,0.0
2023-04-30,Sunday,18,2023,Weekends,1,Miami Beach,264,5010.0,18.98,54.7,47.7,52.3,45.3,69.4,48.0,0,0.0
2023-04-30,Sunday,18,2023,Weekends,4,Jacksonville,186,2854.02,15.34,54.7,47.7,52.3,45.3,69.4,48.0,0,0.0
2023-04-30,Sunday,18,2023,Weekends,2,Orlando,229,3626.56,15.84,54.7,47.7,52.3,45.3,69.4,48.0,0,0.0
2023-05-01,Monday,18,2023,Weekdays,4,Jacksonville,175,2949.04,16.85,47.2,49.3,50.7,52.8,68.2,40.7,1,0.9
2023-05-01,Monday,18,2023,Weekdays,1,Miami Beach,202,3756.46,18.6,47.2,49.3,50.7,52.8,68.2,40.7,1,0.9
2023-05-01,Monday,18,2023,Weekdays,3,Tampa,150,2440.49,16.27,47.2,49.3,50.7,52.8,68.2,40.7,1,0.9
2023-05-01,Monday,18,2023,Weekdays,2,Orlando,178,2861.3,16.07,47.2,49.3,50.7,52.8,68.2,40.7,1,0.9
2023-05-02,Tuesday,18,2023,Weekdays,2,Orlando,221,3409.68,15.43,46.3,47.9,52.1,53.7,66.0,43.7,1,0.72
2023-05-02,Tuesday,18,2023,Weekdays,4,Jacksonville,131,2299.82,17.56,46.3,47.9,52.1,53.7,66.0,43.7,1,0.72
2023-05-02,Tuesday,18,2023,Weekdays,3,Tampa,174,2782.67,15.99,46.3,47.9,52.1,53.7,66.0,43.7,1,0.72
2023-05-02,Tuesday,18,2023,Weekdays,1,Miami Beach,201,3962.55,19.71,46.3,47.9,52.1,53.7,66.0,43.7,1,0.72
2023-05-03,Wednesday,18,2023,Weekdays,1,Miami Beach,179,3224.19,18.01,47.5,49.9,50.1,52.5,70.4,40.2,1,2.17
2023-05-03,Wednesday,18,2023,Weekdays,3,Tampa,170,3113.93,18.32,47.5,49.9,50.1,52.5,70.4,40.2,1,2.17
2023-05-03,Wednesday,18,2023,Weekdays,2,Orlando,166,3000.68,18.08,47.5,49.9,50.1,52.5,70.4,40.2,1,2.17
2023-05-03,Wednesday,18,2023,Weekdays,4,Jacksonville,129,1935.94,15.01,47.5,49.9,50.1,52.5,70.4,40.2,1,2.17
2023-05-04,Thursday,18,2023,Weekdays,4,Jacksonville,159,2488.08,15.65,47.4,49.0,51.0,52.6,69.8,48.8,0,0.0
2023-05-04,Thursday,18,2023,Weekdays,2,Orlando,215,3471.6,16.15,47.4,49.0,51.0,52.6,69.8,48.8,0,0.0
2023-05-04,Thursday,18,2023,Weekdays,3,Tampa,205,3196.0,15.59,47.4,49.0,51.0,52.6,69.8,48.8,0,0.0
2023-05-04,Thursday,18,2023,Weekdays,1,Miami Beach,207,3682.34,17.79,47.4,49.0,51.0,52.6,69.8,48.8,0,0.0
2023-05-05,Friday,18,2023,Weekdays,4,Jacksonville,178,2950.12,16.57,47.5,49.5,50.5,52.5,67.4,37.0,1,1.58
2023-05-05,Friday,18,2023,Weekdays,2,Orlando,202,3376.89,16.72,47.5,49.5,50.5,52.5,67.4,37.0,1,1.58
2023-05-05,Friday,18,2023,Weekdays,1,Miami Beach,228,4167.37,18.28,47.5,49.5,50.5,52.5,67.4,37.0,1,1.58
2023-05-05,Friday,18,2023,Weekdays,3,Tampa,163,2797.72,17.16,47.5,49.5,50.5,52.5,67.4,37.0,1,1.58
2023-05-06,Saturday,18,2023,Weekends,4,Jacksonville,176,2692.35,15.3,55.3,47.6,52.4,44.7,70.5,44.3,1,0.53
2023-05-06,Saturday,18,2023,Weekends,2,Orlando,245,3496.46,14.27,55.3,47.6,52.4,44.7,70.5,44.3,1,0.53
2023-05-06,Saturday,18,2023,Weekends,3,Tampa,218,3306.33,15.17,55.3,47.6,52.4,44.7,70.5,44.3,1,0.53
2023-05-06,Saturday,18,2023,Weekends,1,Miami Beach,264,4920.0,18.64,55.3,47.6,52.4,44.7,70.5,44.3,1,0.53
2023-05-07,Sunday,19,2023,Weekends,3,Tampa,228,3820.15,16.76,53.5,47.1,52.9,46.5,64.5,44.8,0,0.0
2023-05-07,Sunday,19,2023,Weekends,2,Orlando,256,4360.62,17.03,53.5,47.1,52.9,46.5,64.5,44.8,0,0.0
2023-05-07,Sunday,19,2023,Weekends,4,Jacksonville,207,3094.46,14.95,53.5,47.1,52.9,46.5,64.5,44.8,0,0.0
2023-05-07,Sunday,19,2023,Weekends,1,Miami Beach,250,4326.7,17.31,53.5,47.1,52.9,46.5,64.5,44.8,0,0.0
2023-05-08,Monday,19,2023,Weekdays,1,Miami Beach,208,3456.64,16.62,48.3,48.6,51.4,51.7,70.0,43.8,0,0.0
2023-05-08,Monday,19,2023,Weekdays,2,Orlando,216,3429.57,15.88,48.3,48.6,51.4,51.7,70.0,43.8,0,0.0
2023-05-08,Monday,19,2023,Weekdays,3,Tampa,182,3069.31,16.86,48.3,48.6,51.4,51.7,70.0,43.8,0,0.0
2023-05-08,Monday,19,2023,Weekdays,4,Jacksonville,180,2703.94,15.02,48.3,48.6,51.4,51.7,70.0,43.8,0,0.0
2023-05-09,Tuesday,19,2023,Weekdays,2,Orlando,200,3541.42,17.71,50.0,48.4,51.6,50.0,70.3,36.7,1,0.69
2023-05-09,Tuesday,19,2023,Weekdays,1,Miami Beach,187,3440.45,18.4,50.0,48.4,51.6,50.0,70.3,36.7,1,0.69
2023-05-09,Tuesday,19,2023,Weekdays,4,Jacksonville,183,2771.65,15.15,50.0,48.4,51.6,50.0,70.3,36.7,1,0.69
2023-05-09,Tuesday,19,2023,Weekdays,3,Tampa,176,3002.15,17.06,50.0,48.4,51.6,50.0,70.3,36.7,1,0.69
2023-05-10,Wednesday,19,2023,Weekdays,4,Jacksonville,159,2572.65,16.18,48.2,49.1,50.9,51.8,69.6,43.3,0,0.0
2023-05-10,Wednesday,19,2023,Weekdays,2,Orlando,215,3503.98,16.3,48.2,49.1,50.9,51.8,69.6,43.3,0,0.0
2023-05-10,Wednesday,19,2023,Weekdays,1,Miami Beach,211,3867.56,18.33,48.2,49.1,50.9,51.8,69.6,43.3,0,0.0
2023-05-10,Wednesday,19,2023,Weekdays,3,Tampa,182,3131.24,17.2,48.2,49.1,50.9,51.8,69.6,43.3,0,0.0
2023-05-11,Thursday,19,2023,Weekdays,1,Miami Beach,222,4227.57,19.04,48.4,48.3,51.7,51.6,67.3,46.5,0,0.0
2023-05-11,Thursday,19,2023,Weekdays,2,Orlando,228,4112.21,18.04,48.4,48.3,51.7,51.6,67.3,46.5,0,0.0
2023-05-11,Thursday,19,2023,Weekdays,4,Jacksonville,162,2634.5,16.26,48.4,48.3,51.7,51.6,67.3,46.5,0,0.0
2023-05-11,Thursday,19,2023,Weekdays,3,Tampa,146,2495.08,17.09,48.4,48.3,51.7,51.6,67.3,46.5,0,0.0
2023-05-12,Friday,19,2023,Weekdays,1,Miami Beach,201,3597.83,17.9,47.5,50.6,49.4,52.5,65.4,41.1,0,0.0
2023-05-12,Friday,19,2023,Weekdays,2,Orlando,208,3436.57,16.52,47.5,50.6,49.4,52.5,65.4,41.1,0,0.0
2023-05-12,Friday,19,2023,Weekdays,3,Tampa,206,3519.1,17.08,47.5,50.6,49.4,52.5,65.4,41.1,0,0.0
2023-05-12,Friday,19,2023,Weekdays,4,Jacksonville,164,2384.76,14.54,47.5,50.6,49.4,52.5,65.4,41.1,0,0.0
2023-05-13,Saturday,19,2023,Weekends,2,Orlando,218,3727.04,17.1,53.1,50.2,49.8,46.9,70.0,38.1,1,0.88
2023-05-13,Saturday,19,2023,Weekends,1,Miami Beach,250,4934.41,19.74,53.1,50.2,49.8,46.9,70.0,38.1,1,0.88
2023-05-13,Saturday,19,2023,Weekends,3,Tampa,200,3201.93,16.01,53.1,50.2,49.8,46.9,70.0,38.1,1,0.88
2023-05-13,Saturday,19,2023,Weekends,4,Jacksonville,195,2708.78,13.89,53.1,50.2,49.8,46.9,70.0,38.1,1,0.88
2023-05-14,Sunday,20,2023,Weekends,2,Orlando,201,3365.47,16.74,54.3,46.5,53.5,45.7,72.9,44.8,0,0.0
2023-05-14,Sunday,20,2023,Weekends,3,Tampa,233,3823.21,16.41,54.3,46.5,53.5,45.7,72.9,44.8,0,0.0
2023-05-14,Sunday,20,2023,Weekends,1,Miami Beach,312,5888.62,18.87,54.3,46.5,53.5,45.7,72.9,44.8,0,0.0
2023-05-14,Sunday,20,2023,Weekends,4,Jacksonville,195,2880.94,14.77,54.3,46.5,53.5,45.7,72.9,44.8,0,0.0
2023-05-15,Monday,20,2023,Weekdays,3,Tampa,204,3409.87,16.72,47.8,47.8,52.2,52.2,74.8,49.0,0,0.0
2023-05-15,Monday,20,2023,Weekdays,4,Jacksonville,193,3066.24,15.89,47.8,47.8,52.2,52.2,74.8,49.0,0,0.0
2023-05-15,Monday,20,2023,Weekdays,1,Miami Beach,249,4798.09,19.27,47.8,47.8,52.2,52.2,74.8,49.0,0,0.0
2023-05-15,Monday,20,2023,Weekdays,2,Orlando,223,3563.15,15.98,47.8,47.8,52.2,52.2,74.8,49.0,0,0.0
2023-05-16,Tuesday,20,2023,Weekdays,1,Miami Beach,260,4915.31,18.91,47.4,49.5,50.5,52.6,74.8,40.5,0,0.0
2023-05-16,Tuesday,20,2023,Weekdays,4,Jacksonville,160,2572.11,16.08,47.4,49.5,50.5,52.6,74.8,40.5,0,0.0
2023-05-16,Tuesday,20,2023,Weekdays,2,Orlando,229,3886.24,16.97,47.4,49.5,50.5,52.6,74.8,40.5,0,0.0
2023-05-16,Tuesday,20,2023,Weekdays,3,Tampa,174,2894.24,16.63,47.4,49.5,50.5,52.6,74.8,40.5,0,0.0
2023-05-17,Wednesday,20,2023,Weekdays,1,Miami Beach,223,4262.06,19.11,46.5,48.8,51.2,53.5,72.4,47.5,1,0.79
2023-05-17,Wednesday,20,2023,Weekdays,4,Jacksonville,190,2933.6,15.44,46.5,48.8,51.2,53.5,72.4,47.5,1,0.79
2023-05-17,Wednesday,20,2023,Weekdays,2,Orlando,169,2768.99,16.38,46.5,48.8,51.2,53.5,72.4,47.5,1,0.79
2023-05-17,Wednesday,20,2023,Weekdays,3,Tampa,180,3176.77,17.65,46.5,48.8,51.2,53.5,72.4,47.5,1,0.79
2023-05-18,Thursday,20,2023,Weekdays,1,Miami Beach,206,3733.73,18.12,47.8,49.9,50.1,52.2,70.0,45.5,0,0.0
2023-05-18,Thursday,20,2023,Weekdays,4,Jacksonville,167,2453.61,14.69,47.8,49.9,50.1,52.2,70.0,45.5,0,0.0
2023-05-18,Thursday,20,2023,Weekdays,2,Orlando,206,3349.23,16.26,47.8,49.9,50.1,52.2,70.0,45.5,0,0.0
2023-05-18,Thursday,20,2023,Weekdays,3,Tampa,211,3888.17,18.43,47.8,49.9,50.1,52.2,70.0,45.5,0,0.0
2023-05-19,Friday,20,2023,Weekdays,1,Miami Beach,268,4612.22,17.21,47.9,47.1,52.9,52.1,76.7,47.4,0,0.0
2023-05-19,Friday,20,2023,Weekdays,4,Jacksonville,189,3210.62,16.99,47.9,47.1,52.9,52.1,76.7,47.4,0,0.0
2023-05-19,Friday,20,2023,Weekdays,3,Tampa,204,3383.63,16.59,47.9,47.1,52.9,52.1,76.7,47.4,0,0.0
2023-05-19,Friday,20,2023,Weekdays,2,Orlando,205,3451.49,16.84,47.9,47.1,52.9,52.1,76.7,47.4,0,0.0
2023-05-20,Saturday,20,2023,Weekends,3,Tampa,227,3625.12,15.97,54.0,48.6,51.4,46.0,67.7,37.2,0,0.0
2023-05-20,Saturday,20,2023,Weekends,1,Miami Beach,272,5142.02,18.9,54.0,48.6,51.4,46.0,67.7,37.2,0,0.0
2023-05-20,Saturday,20,2023,Weekends,2,Orlando,237,4156.47,17.54,54.0,48.6,51.4,46.0,67.7,37.2,0,0.0
2023-05-20,Saturday,20,2023,Weekends,4,Jacksonville,192,3153.92,16.43,54.0,48.6,51.4,46.0,67.7,37.2,0,0.0
2023-05-21,Sunday,21,2023,Weekends,3,Tampa,191,2830.73,14.82,53.3,48.9,51.1,46.7,66.4,57.4,0,0.0
2023-05-21,Sunday,21,2023,Weekends,2,Orlando,225,3768.31,16.75,53.3,48.9,51.1,46.7,66.4,57.4,0,0.0
2023-05-21,Sunday,21,2023,Weekends,4,Jacksonville,190,2829.28,14.89,53.3,48.9,51.1,46.7,66.4,57.4,0,0.0
2023-05-21,Sunday,21,2023,Weekends,1,Miami Beach,235,4476.25,19.05,53.3,48.9,51.1,46.7,66.4,57.4,0,0.0
2023-05-22,Monday,21,2023,Weekdays,1,Miami Beach,235,4390.94,18.68,49.0,49.3,50.7,51.0,70.7,56.6,0,0.0
2023-05-22,Monday,21,2023,Weekdays,4,Jacksonville,146,2172.59,14.88,49.0,49.3,50.7,51.0,70.7,56.6,0,0.0
2023-05-22,Monday,21,2023,Weekdays,3,Tampa,194,3071.14,15.83,49.0,49.3,50.7,51.0,70.7,56.6,0,0.0
2023-05-22,Monday,21,2023,Weekdays,2,Orlando,187,2990.44,15.99,49.0,49.3,50.7,51.0,70.7,56.6,0,0.0
2023-05-23,Tuesday,21,2023,Weekdays,3,Tampa,185,2961.76,16.01,46.4,48.0,52.0,53.6,78.4,44.1,0,0.0
2023-05-23,Tuesday,21,2023,Weekdays,2,Orlando,233,3887.21,16.68,46.4,48.0,52.0,53.6,78.4,44.1,0,0.0
2023-05-23,Tuesday,21,2023,Weekdays,1,Miami Beach,270,4804.33,17.79,46.4,48.0,52.0,53.6,78.4,44.1,0,0.0
2023-05-23,Tuesday,21,2023,Weekdays,4,Jacksonville,202,3199.67,15.84,46.4,48.0,52.0,53.6,78.4,44.1,0,0.0
2023-05-24,Wednesday,21,2023,Weekdays,1,Miami Beach,272,4997.16,18.37,48.5,50.0,50.0,51.5,77.7,52.9,0,0.0
2023-05-24,Wednesday,21,2023,Weekdays,4,Jacksonville,197,3140.41,15.94,48.5,50.0,50.0,51.5,77.7,52.9,0,0.0
2023-05-24,Wednesday,21,2023,Weekdays,3,Tampa,268,4471.05,16.68,48.5,50.0,50.0,51.5,77.7,52.9,0,0.0
2023-05-24,Wednesday,21,2023,Weekdays,2,Orlando,256,3964.24,15.49,48.5,50.0,50.0,51.5,77.7,52.9,0,0.0
2023-05-25,Thursday,21,2023,Weekdays,3,Tampa,206,3492.98,16.96,46.6,48.8,51.2,53.4,75.1,50.1,0,0.0
2023-05-25,Thursday,21,2023,Weekdays,4,Jacksonville,177,2819.56,15.93,46.6,48.8,51.2,53.4,75.1,50.1,0,0.0
2023-05-25,Thursday,21,2023,Weekdays,2,Orlando,223,3663.75,16.43,46.6,48.8,51.2,53.4,75.1,50.1,0,0.0
2023-05-25,Thursday,21,2023,Weekdays,1,Miami Beach,261,5037.02,19.3,46.6,48.8,51.2,53.4,75.1,50.1,0,0.0
2023-05-26,Friday,21,2023,Weekdays,3,Tampa,225,3779.86,16.8,48.8,49.5,50.5,51.2,72.5,41.3,0,0.0
2023-05-26,Friday,21,2023,Weekdays,1,Miami Beach,204,3397.83,16.66,48.8,49.5,50.5,51.2,72.5,41.3,0,0.0
2023-05-26,Friday,21,2023,Weekdays,2,Orlando,206,3689.33,17.91,48.8,49.5,50.5,51.2,72.5,41.3,0,0.0
2023-05-26,Friday,21,2023,Weekdays,4,Jacksonville,160,2450.23,15.31,48.8,49.5,50.5,51.2,72.5,41.3,0,0.0
2023-05-27,Saturday,21,2023,Weekends,4,Jacksonville,187,2888.8,15.45,54.5,50.1,49.9,45.5,74.9,44.5,1,0.47
2023-05-27,Saturday,21,2023,Weekends,3,Tampa,232,3961.37,17.07,54.5,50.1,49.9,45.5,74.9,44.5,1,0.47
2023-05-27,Saturday,21,2023,Weekends,2,Orlando,236,4338.62,18.38,54.5,50.1,49.9,45.5,74.9,44.5,1,0.47
2023-05-27,Saturday,21,2023,Weekends,1,Miami Beach,272,4907.07,18.04,54.5,50.1,49.9,45.5,74.9,44.5,1,0.47
2023-05-28,Sunday,22,2023,Weekends,3,Tampa,216,3448.36,15.96,53.4,48.6,51.4,46.6,68.2,59.8,1,0.76
2023-05-28,Sunday,22,2023,Weekends,1,Miami Beach,264,4195.87,15.89,53.4,48.6,51.4,46.6,68.2,59.8,1,0.76
2023-05-28,Sunday,22,2023,Weekends,2,Orlando,219,3689.44,16.85,53.4,48.6,51.4,46.6,68.2,59.8,1,0.76
2023-05-28,Sunday,22,2023,Weekends,4,Jacksonville,198,2854.49,14.42,53.4,48.6,51.4,46.6,68.2,59.8,1,0.76
2023-05-29,Monday,22,2023,Weekdays,1,Miami Beach,211,4080.73,19.34,48.3,48.2,51.8,51.7,72.4,53.6,1,0.99
2023-05-29,Monday,22,2023,Weekdays,2,Orlando,194,3661.34,18.87,48.3,48.2,51.8,51.7,72.4,53.6,1,0.99
2023-05-29,Monday,22,2023,Weekdays,4,Jacksonville,182,2973.51,16.34,48.3,48.2,51.8,51.7,72.4,53.6,1,0.99
2023-05-29,Monday,22,2023,Weekdays,3,Tampa,181,2870.55,15.86,48.3,48.2,51.8,51.7,72.4,53.6,1,0.99
2023-05-30,Tuesday,22,2023,Weekdays,4,Jacksonville,168,2762.16,16.44,48.4,48.8,51.2,51.6,76.8,56.8,1,1.28
2023-05-30,Tuesday,22,2023,Weekdays,3,Tampa,193,3211.8,16.64,48.4,48.8,51.2,51.6,76.8,56.8,1,1.28
2023-05-30,Tuesday,22,2023,Weekdays,1,Miami Beach,272,5220.23,19.19,48.4,48.8,51.2,51.6,76.8,56.8,1,1.28
2023-05-30,Tuesday,22,2023,Weekdays,2,Orlando,248,4391.79,17.71,48.4,48.8,51.2,51.6,76.8,56.8,1,1.28
2023-05-31,Wednesday,22,2023,Weekdays,3,Tampa,214,3652.6,17.07,45.8,48.6,51.4,54.2,76.4,46.4,0,0.0
2023-05-31,Wednesday,22,2023,Weekdays,2,Orlando,227,3957.86,17.44,45.8,48.6,51.4,54.2,76.4,46.4,0,0.0
2023-05-31,Wednesday,22,2023,Weekdays,4,Jacksonville,169,2359.95,13.96,45.8,48.6,51.4,54.2,76.4,46.4,0,0.0
2023-05-31,Wednesday,22,2023,Weekdays,1,Miami Beach,237,4312.78,18.2,45.8,48.6,51.4,54.2,76.4,46.4,0,0.0
2023-06-01,Thursday,22,2023,Weekdays,2,Orlando,227,4079.34,17.97,47.4,50.7,49.3,52.6,72.8,59.4,0,0.0
2023-06-01,Thursday,22,2023,Weekdays,1,Miami Beach,274,4732.76,17.27,47.4,50.7,49.3,52.6,72.8,59.4,0,0.0
2023-06-01,Thursday,22,2023,Weekdays,4,Jacksonville,181,2905.45,16.05,47.4,50.7,49.3,52.6,72.8,59.4,0,0.0
2023-06-01,Thursday,22,2023,Weekdays,3,Tampa,195,3040.69,15.59,47.4,50.7,49.3,52.6,72.8,59.4,0,0.0
2023-06-02,Friday,22,2023,Weekdays,1,Miami Beach,267,5183.11,19.41,47.7,49.3,50.7,52.3,68.9,50.8,0,0.0
2023-06-02,Friday,22,2023,Weekdays,2,Orlando,187,3511.3,18.78,47.7,49.3,50.7,52.3,68.9,50.8,0,0.0
2023-06-02,Friday,22,2023,Weekdays,4,Jacksonville,204,3159.79,15.49,47.7,49.3,50.7,52.3,68.9,50.8,0,0.0
2023-06-02,Friday,22,2023,Weekdays,3,Tampa,218,3848.05,17.65,47.7,49.3,50.7,52.3,68.9,50.8,0,0.0
2023-06-03,Saturday,22,2023,Weekends,2,Orlando,247,4458.26,18.05,55.2,49.1,50.9,44.8,74.7,41.6,1,0.11
2023-06-03,Saturday,22,2023,Weekends,3,Tampa,251,4154.41,16.55,55.2,49.1,50.9,44.8,74.7,41.6,1,0.11
2023-06-03,Saturday,22,2023,Weekends,1,Miami Beach,317,5482.32,17.29,55.2,49.1,50.9,44.8,74.7,41.6,1,0.11
2023-06-03,Saturday,22,2023,Weekends,4,Jacksonville,200,2995.87,14.98,55.2,49.1,50.9,44.8,74.7,41.6,1,0.11
2023-06-04,Sunday,23,2023,Weekends,2,Orlando,278,4949.16,17.8,52.3,50.4,49.6,47.7,76.6,44.0,0,0.0
2023-06-04,Sunday,23,2023,Weekends,3,Tampa,223,3737.57,16.76,52.3,50.4,49.6,47.7,76.6,44.0,0,0.0
2023-06-04,Sunday,23,2023,Weekends,1,Miami Beach,305,6052.58,19.84,52.3,50.4,49.6,47.7,76.6,44.0,0,0.0
2023-06-04,Sunday,23,2023,Weekends,4,Jacksonville,223,3617.27,16.22,52.3,50.4,49.6,47.7,76.6,44.0,0,0.0
2023-06-05,Monday,23,2023,Weekdays,4,Jacksonville,175,2664.73,15.23,46.4,50.9,49.1,53.6,76.5,58.1,1,0.63
2023-06-05,Monday,23,2023,Weekdays,2,Orlando,263,4537.96,17.25,46.4,50.9,49.1,53.6,76.5,58.1,1,0.63
2023-06-05,Monday,23,2023,Weekdays,3,Tampa,233,3587.1,15.4,46.4,50.9,49.1,53.6,76.5,58.1,1,0.63
2023-06-05,Monday,23,2023,Weekdays,1,Miami Beach,277,5057.1,18.26,46.4,50.9,49.1,53.6,76.5,58.1,1,0.63
2023-06-06,Tuesday,23,2023,Weekdays,1,Miami Beach,283,5762.19,20.36,46.4,49.4,50.6,53.6,74.9,58.4,0,0.0
2023-06-06,Tuesday,23,2023,Weekdays,4,Jacksonville,179,2880.31,16.09,46.4,49.4,50.6,53.6,74.9,58.4,0,0.0
2023-06-06,Tuesday,23,2023,Weekdays,3,Tampa,225,3863.73,17.17,46.4,49.4,50.6,53.6,74.9,58.4,0,0.0
2023-06-06,Tuesday,23,2023,Weekdays,2,Orlando,243,4068.1,16.74,46.4,49.4,50.6,53.6,74.9,58.4,0,0.0
2023-06-07,Wednesday,23,2023,Weekdays,3,Tampa,197,3292.69,16.71,48.7,50.0,50.0,51.3,73.2,53.4,1,1.85
2023-06-07,Wednesday,23,2023,Weekdays,1,Miami Beach,260,4847.43,18.64,48.7,50.0,50.0,51.3,73.2,53.4,1,1.85
2023-06-07,Wednesday,23,2023,Weekdays,2,Orlando,217,3692.44,17.02,48.7,50.0,50.0,51.3,73.2,53.4,1,1.85
2023-06-07,Wednesday,23,2023,Weekdays,4,Jacksonville,164,2658.23,16.21,48.7,50.0,50.0,51.3,73.2,53.4,1,1.85
2023-06-08,Thursday,23,2023,Weekdays,2,Orlando,244,4326.43,17.73,48.4,51.4,48.6,51.6,78.6,64.7,1,0.81
2023-06-08,Thursday,23,2023,Weekdays,3,Tampa,184,2762.65,15.01,48.4,51.4,48.6,51.6,78.6,64.7,1,0.81
2023-06-08,Thursday,23,2023,Weekdays,4,Jacksonville,213,3170.61,14.89,48.4,51.4,48.6,51.6,78.6,64.7,1,0.81
2023-06-08,Thursday,23,2023,Weekdays,1,Miami Beach,257,4846.99,18.86,48.4,51.4,48.6,51.6,78.6,64.7,1,0.81
2023-06-09,Friday,23,2023,Weekdays,4,Jacksonville,180,2741.52,15.23,46.1,50.0,50.0,53.9,74.3,62.3,1,0.49
2023-06-09,Friday,23,2023,Weekdays,3,Tampa,218,3321.87,15.24,46.1,50.0,50.0,53.9,74.3,62.3,1,0.49
2023-06-09,Friday,23,2023,Weekdays,1,Miami Beach,241,4702.72,19.51,46.1,50.0,50.0,53.9,74.3,62.3,1,0.49
2023-06-09,Friday,23,2023,Weekdays,2,Orlando,235,3987.83,16.97,46.1,50.0,50.0,53.9,74.3,62.3,1,0.49
2023-06-10,Saturday,23,2023,Weekends,2,Orlando,256,4390.92,17.15,52.6,49.4,50.6,47.4,74.8,58.9,0,0.0
2023-06-10,Saturday,23,2023,Weekends,3,Tampa,242,3804.9,15.72,52.6,49.4,50.6,47.4,74.8,58.9,0,0.0
2023-06-10,Saturday,23,2023,Weekends,1,Miami Beach,288,5400.66,18.75,52.6,49.4,50.6,47.4,74.8,58.9,0,0.0
2023-06-10,Saturday,23,2023,Weekends,4,Jacksonville,234,3896.41,16.65,52.6,49.4,50.6,47.4,74.8,58.9,0,0.0
2023-06-11,Sunday,24,2023,Weekends,4,Jacksonville,245,4123.0,16.83,55.8,52.1,47.9,44.2,78.3,50.2,0,0.0
2023-06-11,Sunday,24,2023,Weekends,3,Tampa,268,4935.54,18.42,55.8,52.1,47.9,44.2,78.3,50.2,0,0.0
2023-06-11,Sunday,24,2023,Weekends,2,Orlando,276,4705.92,17.05,55.8,52.1,47.9,44.2,78.3,50.2,0,0.0
2023-06-11,Sunday,24,2023,Weekends,1,Miami Beach,319,5711.44,17.9,55.8,52.1,47.9,44.2,78.3,50.2,0,0.0
2023-06-12,Monday,24,2023,Weekdays,2,Orlando,245,4403.21,17.97,47.2,48.9,51.1,52.8,75.8,55.5,0,0.0
2023-06-12,Monday,24,2023,Weekdays,1,Miami Beach,246,4214.26,17.13,47.2,48.9,51.1,52.8,75.8,55.5,0,0.0
2023-06-12,Monday,24,2023,Weekdays,3,Tampa,234,4073.86,17.41,47.2,48.9,51.1,52.8,75.8,55.5,0,0.0
2023-06-12,Monday,24,2023,Weekdays,4,Jacksonville,188,2835.16,15.08,47.2,48.9,51.1,52.8,75.8,55.5,0,0.0
2023-06-13,Tuesday,24,2023,Weekdays,4,Jacksonville,218,3271.91,15.01,48.3,50.1,49.9,51.7,82.7,57.7,1,0.67
2023-06-13,Tuesday,24,2023,Weekdays,2,Orlando,267,4214.41,15.78,48.3,50.1,49.9,51.7,82.7,57.7,1,0.67
2023-06-13,Tuesday,24,2023,Weekdays,3,Tampa,234,3772.15,16.12,48.3,50.1,49.9,51.7,82.7,57.7,1,0.67
2023-06-13,Tuesday,24,2023,Weekdays,1,Miami Beach,266,4521.42,17.0,48.3,50.1,49.9,51.7,82.7,57.7,1,0.67
2023-06-14,Wednesday,24,2023,Weekdays,4,Jacksonville,186,2712.57,14.58,46.6,50.7,49.3,53.4,76.9,62.0,1,1.6
2023-06-14,Wednesday,24,2023,Weekdays,3,Tampa,242,3896.59,16.1,46.6,50.7,49.3,53.4,76.9,62.0,1,1.6
2023-06-14,Wednesday,24,2023,Weekdays,2,Orlando,254,4405.3,17.34,46.6,50.7,49.3,53.4,76.9,62.0,1,1.6
2023-06-14,Wednesday,24,2023,Weekdays,1,Miami Beach,248,4666.33,18.82,46.6,50.7,49.3,53.4,76.9,62.0,1,1.6
2023-06-15,Thursday,24,2023,Weekdays,2,Orlando,239,3868.56,16.19,47.1,51.0,49.0,52.9,78.5,58.7,0,0.0
2023-06-15,Thursday,24,2023,Weekdays,3,Tampa,263,3980.86,15.14,47.1,51.0,49.0,52.9,78.5,58.7,0,0.0
2023-06-15,Thursday,24,2023,Weekdays,1,Miami Beach,297,5761.75,19.4,47.1,51.0,49.0,52.9,78.5,58.7,0,0.0
2023-06-15,Thursday,24,2023,Weekdays,4,Jacksonville,192,2910.52,15.16,47.1,51.0,49.0,52.9,78.5,58.7,0,0.0
2023-06-16,Friday,24,2023,Weekdays,3,Tampa,239,4072.03,17.04,47.9,49.4,50.6,52.1,82.1,57.6,0,0.0
2023-06-16,Friday,24,2023,Weekdays,2,Orlando,263,4527.07,17.21,47.9,49.4,50.6,52.1,82.1,57.6,0,0.0
2023-06-16,Friday,24,2023,Weekdays,1,Miami Beach,309,5600.7,18.13,47.9,49.4,50.6,52.1,82.1,57.6,0,0.0
2023-06-16,Friday,24,2023,Weekdays,4,Jacksonville,252,3537.06,14.04,47.9,49.4,50.6,52.1,82.1,57.6,0,0.0
2023-06-17,Saturday,24,2023,Weekends,4,Jacksonville,249,3707.53,14.89,53.5,51.2,48.8,46.5,83.5,56.4,0,0.0
2023-06-17,Saturday,24,2023,Weekends,2,Orlando,314,5565.79,17.73,53.5,51.2,48.8,46.5,83.5,56.4,0,0.0
2023-06-17,Saturday,24,2023,Weekends,3,Tampa,297,4902.89,16.51,53.5,51.2,48.8,46.5,83.5,56.4,0,0.0
2023-06-17,Saturday,24,2023,Weekends,1,Miami Beach,367,6833.46,18.62,53.5,51.2,48.8,46.5,83.5,56.4,0,0.0
2023-06-18,Sunday,25,2023,Weekends,3,Tampa,249,4001.92,16.07,54.3,50.8,49.2,45.7,71.9,60.0,0,0.0
2023-06-18,Sunday,25,2023,Weekends,2,Orlando,250,4247.31,16.99,54.3,50.8,49.2,45.7,71.9,60.0,0,0.0
2023-06-18,Sunday,25,2023,Weekends,4,Jacksonville,239,3571.75,14.94,54.3,50.8,49.2,45.7,71.9,60.0,0,0.0
2023-06-18,Sunday,25,2023,Weekends,1,Miami Beach,319,5950.27,18.65,54.3,50.8,49.2,45.7,71.9,60.0,0,0.0
2023-06-19,Monday,25,2023,Weekdays,4,Jacksonville,202,3373.04,16.7,45.5,51.3,48.7,54.5,78.5,58.4,1,0.07
2023-06-19,Monday,25,2023,Weekdays,1,Miami Beach,259,5006.84,19.33,45.5,51.3,48.7,54.5,78.5,58.4,1,0.07
2023-06-19,Monday,25,2023,Weekdays,3,Tampa,222,3635.06,16.37,45.5,51.3,48.7,54.5,78.5,58.4,1,0.07
2023-06-19,Monday,25,2023,Weekdays,2,Orlando,227,3548.07,15.63,45.5,51.3,48.7,54.5,78.5,58.4,1,0.07
2023-06-20,Tuesday,25,2023,Weekdays,2,Orlando,258,4345.3,16.84,47.8,49.9,50.1,52.2,72.7,64.4,0,0.0
2023-06-20,Tuesday,25,2023,Weekdays,3,Tampa,212,3387.85,15.98,47.8,49.9,50.1,52.2,72.7,64.4,0,0.0
2023-06-20,Tuesday,25,2023,Weekdays,4,Jacksonville,202,3022.72,14.96,47.8,49.9,50.1,52.2,72.7,64.4,0,0.0
2023-06-20,Tuesday,25,2023,Weekdays,1,Miami Beach,238,4653.55,19.55,47.8,49.9,50.1,52.2,72.7,64.4,0,0.0
2023-06-21,Wednesday,25,2023,Weekdays,3,Tampa,211,3445.64,16.33,48.5,51.9,48.1,51.5,77.3,59.0,0,0.0
2023-06-21,Wednesday,25,2023,Weekdays,4,Jacksonville,196,3018.36,15.4,48.5,51.9,48.1,51.5,77.3,59.0,0,0.0
2023-06-21,Wednesday,25,2023,Weekdays,2,Orlando,226,4416.57,19.54,48.5,51.9,48.1,51.5,77.3,59.0,0,0.0
2023-06-21,Wednesday,25,2023,Weekdays,1,Miami Beach,296,5945.58,20.09,48.5,51.9,48.1,51.5,77.3,59.0,0,0.0
2023-06-22,Thursday,25,2023,Weekdays,4,Jacksonville,198,2849.99,14.39,47.2,48.8,51.2,52.8,78.7,48.7,0,0.0
2023-06-22,Thursday,25,2023,Weekdays,2,Orlando,234,3978.13,17.0,47.2,48.8,51.2,52.8,78.7,48.7,0,0.0
2023-06-22,Thursday,25,2023,Weekdays,1,Miami Beach,294,5523.44,18.79,47.2,48.8,51.2,52.8,78.7,48.7,0,0.0
2023-06-22,Thursday,25,2023,Weekdays,3,Tampa,267,4445.17,16.65,47.2,48.8,51.2,52.8,78.7,48.7,0,0.0
2023-06-23,Friday,25,2023,Weekdays,3,Tampa,265,3718.18,14.03,48.1,51.8,48.2,51.9,81.4,60.4,1,1.02
2023-06-23,Friday,25,2023,Weekdays,1,Miami Beach,279,5200.95,18.64,48.1,51.8,48.2,51.9,81.4,60.4,1,1.02
2023-06-23,Friday,25,2023,Weekdays,2,Orlando,248,4159.36,16.77,48.1,51.8,48.2,51.9,81.4,60.4,1,1.02
2023-06-23,Friday,25,2023,Weekdays,4,Jacksonville,199,3007.16,15.11,48.1,51.8,48.2,51.9,81.4,60.4,1,1.02
2023-06-24,Saturday,25,2023,Weekends,2,Orlando,314,5447.7,17.35,53.2,50.6,49.4,46.8,86.1,56.7,1,1.04
2023-06-24,Saturday,25,2023,Weekends,4,Jacksonville,232,3793.42,16.35,53.2,50.6,49.4,46.8,86.1,56.7,1,1.04
2023-06-24,Saturday,25,2023,Weekends,3,Tampa,288,4722.63,16.4,53.2,50.6,49.4,46.8,86.1,56.7,1,1.04
2023-06-24,Saturday,25,2023,Weekends,1,Miami Beach,339,6397.86,18.87,53.2,50.6,49.4,46.8,86.1,56.7,1,1.04
2023-06-25,Sunday,26,2023,Weekends,4,Jacksonville,207,3357.73,16.22,52.3,51.7,48.3,47.7,73.9,50.8,0,0.0
2023-06-25,Sunday,26,2023,Weekends,3,Tampa,205,3602.56,17.57,52.3,51.7,48.3,47.7,73.9,50.8,0,0.0
2023-06-25,Sunday,26,2023,Weekends,1,Miami Beach,341,6696.04,19.64,52.3,51.7,48.3,47.7,73.9,50.8,0,0.0
2023-06-25,Sunday,26,2023,Weekends,2,Orlando,254,4594.53,18.09,52.3,51.7,48.3,47.7,73.9,50.8,0,0.0
2023-06-26,Monday,26,2023,Weekdays,1,Miami Beach,352,6698.74,19.03,47.4,49.5,50.5,52.6,85.7,63.4,0,0.0
2023-06-26,Monday,26,2023,Weekdays,2,Orlando,243,4477.21,18.42,47.4,49.5,50.5,52.6,85.7,63.4,0,0.0
2023-06-26,Monday,26,2023,Weekdays,3,Tampa,256,3900.16,15.23,47.4,49.5,50.5,52.6,85.7,63.4,0,0.0
2023-06-26,Monday,26,2023,Weekdays,4,Jacksonville,242,3650.04,15.08,47.4,49.5,50.5,52.6,85.7,63.4,0,0.0
2023-06-27,Tuesday,26,2023,Weekdays,4,Jacksonville,158,2253.64,14.26,47.8,51.1,48.9,52.2,80.3,56.4,1,2.45
2023-06-27,Tuesday,26,2023,Weekdays,3,Tampa,238,4099.07,17.22,47.8,51.1,48.9,52.2,80.3,56.4,1,2.45
2023-06-27,Tuesday,26,2023,Weekdays,2,Orlando,207,3498.21,16.9,47.8,51.1,48.9,52.2,80.3,56.4,1,2.45
2023-06-27,Tuesday,26,2023,Weekdays,1,Miami Beach,257,5045.32,19.63,47.8,51.1,48.9,52.2,80.3,56.4,1,2.45
2023-06-28,Wednesday,26,2023,Weekdays,1,Miami Beach,302,5901.02,19.54,46.8,50.8,49.2,53.2,79.3,65.5,0,0.0
2023-06-28,Wednesday,26,2023,Weekdays,4,Jacksonville,211,3451.21,16.36,46.8,50.8,49.2,53.2,79.3,65.5,0,0.0
2023-06-28,Wednesday,26,2023,Weekdays,3,Tampa,241,3981.02,16.52,46.8,50.8,49.2,53.2,79.3,65.5,0,0.0
2023-06-28,Wednesday,26,2023,Weekdays,2,Orlando,211,3399.86,16.11,46.8,50.8,49.2,53.2,79.3,65.5,0,0.0
2023-06-29,Thursday,26,2023,Weekdays,2,Orlando,266,4193.06,15.76,47.5,51.5,48.5,52.5,83.2,75.7,1,0.11
2023-06-29,Thursday,26,2023,Weekdays,1,Miami Beach,296,5546.92,18.74,47.5,51.5,48.5,52.5,83.2,75.7,1,0.11
2023-06-29,Thursday,26,2023,Weekdays,3,Tampa,227,3786.74,16.68,47.5,51.5,48.5,52.5,83.2,75.7,1,0.11
2023-06-29,Thursday,26,2023,Weekdays,4,Jacksonville,231,3383.09,14.65,47.5,51.5,48.5,52.5,83.2,75.7,1,0.11
2023-06-30,Friday,26,2023,Weekdays,2,Orlando,231,4420.77,19.14,46.4,51.3,48.7,53.6,78.1,58.9,1,0.96
2023-06-30,Friday,26,2023,Weekdays,4,Jacksonville,196,3035.71,15.49,46.4,51.3,48.7,53.6,78.1,58.9,1,0.96
2023-06-30,Friday,26,2023,Weekdays,1,Miami Beach,269,4935.63,18.35,46.4,51.3,48.7,53.6,78.1,58.9,1,0.96
2023-06-30,Friday,26,2023,Weekdays,3,Tampa,262,4062.51,15.51,46.4,51.3,48.7,53.6,78.1,58.9,1,0.96
2023-07-01,Saturday,26,2023,Weekends,3,Tampa,307,5342.18,17.4,53.6,51.1,48.9,46.4,83.5,65.1,0,0.0
2023-07-01,Saturday,26,2023,Weekends,4,Jacksonville,232,3629.28,15.64,53.6,51.1,48.9,46.4,83.5,65.1,0,0.0
2023-07-01,Saturday,26,2023,Weekends,2,Orlando,287,4756.55,16.57,53.6,51.1,48.9,46.4,83.5,65.1,0,0.0
2023-07-01,Saturday,26,2023,Weekends,1,Miami Beach,358,6942.89,19.39,53.6,51.1,48.9,46.4,83.5,65.1,0,0.0
2023-07-02,Sunday,27,2023,Weekends,2,Orlando,229,3851.43,16.82,53.1,51.7,48.3,46.9,77.0,61.3,1,2.08
2023-07-02,Sunday,27,2023,Weekends,4,Jacksonville,198,2940.63,14.85,53.1,51.7,48.3,46.9,77.0,61.3,1,2.08
2023-07-02,Sunday,27,2023,Weekends,3,Tampa,204,3733.59,18.3,53.1,51.7,48.3,46.9,77.0,61.3,1,2.08
2023-07-02,Sunday,27,2023,Weekends,1,Miami Beach,317,5876.9,18.54,53.1,51.7,48.3,46.9,77.0,61.3,1,2.08
2023-07-03,Monday,27,2023,Weekdays,2,Orlando,252,4328.89,17.18,48.8,49.1,50.9,51.2,82.9,69.5,1,1.27
2023-07-03,Monday,27,2023,Weekdays,1,Miami Beach,315,6034.82,19.16,48.8,49.1,50.9,51.2,82.9,69.5,1,1.27
2023-07-03,Monday,27,2023,Weekdays,4,Jacksonville,216,3405.29,15.77,48.8,49.1,50.9,51.2,82.9,69.5,1,1.27
2023-07-03,Monday,27,2023,Weekdays,3,Tampa,247,3784.26,15.32,48.8,49.1,50.9,51.2,82.9,69.5,1,1.27
2023-07-04,Tuesday,27,2023,Weekdays,1,Miami Beach,302,5527.81,18.3,47.0,51.1,48.9,53.0,82.7,56.7,1,0.51
2023-07-04,Tuesday,27,2023,Weekdays,3,Tampa,264,4603.45,17.44,47.0,51.1,48.9,53.0,82.7,56.7,1,0.51
2023-07-04,Tuesday,27,2023,Weekdays,4,Jacksonville,241,4005.52,16.62,47.0,51.1,48.9,53.0,82.7,56.7,1,0.51
2023-07-04,Tuesday,27,2023,Weekdays,2,Orlando,285,4463.41,15.66,47.0,51.1,48.9,53.0,82.7,56.7,1,0.51
2023-07-05,Wednesday,27,2023,Weekdays,3,Tampa,278,3908.05,14.06,46.7,51.7,48.3,53.3,77.6,64.3,0,0.0
2023-07-05,Wednesday,27,2023,Weekdays,2,Orlando,265,4515.27,17.04,46.7,51.7,48.3,53.3,77.6,64.3,0,0.0
2023-07-05,Wednesday,27,2023,Weekdays,4,Jacksonville,193,2932.23,15.19,46.7,51.7,48.3,53.3,77.6,64.3,0,0.0
2023-07-05,Wednesday,27,2023,Weekdays,1,Miami Beach,281,5080.86,18.08,46.7,51.7,48.3,53.3,77.6,64.3,0,0.0
2023-07-06,Thursday,27,2023,Weekdays,4,Jacksonville,158,2642.06,16.72,46.3,51.4,48.6,53.7,79.9,68.8,1,0.95
2023-07-06,Thursday,27,2023,Weekdays,3,Tampa,235,3793.59,16.14,46.3,51.4,48.6,53.7,79.9,68.8,1,0.95
2023-07-06,Thursday,27,2023,Weekdays,1,Miami Beach,241,4427.72,18.37,46.3,51.4,48.6,53.7,79.9,68.8,1,0.95
2023-07-06,Thursday,27,2023,Weekdays,2,Orlando,254,4572.84,18.0,46.3,51.4,48.6,53.7,79.9,68.8,1,0.95
2023-07-07,Friday,27,2023,Weekdays,1,Miami Beach,272,5360.12,19.71,45.4,51.1,48.9,54.6,77.3,61.0,0,0.0
2023-07-07,Friday,27,2023,Weekdays,3,Tampa,240,3812.3,15.88,45.4,51.1,48.9,54.6,77.3,61.0,0,0.0
2023-07-07,Friday,27,2023,Weekdays,4,Jacksonville,181,2879.1,15.91,45.4,51.1,48.9,54.6,77.3,61.0,0,0.0
2023-07-07,Friday,27,2023,Weekdays,2,Orlando,241,3912.66,16.24,45.4,51.1,48.9,54.6,77.3,61.0,0,0.0
2023-07-08,Saturday,27,2023,Weekends,1,Miami Beach,369,7349.77,19.92,51.9,50.8,49.2,48.1,82.0,63.8,1,0.57
2023-07-08,Saturday,27,2023,Weekends,2,Orlando,287,4849.16,16.9,51.9,50.8,49.2,48.1,82.0,63.8,1,0.57
2023-07-08,Saturday,27,2023,Weekends,3,Tampa,278,4527.58,16.29,51.9,50.8,49.2,48.1,82.0,63.8,1,0.57
2023-07-08,Saturday,27,2023,Weekends,4,Jacksonville,238,3552.52,14.93,51.9,50.8,49.2,48.1,82.0,63.8,1,0.57
2023-07-09,Sunday,28,2023,Weekends,2,Orlando,292,4833.54,16.55,52.4,50.7,49.3,47.6,79.1,61.1,0,0.0
2023-07-09,Sunday,28,2023,Weekends,4,Jacksonville,224,3739.6,16.69,52.4,50.7,49.3,47.6,79.1,61.1,0,0.0
2023-07-09,Sunday,28,2023,Weekends,1,Miami Beach,308,4961.76,16.11,52.4,50.7,49.3,47.6,79.1,61.1,0,0.0
2023-07-09,Sunday,28,2023,Weekends,3,Tampa,248,3702.15,14.93,52.4,50.7,49.3,47.6,79.1,61.1,0,0.0
2023-07-10,Monday,28,2023,Weekdays,2,Orlando,271,4529.69,16.71,46.3,52.7,47.3,53.7,80.7,69.6,1,1.0
2023-07-10,Monday,28,2023,Weekdays,4,Jacksonville,211,3244.55,15.38,46.3,52.7,47.3,53.7,80.7,69.6,1,1.0
2023-07-10,Monday,28,2023,Weekdays,1,Miami Beach,325,5847.55,17.99,46.3,52.7,47.3,53.7,80.7,69.6,1,1.0
2023-07-10,Monday,28,2023,Weekdays,3,Tampa,256,4024.24,15.72,46.3,52.7,47.3,53.7,80.7,69.6,1,1.0
2023-07-11,Tuesday,28,2023,Weekdays,4,Jacksonville,248,3909.34,15.76,48.2,50.6,49.4,51.8,83.3,68.5,0,0.0
2023-07-11,Tuesday,28,2023,Weekdays,3,Tampa,260,4291.73,16.51,48.2,50.6,49.4,51.8,83.3,68.5,0,0.0
2023-07-11,Tuesday,28,2023,Weekdays,2,Orlando,261,4528.92,17.35,48.2,50.6,49.4,51.8,83.3,68.5,0,0.0
2023-07-11,Tuesday,28,2023,Weekdays,1,Miami Beach,309,6126.02,19.83,48.2,50.6,49.4,51.8,83.3,68.5,0,0.0
2023-07-12,Wednesday,28,2023,Weekdays,3,Tampa,217,3564.23,16.43,46.7,51.2,48.8,53.3,82.7,70.1,0,0.0
2023-07-12,Wednesday,28,2023,Weekdays,2,Orlando,259,4774.54,18.43,46.7,51.2,48.8,53.3,82.7,70.1,0,0.0
2023-07-12,Wednesday,28,2023,Weekdays,4,Jacksonville,238,3824.83,16.07,46.7,51.2,48.8,53.3,82.7,70.1,0,0.0
2023-07-12,Wednesday,28,2023,Weekdays,1,Miami Beach,343,6295.88,18.36,46.7,51.2,48.8,53.3,82.7,70.1,0,0.0
2023-07-13,Thursday,28,2023,Weekdays,1,Miami Beach,351,6422.2,18.3,45.6,51.0,49.0,54.4,84.7,68.9,1,1.2
2023-07-13,Thursday,28,2023,Weekdays,4,Jacksonville,210,3324.25,15.83,45.6,51.0,49.0,54.4,84.7,68.9,1,1.2
2023-07-13,Thursday,28,2023,Weekdays,2,Orlando,263,4929.32,18.74,45.6,51.0,49.0,54.4,84.7,68.9,1,1.2
2023-07-13,Thursday,28,2023,Weekdays,3,Tampa,268,4410.75,16.46,45.6,51.0,49.0,54.4,84.7,68.9,1,1.2
2023-07-14,Friday,28,2023,Weekdays,4,Jacksonville,197,3175.83,16.12,47.0,50.6,49.4,53.0,89.0,68.8,1,1.11
2023-07-14,Friday,28,2023,Weekdays,1,Miami Beach,334,5730.79,17.16,47.0,50.6,49.4,53.0,89.0,68.8,1,1.11
2023-07-14,Friday,28,2023,Weekdays,3,Tampa,290,5179.64,17.86,47.0,50.6,49.4,53.0,89.0,68.8,1,1.11
2023-07-14,Friday,28,2023,Weekdays,2,Orlando,266,4868.26,18.3,47.0,50.6,49.4,53.0,89.0,68.8,1,1.11
2023-07-15,Saturday,28,2023,Weekends,3,Tampa,282,4434.33,15.72,52.7,52.1,47.9,47.3,81.3,72.4,0,0.0
2023-07-15,Saturday,28,2023,Weekends,1,Miami Beach,332,6439.14,19.39,52.7,52.1,47.9,47.3,81.3,72.4,0,0.0
2023-07-15,Saturday,28,2023,Weekends,2,Orlando,309,5014.71,16.23,52.7,52.1,47.9,47.3,81.3,72.4,0,0.0
2023-07-15,Saturday,28,2023,Weekends,4,Jacksonville,220,3676.34,16.71,52.7,52.1,47.9,47.3,81.3,72.4,0,0.0
2023-07-16,Sunday,29,2023,Weekends,1,Miami Beach,312,5789.85,18.56,55.4,51.7,48.3,44.6,80.7,73.6,1,0.31
2023-07-16,Sunday,29,2023,Weekends,4,Jacksonville,229,3960.15,17.29,55.4,51.7,48.3,44.6,80.7,73.6,1,0.31
2023-07-16,Sunday,29,2023,Weekends,2,Orlando,277,5117.28,18.47,55.4,51.7,48.3,44.6,80.7,73.6,1,0.31
2023-07-16,Sunday,29,2023,Weekends,3,Tampa,270,4569.46,16.92,55.4,51.7,48.3,44.6,80.7,73.6,1,0.31
2023-07-17,Monday,29,2023,Weekdays,1,Miami Beach,323,6028.08,18.66,47.0,54.3,45.7,53.0,87.8,62.5,0,0.0
2023-07-17,Monday,29,2023,Weekdays,4,Jacksonville,256,4178.58,16.32,47.0,54.3,45.7,53.0,87.8,62.5,0,0.0
2023-07-17,Monday,29,2023,Weekdays,2,Orlando,287,5044.2,17.58,47.0,54.3,45.7,53.0,87.8,62.5,0,0.0
2023-07-17,Monday,29,2023,Weekdays,3,Tampa,267,4142.22,15.51,47.0,54.3,45.7,53.0,87.8,62.5,0,0.0
2023-07-18,Tuesday,29,2023,Weekdays,3,Tampa,297,4532.13,15.26,47.1,52.0,48.0,52.9,85.0,70.3,0,0.0
2023-07-18,Tuesday,29,2023,Weekdays,2,Orlando,277,5133.03,18.53,47.1,52.0,48.0,52.9,85.0,70.3,0,0.0
2023-07-18,Tuesday,29,2023,Weekdays,1,Miami Beach,322,6353.7,19.73,47.1,52.0,48.0,52.9,85.0,70.3,0,0.0
2023-07-18,Tuesday,29,2023,Weekdays,4,Jacksonville,263,4066.02,15.46,47.1,52.0,48.0,52.9,85.0,70.3,0,0.0
2023-07-19,Wednesday,29,2023,Weekdays,3,Tampa,254,4163.26,16.39,45.9,51.7,48.3,54.1,84.6,72.9,0,0.0
2023-07-19,Wednesday,29,2023,Weekdays,4,Jacksonville,245,3435.01,14.02,45.9,51.7,48.3,54.1,84.6,72.9,0,0.0
2023-07-19,Wednesday,29,2023,Weekdays,1,Miami Beach,321,5996.89,18.68,45.9,51.7,48.3,54.1,84.6,72.9,0,0.0
2023-07-19,Wednesday,29,2023,Weekdays,2,Orlando,286,5330.06,18.64,45.9,51.7,48.3,54.1,84.6,72.9,0,0.0
2023-07-20,Thursday,29,2023,Weekdays,1,Miami Beach,315,6058.46,19.23,47.6,51.8,48.2,52.4,85.7,68.3,0,0.0
2023-07-20,Thursday,29,2023,Weekdays,2,Orlando,311,5473.83,17.6,47.6,51.8,48.2,52.4,85.7,68.3,0,0.0
2023-07-20,Thursday,29,2023,Weekdays,3,Tampa,208,3489.33,16.78,47.6,51.8,48.2,52.4,85.7,68.3,0,0.0
2023-07-20,Thursday,29,2023,Weekdays,4,Jacksonville,230,3923.13,17.06,47.6,51.8,48.2,52.4,85.7,68.3,0,0.0
2023-07-21,Friday,29,2023,Weekdays,2,Orlando,274,4585.18,16.73,45.6,52.3,47.7,54.4,83.4,68.1,0,0.0
2023-07-21,Friday,29,2023,Weekdays,4,Jacksonville,232,3588.78,15.47,45.6,52.3,47.7,54.4,83.4,68.1,0,0.0
2023-07-21,Friday,29,2023,Weekdays,1,Miami Beach,323,5685.53,17.6,45.6,52.3,47.7,54.4,83.4,68.1,0,0.0
2023-07-21,Friday,29,2023,Weekdays,3,Tampa,226,3905.15,17.28,45.6,52.3,47.7,54.4,83.4,68.1,0,0.0
2023-07-22,Saturday,29,2023,Weekends,1,Miami Beach,366,7136.54,19.5,53.7,52.4,47.6,46.3,83.0,61.9,1,0.49
2023-07-22,Saturday,29,2023,Weekends,4,Jacksonville,219,3456.84,15.78,53.7,52.4,47.6,46.3,83.0,61.9,1,0.49
2023-07-22,Saturday,29,2023,Weekends,3,Tampa,270,4905.63,18.17,53.7,52.4,47.6,46.3,83.0,61.9,1,0.49
2023-07-22,Saturday,29,2023,Weekends,2,Orlando,297,5394.44,18.16,53.7,52.4,47.6,46.3,83.0,61.9,1,0.49
2023-07-23,Sunday,30,2023,Weekends,2,Orlando,309,5404.08,17.49,54.1,52.9,47.1,45.9,84.9,70.7,1,0.01
2023-07-23,Sunday,30,2023,Weekends,3,Tampa,291,4717.09,16.21,54.1,52.9,47.1,45.9,84.9,70.7,1,0.01
2023-07-23,Sunday,30,2023,Weekends,4,Jacksonville,272,4020.32,14.78,54.1,52.9,47.1,45.9,84.9,70.7,1,0.01
2023-07-23,Sunday,30,2023,Weekends,1,Miami Beach,375,6685.46,17.83,54.1,52.9,47.1,45.9,84.9,70.7,1,0.01
2023-07-24,Monday,30,2023,Weekdays,2,Orlando,298,4990.46,16.75,47.1,52.8,47.2,52.9,88.9,58.4,1,0.48
2023-07-24,Monday,30,2023,Weekdays,3,Tampa,295,4651.5,15.77,47.1,52.8,47.2,52.9,88.9,58.4,1,0.48
2023-07-24,Monday,30,2023,Weekdays,1,Miami Beach,330,6018.72,18.24,47.1,52.8,47.2,52.9,88.9,58.4,1,0.48
2023-07-24,Monday,30,2023,Weekdays,4,Jacksonville,224,3498.33,15.62,47.1,52.8,47.2,52.9,88.9,58.4,1,0.48
2023-07-25,Tuesday,30,2023,Weekdays,1,Miami Beach,292,5456.83,18.69,46.3,51.4,48.6,53.7,82.1,78.7,0,0.0
2023-07-25,Tuesday,30,2023,Weekdays,4,Jacksonville,230,3622.17,15.75,46.3,51.4,48.6,53.7,82.1,78.7,0,0.0
2023-07-25,Tuesday,30,2023,Weekdays,2,Orlando,258,4546.78,17.62,46.3,51.4,48.6,53.7,82.1,78.7,0,0.0
2023-07-25,Tuesday,30,2023,Weekdays,3,Tampa,256,4374.92,17.09,46.3,51.4,48.6,53.7,82.1,78.7,0,0.0
2023-07-26,Wednesday,30,2023,Weekdays,3,Tampa,270,4851.1,17.97,48.6,52.7,47.3,51.4,88.4,69.8,1,1.02
2023-07-26,Wednesday,30,2023,Weekdays,4,Jacksonville,218,3531.9,16.2,48.6,52.7,47.3,51.4,88.4,69.8,1,1.02
2023-07-26,Wednesday,30,2023,Weekdays,1,Miami Beach,355,6810.6,19.18,48.6,52.7,47.3,51.4,88.4,69.8,1,1.02
2023-07-26,Wednesday,30,2023,Weekdays,2,Orlando,256,4298.27,16.79,48.6,52.7,47.3,51.4,88.4,69.8,1,1.02
2023-07-27,Thursday,30,2023,Weekdays,2,Orlando,277,4535.18,16.37,45.7,53.0,47.0,54.3,85.4,78.3,0,0.0
2023-07-27,Thursday,30,2023,Weekdays,1,Miami Beach,329,5967.78,18.14,45.7,53.0,47.0,54.3,85.4,78.3,0,0.0
2023-07-27,Thursday,30,2023,Weekdays,4,Jacksonville,224,3832.6,17.11,45.7,53.0,47.0,54.3,85.4,78.3,0,0.0
2023-07-27,Thursday,30,2023,Weekdays,3,Tampa,283,4458.44,15.75,45.7,53.0,47.0,54.3,85.4,78.3,0,0.0
2023-07-28,Friday,30,2023,Weekdays,3,Tampa,259,4353.17,16.81,47.4,51.3,48.7,52.6,86.2,62.3,0,0.0
2023-07-28,Friday,30,2023,Weekdays,2,Orlando,284,4849.1,17.07,47.4,51.3,48.7,52.6,86.2,62.3,0,0.0
2023-07-28,Friday,30,2023,Weekdays,4,Jacksonville,199,2955.29,14.85,47.4,51.3,48.7,52.6,86.2,62.3,0,0.0
2023-07-28,Friday,30,2023,Weekdays,1,Miami Beach,333,5359.86,16.1,47.4,51.3,48.7,52.6,86.2,62.3,0,0.0
2023-07-29,Saturday,30,2023,Weekends,3,Tampa,296,4751.67,16.05,52.2,52.1,47.9,47.8,84.5,63.8,0,0.0
2023-07-29,Saturday,30,2023,Weekends,2,Orlando,343,5712.54,16.65,52.2,52.1,47.9,47.8,84.5,63.8,0,0.0
2023-07-29,Saturday,30,2023,Weekends,1,Miami Beach,342,6453.99,18.87,52.2,52.1,47.9,47.8,84.5,63.8,0,0.0
2023-07-29,Saturday,30,2023,Weekends,4,Jacksonville,228,3259.99,14.3,52.2,52.1,47.9,47.8,84.5,63.8,0,0.0
2023-07-30,Sunday,31,2023,Weekends,2,Orlando,328,6183.35,18.85,52.3,53.1,46.9,47.7,87.4,72.9,0,0.0
2023-07-30,Sunday,31,2023,Weekends,3,Tampa,297,4788.38,16.12,52.3,53.1,46.9,47.7,87.4,72.9,0,0.0
2023-07-30,Sunday,31,2023,Weekends,4,Jacksonville,260,3979.42,15.31,52.3,53.1,46.9,47.7,87.4,72.9,0,0.0
2023-07-30,Sunday,31,2023,Weekends,1,Miami Beach,365,6804.66,18.64,52.3,53.1,46.9,47.7,87.4,72.9,0,0.0
2023-07-31,Monday,31,2023,Weekdays,2,Orlando,261,4389.49,16.82,45.4,51.9,48.1,54.6,89.8,69.0,1,0.71
2023-07-31,Monday,31,2023,Weekdays,4,Jacksonville,223,3452.59,15.48,45.4,51.9,48.1,54.6,89.8,69.0,1,0.71
2023-07-31,Monday,31,2023,Weekdays,1,Miami Beach,337,5606.61,16.64,45.4,51.9,48.1,54.6,89.8,69.0,1,0.71
2023-07-31,Monday,31,2023,Weekdays,3,Tampa,239,3679.91,15.4,45.4,51.9,48.1,54.6,89.8,69.0,1,0.71
2023-08-01,Tuesday,31,2023,Weekdays,4,Jacksonville,226,3573.21,15.81,46.8,51.4,48.6,53.2,86.3,71.6,0,0.0
2023-08-01,Tuesday,31,2023,Weekdays,2,Orlando,285,4712.98,16.54,46.8,51.4,48.6,53.2,86.3,71.6,0,0.0
2023-08-01,Tuesday,31,2023,Weekdays,1,Miami Beach,342,5674.44,16.59,46.8,51.4,48.6,53.2,86.3,71.6,0,0.0
2023-08-01,Tuesday,31,2023,Weekdays,3,Tampa,293,5055.51,17.25,46.8,51.4,48.6,53.2,86.3,71.6,0,0.0
2023-08-02,Wednesday,31,2023,Weekdays,2,Orlando,281,4782.96,17.02,46.8,53.4,46.6,53.2,88.0,77.2,0,0.0
2023-08-02,Wednesday,31,2023,Weekdays,4,Jacksonville,248,3696.6,14.91,46.8,53.4,46.6,53.2,88.0,77.2,0,0.0
2023-08-02,Wednesday,31,2023,Weekdays,1,Miami Beach,339,5947.74,17.54,46.8,53.4,46.6,53.2,88.0,77.2,0,0.0
2023-08-02,Wednesday,31,2023,Weekdays,3,Tampa,278,4456.55,16.03,46.8,53.4,46.6,53.2,88.0,77.2,0,0.0
2023-08-03,Thursday,31,2023,Weekdays,4,Jacksonville,230,3562.95,15.49,46.7,53.9,46.1,53.3,84.8,61.5,1,2.21
2023-08-03,Thursday,31,2023,Weekdays,3,Tampa,225,3674.2,16.33,46.7,53.9,46.1,53.3,84.8,61.5,1,2.21
2023-08-03,Thursday,31,2023,Weekdays,2,Orlando,271,4353.05,16.06,46.7,53.9,46.1,53.3,84.8,61.5,1,2.21
2023-08-03,Thursday,31,2023,Weekdays,1,Miami Beach,284,5407.68,19.04,46.7,53.9,46.1,53.3,84.8,61.5,1,2.21
2023-08-04,Friday,31,2023,Weekdays,1,Miami Beach,328,6321.29,19.27,47.0,51.3,48.7,53.0,84.1,64.7,1,0.42
2023-08-04,Friday,31,2023,Weekdays,3,Tampa,306,5672.63,18.54,47.0,51.3,48.7,53.0,84.1,64.7,1,0.42
2023-08-04,Friday,31,2023,Weekdays,2,Orlando,297,5014.12,16.88,47.0,51.3,48.7,53.0,84.1,64.7,1,0.42
2023-08-04,Friday,31,2023,Weekdays,4,Jacksonville,235,3762.21,16.01,47.0,51.3,48.7,53.0,84.1,64.7,1,0.42
2023-08-05,Saturday,31,2023,Weekends,2,Orlando,321,5684.39,17.71,53.3,54.3,45.7,46.7,88.9,67.7,0,0.0
2023-08-05,Saturday,31,2023,Weekends,3,Tampa,314,5511.95,17.55,53.3,54.3,45.7,46.7,88.9,67.7,0,0.0
2023-08-05,Saturday,31,2023,Weekends,1,Miami Beach,388,6752.63,17.4,53.3,54.3,45.7,46.7,88.9,67.7,0,0.0
2023-08-05,Saturday,31,2023,Weekends,4,Jacksonville,240,3615.71,15.07,53.3,54.3,45.7,46.7,88.9,67.7,0,0.0
2023-08-06,Sunday,32,2023,Weekends,1,Miami Beach,355,7382.67,20.8,51.4,54.5,45.5,48.6,90.9,68.1,1,1.5
2023-08-06,Sunday,32,2023,Weekends,4,Jacksonville,267,4025.07,15.08,51.4,54.5,45.5,48.6,90.9,68.1,1,1.5
2023-08-06,Sunday,32,2023,Weekends,2,Orlando,314,5207.44,16.58,51.4,54.5,45.5,48.6,90.9,68.1,1,1.5
2023-08-06,Sunday,32,2023,Weekends,3,Tampa,300,4467.01,14.89,51.4,54.5,45.5,48.6,90.9,68.1,1,1.5
2023-08-07,Monday,32,2023,Weekdays,4,Jacksonville,261,4159.87,15.94,45.1,53.0,47.0,54.9,87.4,75.9,0,0.0
2023-08-07,Monday,32,2023,Weekdays,2,Orlando,273,5116.61,18.74,45.1,53.0,47.0,54.9,87.4,75.9,0,0.0
2023-08-07,Monday,32,2023,Weekdays,3,Tampa,263,3856.56,14.66,45.1,53.0,47.0,54.9,87.4,75.9,0,0.0
2023-08-07,Monday,32,2023,Weekdays,1,Miami Beach,326,5594.46,17.16,45.1,53.0,47.0,54.9,87.4,75.9,0,0.0
2023-08-08,Tuesday,32,2023,Weekdays,4,Jacksonville,226,3529.36,15.62,46.2,52.4,47.6,53.8,86.4,69.1,1,0.5
2023-08-08,Tuesday,32,2023,Weekdays,1,Miami Beach,336,6359.4,18.93,46.2,52.4,47.6,53.8,86.4,69.1,1,0.5
2023-08-08,Tuesday,32,2023,Weekdays,3,Tampa,266,4576.26,17.2,46.2,52.4,47.6,53.8,86.4,69.1,1,0.5
2023-08-08,Tuesday,32,2023,Weekdays,2,Orlando,268,4421.08,16.5,46.2,52.4,47.6,53.8,86.4,69.1,1,0.5
2023-08-09,Wednesday,32,2023,Weekdays,2,Orlando,291,4918.29,16.9,47.4,52.6,47.4,52.6,83.5,78.2,0,0.0
2023-08-09,Wednesday,32,2023,Weekdays,3,Tampa,261,4296.23,16.46,47.4,52.6,47.4,52.6,83.5,78.2,0,0.0
2023-08-09,Wednesday,32,2023,Weekdays,1,Miami Beach,327,5869.8,17.95,47.4,52.6,47.4,52.6,83.5,78.2,0,0.0
2023-08-09,Wednesday,32,2023,Weekdays,4,Jacksonville,226,3682.19,16.29,47.4,52.6,47.4,52.6,83.5,78.2,0,0.0
2023-08-10,Thursday,32,2023,Weekdays,3,Tampa,251,4216.19,16.8,45.5,53.0,47.0,54.5,86.5,71.1,1,0.86
2023-08-10,Thursday,32,2023,Weekdays,2,Orlando,251,4470.55,17.81,45.5,53.0,47.0,54.5,86.5,71.1,1,0.86
2023-08-10,Thursday,32,2023,Weekdays,4,Jacksonville,222,3463.22,15.6,45.5,53.0,47.0,54.5,86.5,71.1,1,0.86
2023-08-10,Thursday,32,2023,Weekdays,1,Miami Beach,327,6464.81,19.77,45.5,53.0,47.0,54.5,86.5,71.1,1,0.86
2023-08-11,Friday,32,2023,Weekdays,2,Orlando,296,4537.96,15.33,45.9,50.4,49.6,54.1,81.3,76.9,0,0.0
2023-08-11,Friday,32,2023,Weekdays,3,Tampa,250,4154.88,16.62,45.9,50.4,49.6,54.1,81.3,76.9,0,0.0
2023-08-11,Friday,32,2023,Weekdays,4,Jacksonville,220,3798.71,17.27,45.9,50.4,49.6,54.1,81.3,76.9,0,0.0
2023-08-11,Friday,32,2023,Weekdays,1,Miami Beach,313,5529.5,17.67,45.9,50.4,49.6,54.1,81.3,76.9,0,0.0
2023-08-12,Saturday,32,2023,Weekends,3,Tampa,219,3915.07,17.88,51.9,53.2,46.8,48.1,82.7,79.4,1,5.72
2023-08-12,Saturday,32,2023,Weekends,1,Miami Beach,246,4474.53,18.19,51.9,53.2,46.8,48.1,82.7,79.4,1,5.72
2023-08-12,Saturday,32,2023,Weekends,4,Jacksonville,182,2592.62,14.25,51.9,53.2,46.8,48.1,82.7,79.4,1,5.72
2023-08-12,Saturday,32,2023,Weekends,2,Orlando,252,4400.71,17.46,51.9,53.2,46.8,48.1,82.7,79.4,1,5.72
2023-08-13,Sunday,33,2023,Weekends,4,Jacksonville,289,4724.94,16.35,49.7,54.0,46.0,50.3,87.2,75.1,0,0.0
2023-08-13,Sunday,33,2023,Weekends,3,Tampa,304,5206.04,17.13,49.7,54.0,46.0,50.3,87.2,75.1,0,0.0
2023-08-13,Sunday,33,2023,Weekends,1,Miami Beach,398,7632.99,19.18,49.7,54.0,46.0,50.3,87.2,75.1,0,0.0
2023-08-13,Sunday,33,2023,Weekends,2,Orlando,307,5118.24,16.67,49.7,54.0,46.0,50.3,87.2,75.1,0,0.0
2023-08-14,Monday,33,2023,Weekdays,1,Miami Beach,324,6296.08,19.43,45.3,53.6,46.4,54.7,85.6,76.2,0,0.0
2023-08-14,Monday,33,2023,Weekdays,4,Jacksonville,217,3432.69,15.82,45.3,53.6,46.4,54.7,85.6,76.2,0,0.0
2023-08-14,Monday,33,2023,Weekdays,2,Orlando,284,4693.41,16.53,45.3,53.6,46.4,54.7,85.6,76.2,0,0.0
2023-08-14,Monday,33,2023,Weekdays,3,Tampa,279,4651.99,16.67,45.3,53.6,46.4,54.7,85.6,76.2,0,0.0
2023-08-15,Tuesday,33,2023,Weekdays,4,Jacksonville,226,3431.57,15.18,44.4,52.9,47.1,55.6,82.9,65.9,0,0.0
2023-08-15,Tuesday,33,2023,Weekdays,3,Tampa,262,4366.47,16.67,44.4,52.9,47.1,55.6,82.9,65.9,0,0.0
2023-08-15,Tuesday,33,2023,Weekdays,1,Miami Beach,337,5400.68,16.03,44.4,52.9,47.1,55.6,82.9,65.9,0,0.0
2023-08-15,Tuesday,33,2023,Weekdays,2,Orlando,257,4236.28,16.48,44.4,52.9,47.1,55.6,82.9,65.9,0,0.0
2023-08-16,Wednesday,33,2023,Weekdays,4,Jacksonville,227,3511.2,15.47,46.0,52.6,47.4,54.0,87.1,72.3,1,0.69
2023-08-16,Wednesday,33,2023,Weekdays,2,Orlando,269,4360.37,16.21,46.0,52.6,47.4,54.0,87.1,72.3,1,0.69
2023-08-16,Wednesday,33,2023,Weekdays,1,Miami Beach,315,5974.25,18.97,46.0,52.6,47.4,54.0,87.1,72.3,1,0.69
2023-08-16,Wednesday,33,2023,Weekdays,3,Tampa,243,3962.28,16.31,46.0,52.6,47.4,54.0,87.1,72.3,1,0.69
2023-08-17,Thursday,33,2023,Weekdays,4,Jacksonville,240,3663.37,15.26,46.4,53.5,46.5,53.6,89.0,75.6,1,1.3
2023-08-17,Thursday,33,2023,Weekdays,1,Miami Beach,356,7450.87,20.93,46.4,53.5,46.5,53.6,89.0,75.6,1,1.3
2023-08-17,Thursday,33,2023,Weekdays,3,Tampa,277,4729.39,17.07,46.4,53.5,46.5,53.6,89.0,75.6,1,1.3
2023-08-17,Thursday,33,2023,Weekdays,2,Orlando,319,5586.43,17.51,46.4,53.5,46.5,53.6,89.0,75.6,1,1.3
2023-08-18,Friday,33,2023,Weekdays,3,Tampa,272,3975.59,14.62,45.6,53.8,46.2,54.4,84.7,77.5,1,0.61
2023-08-18,Friday,33,2023,Weekdays,1,Miami Beach,320,5495.47,17.17,45.6,53.8,46.2,54.4,84.7,77.5,1,0.61
2023-08-18,Friday,33,2023,Weekdays,2,Orlando,297,5194.15,17.49,45.6,53.8,46.2,54.4,84.7,77.5,1,0.61
2023-08-18,Friday,33,2023,Weekdays,4,Jacksonville,200,3122.6,15.61,45.6,53.8,46.2,54.4,84.7,77.5,1,0.61
2023-08-19,Saturday,33,2023,Weekends,1,Miami Beach,350,6476.08,18.5,50.7,54.0,46.0,49.3,87.2,76.0,1,0.76
2023-08-19,Saturday,33,2023,Weekends,4,Jacksonville,268,4435.27,16.55,50.7,54.0,46.0,49.3,87.2,76.0,1,0.76
2023-08-19,Saturday,33,2023,Weekends,2,Orlando,313,5399.21,17.25,50.7,54.0,46.0,49.3,87.2,76.0,1,0.76
2023-08-19,Saturday,33,2023,Weekends,3,Tampa,302,4933.36,16.34,50.7,54.0,46.0,49.3,87.2,76.0,1,0.76
2023-08-20,Sunday,34,2023,Weekends,4,Jacksonville,267,3912.5,14.65,52.4,53.4,46.6,47.6,89.0,75.6,1,0.62
2023-08-20,Sunday,34,2023,Weekends,1,Miami Beach,386,6396.97,16.57,52.4,53.4,46.6,47.6,89.0,75.6,1,0.62
2023-08-20,Sunday,34,2023,Weekends,3,Tampa,330,5538.21,16.78,52.4,53.4,46.6,47.6,89.0,75.6,1,0.62
2023-08-20,Sunday,34,2023,Weekends,2,Orlando,307,4904.72,15.98,52.4,53.4,46.6,47.6,89.0,75.6,1,0.62
2023-08-21,Monday,34,2023,Weekdays,1,Miami Beach,351,6470.84,18.44,46.0,53.0,47.0,54.0,87.1,67.3,0,0.0
2023-08-21,Monday,34,2023,Weekdays,3,Tampa,288,4660.93,16.18,46.0,53.0,47.0,54.0,87.1,67.3,0,0.0
2023-08-21,Monday,34,2023,Weekdays,4,Jacksonville,250,3373.39,13.49,46.0,53.0,47.0,54.0,87.1,67.3,0,0.0
2023-08-21,Monday,34,2023,Weekdays,2,Orlando,310,5746.1,18.54,46.0,53.0,47.0,54.0,87.1,67.3,0,0.0
2023-08-22,Tuesday,34,2023,Weekdays,1,Miami Beach,329,6342.54,19.28,45.5,53.8,46.2,54.5,86.2,66.5,0,0.0
2023-08-22,Tuesday,34,2023,Weekdays,2,Orlando,283,4966.11,17.55,45.5,53.8,46.2,54.5,86.2,66.5,0,0.0
2023-08-22,Tuesday,34,2023,Weekdays,4,Jacksonville,239,3868.78,16.19,45.5,53.8,46.2,54.5,86.2,66.5,0,0.0
2023-08-22,Tuesday,34,2023,Weekdays,3,Tampa,274,4287.21,15.65,45.5,53.8,46.2,54.5,86.2,66.5,0,0.0
2023-08-23,Wednesday,34,2023,Weekdays,4,Jacksonville,248,3877.72,15.64,45.9,52.2,47.8,54.1,84.8,80.2,0,0.0
2023-08-23,Wednesday,34,2023,Weekdays,3,Tampa,271,4337.23,16.0,45.9,52.2,47.8,54.1,84.8,80.2,0,0.0
2023-08-23,Wednesday,34,2023,Weekdays,2,Orlando,279,4777.3,17.12,45.9,52.2,47.8,54.1,84.8,80.2,0,0.0
2023-08-23,Wednesday,34,2023,Weekdays,1,Miami Beach,318,5770.97,18.15,45.9,52.2,47.8,54.1,84.8,80.2,0,0.0
2023-08-24,Thursday,34,2023,Weekdays,1,Miami Beach,325,5951.61,18.31,47.6,53.3,46.7,52.4,89.0,70.5,0,0.0
2023-08-24,Thursday,34,2023,Weekdays,4,Jacksonville,253,4087.48,16.16,47.6,53.3,46.7,52.4,89.0,70.5,0,0.0
2023-08-24,Thursday,34,2023,Weekdays,3,Tampa,273,4445.84,16.29,47.6,53.3,46.7,52.4,89.0,70.5,0,0.0
2023-08-24,Thursday,34,2023,Weekdays,2,Orlando,298,5012.15,16.82,47.6,53.3,46.7,52.4,89.0,70.5,0,0.0
2023-08-25,Friday,34,2023,Weekdays,4,Jacksonville,232,3785.63,16.32,45.6,53.8,46.2,54.4,88.0,73.9,0,0.0
2023-08-25,Friday,34,2023,Weekdays,1,Miami Beach,338,5954.07,17.62,45.6,53.8,46.2,54.4,88.0,73.9,0,0.0
2023-08-25,Friday,34,2023,Weekdays,2,Orlando,290,4722.19,16.28,45.6,53.8,46.2,54.4,88.0,73.9,0,0.0
2023-08-25,Friday,34,2023,Weekdays,3,Tampa,262,4190.11,15.99,45.6,53.8,46.2,54.4,88.0,73.9,0,0.0
2023-08-26,Saturday,34,2023,Weekends,3,Tampa,305,4585.24,15.03,51.5,52.9,47.1,48.5,88.1,63.4,0,0.0
2023-08-26,Saturday,34,2023,Weekends,1,Miami Beach,374,6572.07,17.57,51.5,52.9,47.1,48.5,88.1,63.4,0,0.0
2023-08-26,Saturday,34,2023,Weekends,4,Jacksonville,258,3853.74,14.94,51.5,52.9,47.1,48.5,88.1,63.4,0,0.0
2023-08-26,Saturday,34,2023,Weekends,2,Orlando,309,5230.89,16.93,51.5,52.9,47.1,48.5,88.1,63.4,0,0.0
2023-08-27,Sunday,35,2023,Weekends,3,Tampa,291,4840.38,16.63,50.4,54.1,45.9,49.6,89.7,77.1,1,0.44
2023-08-27,Sunday,35,2023,Weekends,2,Orlando,330,5794.0,17.56,50.4,54.1,45.9,49.6,89.7,77.1,1,0.44
2023-08-27,Sunday,35,2023,Weekends,4,Jacksonville,261,4027.87,15.43,50.4,54.1,45.9,49.6,89.7,77.1,1,0.44
2023-08-27,Sunday,35,2023,Weekends,1,Miami Beach,381,7132.94,18.72,50.4,54.1,45.9,49.6,89.7,77.1,1,0.44
2023-08-28,Monday,35,2023,Weekdays,4,Jacksonville,237,3574.88,15.08,44.7,52.6,47.4,55.3,90.1,77.2,0,0.0
2023-08-28,Monday,35,2023,Weekdays,3,Tampa,279,4700.42,16.85,44.7,52.6,47.4,55.3,90.1,77.2,0,0.0
2023-08-28,Monday,35,2023,Weekdays,1,Miami Beach,330,6295.42,19.08,44.7,52.6,47.4,55.3,90.1,77.2,0,0.0
2023-08-28,Monday,35,2023,Weekdays,2,Orlando,285,4897.78,17.19,44.7,52.6,47.4,55.3,90.1,77.2,0,0.0
2023-08-29,Tuesday,35,2023,Weekdays,2,Orlando,275,4696.53,17.08,46.2,55.0,45.0,53.8,89.2,71.9,1,0.08
2023-08-29,Tuesday,35,2023,Weekdays,4,Jacksonville,238,3594.96,15.1,46.2,55.0,45.0,53.8,89.2,71.9,1,0.08
2023-08-29,Tuesday,35,2023,Weekdays,1,Miami Beach,335,6352.4,18.96,46.2,55.0,45.0,53.8,89.2,71.9,1,0.08
2023-08-29,Tuesday,35,2023,Weekdays,3,Tampa,292,5069.71,17.36,46.2,55.0,45.0,53.8,89.2,71.9,1,0.08
2023-08-30,Wednesday,35,2023,Weekdays,2,Orlando,277,4675.86,16.88,43.9,53.5,46.5,56.1,92.8,72.3,0,0.0
2023-08-30,Wednesday,35,2023,Weekdays,1,Miami Beach,368,7039.05,19.13,43.9,53.5,46.5,56.1,92.8,72.3,0,0.0
2023-08-30,Wednesday,35,2023,Weekdays,4,Jacksonville,224,3438.39,15.35,43.9,53.5,46.5,56.1,92.8,72.3,0,0.0
2023-08-30,Wednesday,35,2023,Weekdays,3,Tampa,291,5012.77,17.23,43.9,53.5,46.5,56.1,92.8,72.3,0,0.0
2023-08-31,Thursday,35,2023,Weekdays,1,Miami Beach,323,6122.88,18.96,47.5,54.7,45.3,52.5,85.6,75.4,0,0.0
2023-08-31,Thursday,35,2023,Weekdays,2,Orlando,311,5397.46,17.36,47.5,54.7,45.3,52.5,85.6,75.4,0,0.0
2023-08-31,Thursday,35,2023,Weekdays,4,Jacksonville,218,3284.54,15.07,47.5,54.7,45.3,52.5,85.6,75.4,0,0.0
2023-08-31,Thursday,35,2023,Weekdays,3,Tampa,292,4873.44,16.69,47.5,54.7,45.3,52.5,85.6,75.4,0,0.0
2023-09-01,Friday,35,2023,Weekdays,1,Miami Beach,345,6004.14,17.4,45.1,54.0,46.0,54.9,94.1,71.5,0,0.0
2023-09-01,Friday,35,2023,Weekdays,3,Tampa,290,4666.49,16.09,45.1,54.0,46.0,54.9,94.1,71.5,0,0.0
2023-09-01,Friday,35,2023,Weekdays,4,Jacksonville,263,4264.95,16.22,45.1,54.0,46.0,54.9,94.1,71.5,0,0.0
2023-09-01,Friday,35,2023,Weekdays,2,Orlando,261,4739.17,18.16,45.1,54.0,46.0,54.9,94.1,71.5,0,0.0
2023-09-02,Saturday,35,2023,Weekends,3,Tampa,263,4237.05,16.11,50.7,53.1,46.9,49.3,87.3,73.6,0,0.0
2023-09-02,Saturday,35,2023,Weekends,4,Jacksonville,235,3605.01,15.34,50.7,53.1,46.9,49.3,87.3,73.6,0,0.0
2023-09-02,Saturday,35,2023,Weekends,2,Orlando,275,4846.36,17.62,50.7,53.1,46.9,49.3,87.3,73.6,0,0.0
2023-09-02,Saturday,35,2023,Weekends,1,Miami Beach,369,6862.7,18.6,50.7,53.1,46.9,49.3,87.3,73.6,0,0.0
2023-09-03,Sunday,36,2023,Weekends,1,Miami Beach,340,6826.9,20.08,50.9,52.9,47.1,49.1,87.3,74.8,0,0.0
2023-09-03,Sunday,36,2023,Weekends,2,Orlando,299,4885.43,16.34,50.9,52.9,47.1,49.1,87.3,74.8,0,0.0
2023-09-03,Sunday,36,2023,Weekends,4,Jacksonville,240,3911.4,16.3,50.9,52.9,47.1,49.1,87.3,74.8,0,0.0
2023-09-03,Sunday,36,2023,Weekends,3,Tampa,308,5243.07,17.02,50.9,52.9,47.1,49.1,87.3,74.8,0,0.0
2023-09-04,Monday,36,2023,Weekdays,3,Tampa,245,3540.08,14.45,46.0,54.0,46.0,54.0,86.8,81.3,1,0.68
2023-09-04,Monday,36,2023,Weekdays,1,Miami Beach,268,5086.44,18.98,46.0,54.0,46.0,54.0,86.8,81.3,1,0.68
2023-09-04,Monday,36,2023,Weekdays,2,Orlando,279,4982.42,17.86,46.0,54.0,46.0,54.0,86.8,81.3,1,0.68
2023-09-04,Monday,36,2023,Weekdays,4,Jacksonville,248,3881.09,15.65,46.0,54.0,46.0,54.0,86.8,81.3,1,0.68
2023-09-05,Tuesday,36,2023,Weekdays,3,Tampa,226,3918.23,17.34,45.3,54.5,45.5,54.7,86.2,72.2,0,0.0
2023-09-05,Tuesday,36,2023,Weekdays,2,Orlando,249,4301.92,17.28,45.3,54.5,45.5,54.7,86.2,72.2,0,0.0
2023-09-05,Tuesday,36,2023,Weekdays,1,Miami Beach,304,5650.43,18.59,45.3,54.5,45.5,54.7,86.2,72.2,0,0.0
2023-09-05,Tuesday,36,2023,Weekdays,4,Jacksonville,211,3625.84,17.18,45.3,54.5,45.5,54.7,86.2,72.2,0,0.0
2023-09-06,Wednesday,36,2023,Weekdays,2,Orlando,300,5201.93,17.34,44.9,54.2,45.8,55.1,95.7,78.4,1,0.45
2023-09-06,Wednesday,36,2023,Weekdays,4,Jacksonville,229,3281.96,14.33,44.9,54.2,45.8,55.1,95.7,78.4,1,0.45
2023-09-06,Wednesday,36,2023,Weekdays,1,Miami Beach,359,6732.68,18.75,44.9,54.2,45.8,55.1,95.7,78.4,1,0.45
2023-09-06,Wednesday,36,2023,Weekdays,3,Tampa,267,4459.4,16.7,44.9,54.2,45.8,55.1,95.7,78.4,1,0.45
2023-09-07,Thursday,36,2023,Weekdays,2,Orlando,295,4978.73,16.88,43.7,53.7,46.3,56.3,87.6,74.9,0,0.0
2023-09-07,Thursday,36,2023,Weekdays,1,Miami Beach,289,5910.3,20.45,43.7,53.7,46.3,56.3,87.6,74.9,0,0.0
2023-09-07,Thursday,36,2023,Weekdays,3,Tampa,229,3611.54,15.77,43.7,53.7,46.3,56.3,87.6,74.9,0,0.0
2023-09-07,Thursday,36,2023,Weekdays,4,Jacksonville,262,3798.04,14.5,43.7,53.7,46.3,56.3,87.6,74.9,0,0.0
2023-09-08,Friday,36,2023,Weekdays,2,Orlando,243,4211.47,17.33,44.7,53.3,46.7,55.3,88.8,75.3,1,1.94
2023-09-08,Friday,36,2023,Weekdays,4,Jacksonville,259,4172.51,16.11,44.7,53.3,46.7,55.3,88.8,75.3,1,1.94
2023-09-08,Friday,36,2023,Weekdays,3,Tampa,228,3725.33,16.34,44.7,53.3,46.7,55.3,88.8,75.3,1,1.94
2023-09-08,Friday,36,2023,Weekdays,1,Miami Beach,289,5419.16,18.75,44.7,53.3,46.7,55.3,88.8,75.3,1,1.94
2023-09-09,Saturday,36,2023,Weekends,3,Tampa,260,4576.71,17.6,51.0,52.8,47.2,49.0,91.3,80.6,1,0.68
2023-09-09,Saturday,36,2023,Weekends,4,Jacksonville,234,3904.91,16.69,51.0,52.8,47.2,49.0,91.3,80.6,1,0.68
2023-09-09,Saturday,36,2023,Weekends,2,Orlando,318,5104.93,16.05,51.0,52.8,47.2,49.0,91.3,80.6,1,0.68
2023-09-09,Saturday,36,2023,Weekends,1,Miami Beach,361,6806.8,18.86,51.0,52.8,47.2,49.0,91.3,80.6,1,0.68
2023-09-10,Sunday,37,2023,Weekends,4,Jacksonville,257,3772.01,14.68,52.6,52.8,47.2,47.4,88.8,67.4,0,0.0
2023-09-10,Sunday,37,2023,Weekends,3,Tampa,254,4196.12,16.52,52.6,52.8,47.2,47.4,88.8,67.4,0,0.0
2023-09-10,Sunday,37,2023,Weekends,1,Miami Beach,370,6913.9,18.69,52.6,52.8,47.2,47.4,88.8,67.4,0,0.0
2023-09-10,Sunday,37,2023,Weekends,2,Orlando,304,5251.82,17.28,52.6,52.8,47.2,47.4,88.8,67.4,0,0.0
2023-09-11,Monday,37,2023,Weekdays,4,Jacksonville,240,3485.9,14.52,44.1,52.9,47.1,55.9,89.6,81.2,0,0.0
2023-09-11,Monday,37,2023,Weekdays,1,Miami Beach,300,6196.0,20.65,44.1,52.9,47.1,55.9,89.6,81.2,0,0.0
2023-09-11,Monday,37,2023,Weekdays,2,Orlando,281,5067.37,18.03,44.1,52.9,47.1,55.9,89.6,81.2,0,0.0
2023-09-11,Monday,37,2023,Weekdays,3,Tampa,257,4146.7,16.14,44.1,52.9,47.1,55.9,89.6,81.2,0,0.0
2023-09-12,Tuesday,37,2023,Weekdays,3,Tampa,303,4682.09,15.45,44.0,54.1,45.9,56.0,96.6,78.5,0,0.0
2023-09-12,Tuesday,37,2023,Weekdays,2,Orlando,303,5454.19,18.0,44.0,54.1,45.9,56.0,96.6,78.5,0,0.0
2023-09-12,Tuesday,37,2023,Weekdays,1,Miami Beach,358,6413.75,17.92,44.0,54.1,45.9,56.0,96.6,78.5,0,0.0
2023-09-12,Tuesday,37,2023,Weekdays,4,Jacksonville,252,3762.86,14.93,44.0,54.1,45.9,56.0,96.6,78.5,0,0.0
2023-09-13,Wednesday,37,2023,Weekdays,1,Miami Beach,255,5137.23,20.15,45.4,53.5,46.5,54.6,88.0,84.5,1,1.95
2023-09-13,Wednesday,37,2023,Weekdays,4,Jacksonville,236,3556.68,15.07,45.4,53.5,46.5,54.6,88.0,84.5,1,1.95
2023-09-13,Wednesday,37,2023,Weekdays,3,Tampa,229,3919.07,17.11,45.4,53.5,46.5,54.6,88.0,84.5,1,1.95
2023-09-13,Wednesday,37,2023,Weekdays,2,Orlando,249,4199.86,16.87,45.4,53.5,46.5,54.6,88.0,84.5,1,1.95
2023-09-14,Thursday,37,2023,Weekdays,1,Miami Beach,305,5836.38,19.14,44.6,52.9,47.1,55.4,87.0,71.7,0,0.0
2023-09-14,Thursday,37,2023,Weekdays,3,Tampa,237,3953.0,16.68,44.6,52.9,47.1,55.4,87.0,71.7,0,0.0
2023-09-14,Thursday,37,2023,Weekdays,4,Jacksonville,206,3279.29,15.92,44.6,52.9,47.1,55.4,87.0,71.7,0,0.0
2023-09-14,Thursday,37,2023,Weekdays,2,Orlando,285,4523.3,15.87,44.6,52.9,47.1,55.4,87.0,71.7,0,0.0
2023-09-15,Friday,37,2023,Weekdays,4,Jacksonville,217,3077.88,14.18,45.5,53.2,46.8,54.5,91.3,75.2,1,0.57
2023-09-15,Friday,37,2023,Weekdays,3,Tampa,273,4489.17,16.44,45.5,53.2,46.8,54.5,91.3,75.2,1,0.57
2023-09-15,Friday,37,2023,Weekdays,2,Orlando,278,4608.74,16.58,45.5,53.2,46.8,54.5,91.3,75.2,1,0.57
2023-09-15,Friday,37,2023,Weekdays,1,Miami Beach,291,5697.33,19.58,45.5,53.2,46.8,54.5,91.3,75.2,1,0.57
2023-09-16,Saturday,37,2023,Weekends,3,Tampa,269,4731.57,17.59,50.6,54.6,45.4,49.4,86.5,68.7,0,0.0
2023-09-16,Saturday,37,2023,Weekends,2,Orlando,332,5288.64,15.93,50.6,54.6,45.4,49.4,86.5,68.7,0,0.0
2023-09-16,Saturday,37,2023,Weekends,4,Jacksonville,261,4086.2,15.66,50.6,54.6,45.4,49.4,86.5,68.7,0,0.0
2023-09-16,Saturday,37,2023,Weekends,1,Miami Beach,313,5842.99,18.67,50.6,54.6,45.4,49.4,86.5,68.7,0,0.0
2023-09-17,Sunday,38,2023,Weekends,2,Orlando,303,5095.42,16.82,51.8,54.2,45.8,48.2,84.5,77.4,1,0.36
2023-09-17,Sunday,38,2023,Weekends,1,Miami Beach,333,5863.08,17.61,51.8,54.2,45.8,48.2,84.5,77.4,1,0.36
2023-09-17,Sunday,38,2023,Weekends,4,Jacksonville,255,3968.87,15.56,51.8,54.2,45.8,48.2,84.5,77.4,1,0.36
2023-09-17,Sunday,38,2023,Weekends,3,Tampa,283,4956.77,17.52,51.8,54.2,45.8,48.2,84.5,77.4,1,0.36
2023-09-18,Monday,38,2023,Weekdays,1,Miami Beach,315,5545.72,17.61,45.3,54.7,45.3,54.7,90.7,72.5,1,0.83
2023-09-18,Monday,38,2023,Weekdays,4,Jacksonville,231,3475.29,15.04,45.3,54.7,45.3,54.7,90.7,72.5,1,0.83
2023-09-18,Monday,38,2023,Weekdays,3,Tampa,274,4421.55,16.14,45.3,54.7,45.3,54.7,90.7,72.5,1,0.83
2023-09-18,Monday,38,2023,Weekdays,2,Orlando,283,4954.18,17.51,45.3,54.7,45.3,54.7,90.7,72.5,1,0.83
2023-09-19,Tuesday,38,2023,Weekdays,3,Tampa,228,3544.11,15.54,44.3,53.2,46.8,55.7,86.7,74.1,1,0.27
2023-09-19,Tuesday,38,2023,Weekdays,2,Orlando,300,4908.17,16.36,44.3,53.2,46.8,55.7,86.7,74.1,1,0.27
2023-09-19,Tuesday,38,2023,Weekdays,4,Jacksonville,232,3622.59,15.61,44.3,53.2,46.8,55.7,86.7,74.1,1,0.27
2023-09-19,Tuesday,38,2023,Weekdays,1,Miami Beach,313,5543.44,17.71,44.3,53.2,46.8,55.7,86.7,74.1,1,0.27
2023-09-20,Wednesday,38,2023,Weekdays,3,Tampa,258,4257.54,16.5,44.5,55.1,44.9,55.5,89.9,67.1,1,1.5
2023-09-20,Wednesday,38,2023,Weekdays,1,Miami Beach,294,5561.39,18.92,44.5,55.1,44.9,55.5,89.9,67.1,1,1.5
2023-09-20,Wednesday,38,2023,Weekdays,4,Jacksonville,228,3325.93,14.59,44.5,55.1,44.9,55.5,89.9,67.1,1,1.5
2023-09-20,Wednesday,38,2023,Weekdays,2,Orlando,244,4288.09,17.57,44.5,55.1,44.9,55.5,89.9,67.1,1,1.5
2023-09-21,Thursday,38,2023,Weekdays,2,Orlando,264,4555.23,17.25,44.9,53.9,46.1,55.1,86.3,78.9,1,0.11
2023-09-21,Thursday,38,2023,Weekdays,1,Miami Beach,258,4518.79,17.51,44.9,53.9,46.1,55.1,86.3,78.9,1,0.11
2023-09-21,Thursday,38,2023,Weekdays,3,Tampa,265,4427.43,16.71,44.9,53.9,46.1,55.1,86.3,78.9,1,0.11
2023-09-21,Thursday,38,2023,Weekdays,4,Jacksonville,259,3921.82,15.14,44.9,53.9,46.1,55.1,86.3,78.9,1,0.11
2023-09-22,Friday,38,2023,Weekdays,4,Jacksonville,221,3290.87,14.89,44.5,55.1,44.9,55.5,91.6,81.2,1,1.31
2023-09-22,Friday,38,2023,Weekdays,3,Tampa,258,4425.8,17.15,44.5,55.1,44.9,55.5,91.6,81.2,1,1.31
2023-09-22,Friday,38,2023,Weekdays,2,Orlando,285,4956.2,17.39,44.5,55.1,44.9,55.5,91.6,81.2,1,1.31
2023-09-22,Friday,38,2023,Weekdays,1,Miami Beach,314,6045.22,19.25,44.5,55.1,44.9,55.5,91.6,81.2,1,1.31
2023-09-23,Saturday,38,2023,Weekends,2,Orlando,272,4728.29,17.38,48.4,53.9,46.1,51.6,84.8,71.4,1,0.5
2023-09-23,Saturday,38,2023,Weekends,1,Miami Beach,337,6825.96,20.26,48.4,53.9,46.1,51.6,84.8,71.4,1,0.5
2023-09-23,Saturday,38,2023,Weekends,3,Tampa,283,4807.91,16.99,48.4,53.9,46.1,51.6,84.8,71.4,1,0.5
2023-09-23,Saturday,38,2023,Weekends,4,Jacksonville,228,3818.34,16.75,48.4,53.9,46.1,51.6,84.8,71.4,1,0.5
2023-09-24,Sunday,39,2023,Weekends,1,Miami Beach,342,5933.24,17.35,51.5,53.1,46.9,48.5,87.0,62.2,0,0.0
2023-09-24,Sunday,39,2023,Weekends,3,Tampa,286,4655.4,16.28,51.5,53.1,46.9,48.5,87.0,62.2,0,0.0
2023-09-24,Sunday,39,2023,Weekends,4,Jacksonville,228,3480.11,15.26,51.5,53.1,46.9,48.5,87.0,62.2,0,0.0
2023-09-24,Sunday,39,2023,Weekends,2,Orlando,282,4615.51,16.37,51.5,53.1,46.9,48.5,87.0,62.2,0,0.0
2023-09-25,Monday,39,2023,Weekdays,4,Jacksonville,228,3895.47,17.09,44.6,52.7,47.3,55.4,91.0,81.6,1,0.8
2023-09-25,Monday,39,2023,Weekdays,2,Orlando,290,4549.74,15.69,44.6,52.7,47.3,55.4,91.0,81.6,1,0.8
2023-09-25,Monday,39,2023,Weekdays,1,Miami Beach,300,5877.49,19.59,44.6,52.7,47.3,55.4,91.0,81.6,1,0.8
2023-09-25,Monday,39,2023,Weekdays,3,Tampa,246,3889.11,15.81,44.6,52.7,47.3,55.4,91.0,81.6,1,0.8
2023-09-26,Tuesday,39,2023,Weekdays,1,Miami Beach,338,6407.74,18.96,45.4,55.2,44.8,54.6,94.3,65.0,1,0.34
2023-09-26,Tuesday,39,2023,Weekdays,2,Orlando,296,4651.42,15.71,45.4,55.2,44.8,54.6,94.3,65.0,1,0.34
2023-09-26,Tuesday,39,2023,Weekdays,3,Tampa,249,4505.19,18.09,45.4,55.2,44.8,54.6,94.3,65.0,1,0.34
2023-09-26,Tuesday,39,2023,Weekdays,4,Jacksonville,281,4104.77,14.61,45.4,55.2,44.8,54.6,94.3,65.0,1,0.34
2023-09-27,Wednesday,39,2023,Weekdays,2,Orlando,261,4506.26,17.27,44.4,52.9,47.1,55.6,86.0,70.0,1,0.29
2023-09-27,Wednesday,39,2023,Weekdays,4,Jacksonville,205,2985.15,14.56,44.4,52.9,47.1,55.6,86.0,70.0,1,0.29
2023-09-27,Wednesday,39,2023,Weekdays,3,Tampa,239,3794.97,15.88,44.4,52.9,47.1,55.6,86.0,70.0,1,0.29
2023-09-27,Wednesday,39,2023,Weekdays,1,Miami Beach,259,5077.77,19.61,44.4,52.9,47.1,55.6,86.0,70.0,1,0.29
2023-09-28,Thursday,39,2023,Weekdays,2,Orlando,241,3921.12,16.27,45.7,54.8,45.2,54.3,86.6,73.6,1,0.23
2023-09-28,Thursday,39,2023,Weekdays,3,Tampa,252,4227.92,16.78,45.7,54.8,45.2,54.3,86.6,73.6,1,0.23
2023-09-28,Thursday,39,2023,Weekdays,1,Miami Beach,313,5249.2,16.77,45.7,54.8,45.2,54.3,86.6,73.6,1,0.23
2023-09-28,Thursday,39,2023,Weekdays,4,Jacksonville,225,3503.03,15.57,45.7,54.8,45.2,54.3,86.6,73.6,1,0.23
2023-09-29,Friday,39,2023,Weekdays,1,Miami Beach,311,5238.29,16.84,43.8,54.5,45.5,56.2,87.9,74.7,0,0.0
2023-09-29,Friday,39,2023,Weekdays,2,Orlando,259,4388.34,16.94,43.8,54.5,45.5,56.2,87.9,74.7,0,0.0
2023-09-29,Friday,39,2023,Weekdays,3,Tampa,260,4387.8,16.88,43.8,54.5,45.5,56.2,87.9,74.7,0,0.0
2023-09-29,Friday,39,2023,Weekdays,4,Jacksonville,221,3488.75,15.79,43.8,54.5,45.5,56.2,87.9,74.7,0,0.0
2023-09-30,Saturday,39,2023,Weekends,1,Miami Beach,362,6285.73,17.36,49.9,54.1,45.9,50.1,91.9,69.1,1,0.64
2023-09-30,Saturday,39,2023,Weekends,2,Orlando,310,5011.36,16.17,49.9,54.1,45.9,50.1,91.9,69.1,1,0.64
2023-09-30,Saturday,39,2023,Weekends,3,Tampa,309,4856.01,15.72,49.9,54.1,45.9,50.1,91.9,69.1,1,0.64
2023-09-30,Saturday,39,2023,Weekends,4,Jacksonville,235,3475.57,14.79,49.9,54.1,45.9,50.1,91.9,69.1,1,0.64
2023-10-01,Sunday,40,2023,Weekends,1,Miami Beach,366,6439.72,17.59,48.8,53.0,47.0,51.2,89.5,68.6,0,0.0
2023-10-01,Sunday,40,2023,Weekends,2,Orlando,309,5467.29,17.69,48.8,53.0,47.0,51.2,89.5,68.6,0,0.0
2023-10-01,Sunday,40,2023,Weekends,3,Tampa,295,5136.65,17.41,48.8,53.0,47.0,51.2,89.5,68.6,0,0.0
2023-10-01,Sunday,40,2023,Weekends,4,Jacksonville,284,4241.68,14.94,48.8,53.0,47.0,51.2,89.5,68.6,0,0.0
2023-10-02,Monday,40,2023,Weekdays,1,Miami Beach,339,6058.6,17.87,44.7,55.0,45.0,55.3,88.6,80.5,1,0.23
2023-10-02,Monday,40,2023,Weekdays,2,Orlando,283,4789.55,16.92,44.7,55.0,45.0,55.3,88.6,80.5,1,0.23
2023-10-02,Monday,40,2023,Weekdays,4,Jacksonville,188,2771.16,14.74,44.7,55.0,45.0,55.3,88.6,80.5,1,0.23
2023-10-02,Monday,40,2023,Weekdays,3,Tampa,277,4600.38,16.61,44.7,55.0,45.0,55.3,88.6,80.5,1,0.23
2023-10-03,Tuesday,40,2023,Weekdays,4,Jacksonville,210,3085.81,14.69,43.8,54.5,45.5,56.2,87.2,70.9,0,0.0
2023-10-03,Tuesday,40,2023,Weekdays,1,Miami Beach,299,5224.5,17.47,43.8,54.5,45.5,56.2,87.2,70.9,0,0.0
2023-10-03,Tuesday,40,2023,Weekdays,3,Tampa,248,3948.44,15.92,43.8,54.5,45.5,56.2,87.2,70.9,0,0.0
2023-10-03,Tuesday,40,2023,Weekdays,2,Orlando,305,5315.98,17.43,43.8,54.5,45.5,56.2,87.2,70.9,0,0.0
2023-10-04,Wednesday,40,2023,Weekdays,1,Miami Beach,326,5311.5,16.29,43.6,54.8,45.2,56.4,89.7,79.2,0,0.0
2023-10-04,Wednesday,40,2023,Weekdays,4,Jacksonville,214,3636.23,16.99,43.6,54.8,45.2,56.4,89.7,79.2,0,0.0
2023-10-04,Wednesday,40,2023,Weekdays,3,Tampa,266,4168.65,15.67,43.6,54.8,45.2,56.4,89.7,79.2,0,0.0
2023-10-04,Wednesday,40,2023,Weekdays,2,Orlando,286,4852.14,16.97,43.6,54.8,45.2,56.4,89.7,79.2,0,0.0
2023-10-05,Thursday,40,2023,Weekdays,4,Jacksonville,230,3945.98,17.16,44.7,54.9,45.1,55.3,85.4,75.2,0,0.0
2023-10-05,Thursday,40,2023,Weekdays,1,Miami Beach,298,5114.07,17.16,44.7,54.9,45.1,55.3,85.4,75.2,0,0.0
2023-10-05,Thursday,40,2023,Weekdays,3,Tampa,188,2875.97,15.3,44.7,54.9,45.1,55.3,85.4,75.2,0,0.0
2023-10-05,Thursday,40,2023,Weekdays,2,Orlando,278,4698.64,16.9,44.7,54.9,45.1,55.3,85.4,75.2,0,0.0
2023-10-06,Friday,40,2023,Weekdays,2,Orlando,284,4612.33,16.24,45.0,54.8,45.2,55.0,89.5,79.6,0,0.0
2023-10-06,Friday,40,2023,Weekdays,1,Miami Beach,319,6038.88,18.93,45.0,54.8,45.2,55.0,89.5,79.6,0,0.0
2023-10-06,Friday,40,2023,Weekdays,4,Jacksonville,229,3880.85,16.95,45.0,54.8,45.2,55.0,89.5,79.6,0,0.0
2023-10-06,Friday,40,2023,Weekdays,3,Tampa,259,3757.83,14.51,45.0,54.8,45.2,55.0,89.5,79.6,0,0.0
2023-10-07,Saturday,40,2023,Weekends,2,Orlando,284,4766.25,16.78,51.0,52.7,47.3,49.0,87.0,71.4,1,1.33
2023-10-07,Saturday,40,2023,Weekends,1,Miami Beach,320,6036.71,18.86,51.0,52.7,47.3,49.0,87.0,71.4,1,1.33
2023-10-07,Saturday,40,2023,Weekends,3,Tampa,264,4465.08,16.91,51.0,52.7,47.3,49.0,87.0,71.4,1,1.33
2023-10-07,Saturday,40,2023,Weekends,4,Jacksonville,254,3898.0,15.35,51.0,52.7,47.3,49.0,87.0,71.4,1,1.33
2023-10-08,Sunday,41,2023,Weekends,4,Jacksonville,234,3716.42,15.88,50.7,53.0,47.0,49.3,86.3,74.3,1,0.33
2023-10-08,Sunday,41,2023,Weekends,2,Orlando,303,5176.49,17.08,50.7,53.0,47.0,49.3,86.3,74.3,1,0.33
2023-10-08,Sunday,41,2023,Weekends,3,Tampa,279,5276.35,18.91,50.7,53.0,47.0,49.3,86.3,74.3,1,0.33
2023-10-08,Sunday,41,2023,Weekends,1,Miami Beach,354,6254.88,17.67,50.7,53.0,47.0,49.3,86.3,74.3,1,0.33
2023-10-09,Monday,41,2023,Weekdays,3,Tampa,255,4145.96,16.26,42.6,55.2,44.8,57.4,91.5,70.7,0,0.0
2023-10-09,Monday,41,2023,Weekdays,1,Miami Beach,353,6868.01,19.46,42.6,55.2,44.8,57.4,91.5,70.7,0,0.0
2023-10-09,Monday,41,2023,Weekdays,2,Orlando,271,4654.56,17.18,42.6,55.2,44.8,57.4,91.5,70.7,0,0.0
2023-10-09,Monday,41,2023,Weekdays,4,Jacksonville,232,3683.56,15.88,42.6,55.2,44.8,57.4,91.5,70.7,0,0.0
2023-10-10,Tuesday,41,2023,Weekdays,1,Miami Beach,323,5341.74,16.54,44.5,54.4,45.6,55.5,89.8,75.2,0,0.0
2023-10-10,Tuesday,41,2023,Weekdays,3,Tampa,267,4541.81,17.01,44.5,54.4,45.6,55.5,89.8,75.2,0,0.0
2023-10-10,Tuesday,41,2023,Weekdays,4,Jacksonville,238,3756.3,15.78,44.5,54.4,45.6,55.5,89.8,75.2,0,0.0
2023-10-10,Tuesday,41,2023,Weekdays,2,Orlando,286,4820.53,16.86,44.5,54.4,45.6,55.5,89.8,75.2,0,0.0
2023-10-11,Wednesday,41,2023,Weekdays,1,Miami Beach,341,5829.52,17.1,44.1,54.1,45.9,55.9,87.4,78.6,0,0.0
2023-10-11,Wednesday,41,2023,Weekdays,2,Orlando,256,4113.71,16.07,44.1,54.1,45.9,55.9,87.4,78.6,0,0.0
2023-10-11,Wednesday,41,2023,Weekdays,4,Jacksonville,227,3713.29,16.36,44.1,54.1,45.9,55.9,87.4,78.6,0,0.0
2023-10-11,Wednesday,41,2023,Weekdays,3,Tampa,243,4135.56,17.02,44.1,54.1,45.9,55.9,87.4,78.6,0,0.0
2023-10-12,Thursday,41,2023,Weekdays,4,Jacksonville,206,3257.88,15.81,43.9,53.8,46.2,56.1,88.1,68.5,0,0.0
2023-10-12,Thursday,41,2023,Weekdays,1,Miami Beach,314,6208.48,19.77,43.9,53.8,46.2,56.1,88.1,68.5,0,0.0
2023-10-12,Thursday,41,2023,Weekdays,3,Tampa,261,4498.7,17.24,43.9,53.8,46.2,56.1,88.1,68.5,0,0.0
2023-10-12,Thursday,41,2023,Weekdays,2,Orlando,277,4819.36,17.4,43.9,53.8,46.2,56.1,88.1,68.5,0,0.0
2023-10-13,Friday,41,2023,Weekdays,3,Tampa,247,3729.23,15.1,43.6,52.6,47.4,56.4,90.8,72.6,1,0.78
2023-10-13,Friday,41,2023,Weekdays,2,Orlando,280,5173.04,18.48,43.6,52.6,47.4,56.4,90.8,72.6,1,0.78
2023-10-13,Friday,41,2023,Weekdays,1,Miami Beach,317,5848.33,18.45,43.6,52.6,47.4,56.4,90.8,72.6,1,0.78
2023-10-13,Friday,41,2023,Weekdays,4,Jacksonville,229,3491.87,15.25,43.6,52.6,47.4,56.4,90.8,72.6,1,0.78
2023-10-14,Saturday,41,2023,Weekends,4,Jacksonville,260,3984.62,15.33,48.9,58.1,41.9,51.1,90.5,71.2,0,0.0
2023-10-14,Saturday,41,2023,Weekends,3,Tampa,305,5109.36,16.75,48.9,58.1,41.9,51.1,90.5,71.2,0,0.0
2023-10-14,Saturday,41,2023,Weekends,1,Miami Beach,346,6482.75,18.74,48.9,58.1,41.9,51.1,90.5,71.2,0,0.0
2023-10-14,Saturday,41,2023,Weekends,2,Orlando,314,5415.24,17.25,48.9,58.1,41.9,51.1,90.5,71.2,0,0.0
2023-10-15,Sunday,42,2023,Weekends,1,Miami Beach,376,6396.6,17.01,52.5,52.6,47.4,47.5,91.6,71.3,1,0.99
2023-10-15,Sunday,42,2023,Weekends,3,Tampa,286,4305.47,15.05,52.5,52.6,47.4,47.5,91.6,71.3,1,0.99
2023-10-15,Sunday,42,2023,Weekends,4,Jacksonville,249,4121.95,16.55,52.5,52.6,47.4,47.5,91.6,71.3,1,0.99
2023-10-15,Sunday,42,2023,Weekends,2,Orlando,317,4645.62,14.65,52.5,52.6,47.4,47.5,91.6,71.3,1,0.99
2023-10-16,Monday,42,2023,Weekdays,4,Jacksonville,203,3152.77,15.53,44.8,53.0,47.0,55.2,88.2,71.3,0,0.0
2023-10-16,Monday,42,2023,Weekdays,1,Miami Beach,362,6704.7,18.52,44.8,53.0,47.0,55.2,88.2,71.3,0,0.0
2023-10-16,Monday,42,2023,Weekdays,3,Tampa,262,4735.12,18.07,44.8,53.0,47.0,55.2,88.2,71.3,0,0.0
2023-10-16,Monday,42,2023,Weekdays,2,Orlando,258,4158.03,16.12,44.8,53.0,47.0,55.2,88.2,71.3,0,0.0
2023-10-17,Tuesday,42,2023,Weekdays,3,Tampa,271,4317.9,15.93,43.0,53.3,46.7,57.0,89.1,71.3,0,0.0
2023-10-17,Tuesday,42,2023,Weekdays,4,Jacksonville,244,3517.86,14.42,43.0,53.3,46.7,57.0,89.1,71.3,0,0.0
2023-10-17,Tuesday,42,2023,Weekdays,1,Miami Beach,293,5384.05,18.38,43.0,53.3,46.7,57.0,89.1,71.3,0,0.0
2023-10-17,Tuesday,42,2023,Weekdays,2,Orlando,273,4649.46,17.03,43.0,53.3,46.7,57.0,89.1,71.3,0,0.0
2023-10-18,Wednesday,42,2023,Weekdays,2,Orlando,290,4919.95,16.97,45.5,53.6,46.4,54.5,91.5,74.8,1,0.61
2023-10-18,Wednesday,42,2023,Weekdays,1,Miami Beach,349,6434.54,18.44,45.5,53.6,46.4,54.5,91.5,74.8,1,0.61
2023-10-18,Wednesday,42,2023,Weekdays,4,Jacksonville,241,3811.88,15.82,45.5,53.6,46.4,54.5,91.5,74.8,1,0.61
2023-10-18,Wednesday,42,2023,Weekdays,3,Tampa,244,3997.06,16.38,45.5,53.6,46.4,54.5,91.5,74.8,1,0.61
2023-10-19,Thursday,42,2023,Weekdays,4,Jacksonville,244,3692.75,15.13,45.7,53.9,46.1,54.3,85.9,60.1,0,0.0
2023-10-19,Thursday,42,2023,Weekdays,3,Tampa,238,4235.45,17.8,45.7,53.9,46.1,54.3,85.9,60.1,0,0.0
2023-10-19,Thursday,42,2023,Weekdays,1,Miami Beach,323,5925.48,18.35,45.7,53.9,46.1,54.3,85.9,60.1,0,0.0
2023-10-19,Thursday,42,2023,Weekdays,2,Orlando,274,4838.72,17.66,45.7,53.9,46.1,54.3,85.9,60.1,0,0.0
2023-10-20,Friday,42,2023,Weekdays,1,Miami Beach,314,6046.69,19.26,43.7,52.7,47.3,56.3,89.3,74.8,0,0.0
2023-10-20,Friday,42,2023,Weekdays,3,Tampa,227,3796.06,16.72,43.7,52.7,47.3,56.3,89.3,74.8,0,0.0
2023-10-20,Friday,42,2023,Weekdays,4,Jacksonville,242,3785.56,15.64,43.7,52.7,47.3,56.3,89.3,74.8,0,0.0
2023-10-20,Friday,42,2023,Weekdays,2,Orlando,293,4679.67,15.97,43.7,52.7,47.3,56.3,89.3,74.8,0,0.0
2023-10-21,Saturday,42,2023,Weekends,1,Miami Beach,370,7094.63,19.17,50.6,54.0,46.0,49.4,86.0,73.6,0,0.0
2023-10-21,Saturday,42,2023,Weekends,4,Jacksonville,233,3959.89,17.0,50.6,54.0,46.0,49.4,86.0,73.6,0,0.0
2023-10-21,Saturday,42,2023,Weekends,2,Orlando,257,4444.84,17.3,50.6,54.0,46.0,49.4,86.0,73.6,0,0.0
2023-10-21,Saturday,42,2023,Weekends,3,Tampa,280,4266.13,15.24,50.6,54.0,46.0,49.4,86.0,73.6,0,0.0
2023-10-22,Sunday,43,2023,Weekends,4,Jacksonville,215,3507.45,16.31,48.5,52.9,47.1,51.5,88.1,72.3,0,0.0
2023-10-22,Sunday,43,2023,Weekends,3,Tampa,274,4530.63,16.54,48.5,52.9,47.1,51.5,88.1,72.3,0,0.0
2023-10-22,Sunday,43,2023,Weekends,1,Miami Beach,356,6977.22,19.6,48.5,52.9,47.1,51.5,88.1,72.3,0,0.0
2023-10-22,Sunday,43,2023,Weekends,2,Orlando,298,5086.08,17.07,48.5,52.9,47.1,51.5,88.1,72.3,0,0.0
2023-10-23,Monday,43,2023,Weekdays,4,Jacksonville,237,3484.46,14.7,44.5,55.9,44.1,55.5,88.7,61.6,0,0.0
2023-10-23,Monday,43,2023,Weekdays,1,Miami Beach,293,5265.31,17.97,44.5,55.9,44.1,55.5,88.7,61.6,0,0.0
2023-10-23,Monday,43,2023,Weekdays,3,Tampa,239,4063.62,17.0,44.5,55.9,44.1,55.5,88.7,61.6,0,0.0
2023-10-23,Monday,43,2023,Weekdays,2,Orlando,260,4920.71,18.93,44.5,55.9,44.1,55.5,88.7,61.6,0,0.0
2023-10-24,Tuesday,43,2023,Weekdays,3,Tampa,265,4531.36,17.1,45.2,52.5,47.5,54.8,84.1,72.1,0,0.0
2023-10-24,Tuesday,43,2023,Weekdays,2,Orlando,252,4422.8,17.55,45.2,52.5,47.5,54.8,84.1,72.1,0,0.0
2023-10-24,Tuesday,43,2023,Weekdays,1,Miami Beach,299,5690.52,19.03,45.2,52.5,47.5,54.8,84.1,72.1,0,0.0
2023-10-24,Tuesday,43,2023,Weekdays,4,Jacksonville,187,2905.54,15.54,45.2,52.5,47.5,54.8,84.1,72.1,0,0.0
2023-10-25,Wednesday,43,2023,Weekdays,1,Miami Beach,290,5299.51,18.27,43.9,54.8,45.2,56.1,84.2,68.3,0,0.0
2023-10-25,Wednesday,43,2023,Weekdays,3,Tampa,225,4000.8,17.78,43.9,54.8,45.2,56.1,84.2,68.3,0,0.0
2023-10-25,Wednesday,43,2023,Weekdays,4,Jacksonville,201,3179.51,15.82,43.9,54.8,45.2,56.1,84.2,68.3,0,0.0
2023-10-25,Wednesday,43,2023,Weekdays,2,Orlando,276,4701.69,17.04,43.9,54.8,45.2,56.1,84.2,68.3,0,0.0
2023-10-26,Thursday,43,2023,Weekdays,1,Miami Beach,295,5713.45,19.37,45.3,52.8,47.2,54.7,81.8,75.8,0,0.0
2023-10-26,Thursday,43,2023,Weekdays,4,Jacksonville,205,2929.24,14.29,45.3,52.8,47.2,54.7,81.8,75.8,0,0.0
2023-10-26,Thursday,43,2023,Weekdays,2,Orlando,257,4132.47,16.08,45.3,52.8,47.2,54.7,81.8,75.8,0,0.0
2023-10-26,Thursday,43,2023,Weekdays,3,Tampa,219,3747.62,17.11,45.3,52.8,47.2,54.7,81.8,75.8,0,0.0
2023-10-27,Friday,43,2023,Weekdays,4,Jacksonville,229,3740.85,16.34,43.7,52.8,47.2,56.3,85.6,66.8,0,0.0
2023-10-27,Friday,43,2023,Weekdays,1,Miami Beach,290,5310.16,18.31,43.7,52.8,47.2,56.3,85.6,66.8,0,0.0
2023-10-27,Friday,43,2023,Weekdays,3,Tampa,250,3562.58,14.25,43.7,52.8,47.2,56.3,85.6,66.8,0,0.0
2023-10-27,Friday,43,2023,Weekdays,2,Orlando,273,4917.51,18.01,43.7,52.8,47.2,56.3,85.6,66.8,0,0.0
2023-10-28,Saturday,43,2023,Weekends,1,Miami Beach,327,6512.78,19.92,48.6,53.4,46.6,51.4,86.6,73.7,0,0.0
2023-10-28,Saturday,43,2023,Weekends,3,Tampa,276,4717.83,17.09,48.6,53.4,46.6,51.4,86.6,73.7,0,0.0
2023-10-28,Saturday,43,2023,Weekends,2,Orlando,293,5047.81,17.23,48.6,53.4,46.6,51.4,86.6,73.7,0,0.0
2023-10-28,Saturday,43,2023,Weekends,4,Jacksonville,235,3753.58,15.97,48.6,53.4,46.6,51.4,86.6,73.7,0,0.0
2023-10-29,Sunday,44,2023,Weekends,2,Orlando,237,3587.06,15.14,49.1,54.3,45.7,50.9,83.4,73.8,1,0.4
2023-10-29,Sunday,44,2023,Weekends,3,Tampa,273,4450.2,16.3,49.1,54.3,45.7,50.9,83.4,73.8,1,0.4
2023-10-29,Sunday,44,2023,Weekends,1,Miami Beach,324,5755.88,17.77,49.1,54.3,45.7,50.9,83.4,73.8,1,0.4
2023-10-29,Sunday,44,2023,Weekends,4,Jacksonville,261,4181.4,16.02,49.1,54.3,45.7,50.9,83.4,73.8,1,0.4
2023-10-30,Monday,44,2023,Weekdays,2,Orlando,280,4899.96,17.5,44.0,54.4,45.6,56.0,85.5,66.7,0,0.0
2023-10-30,Monday,44,2023,Weekdays,3,Tampa,262,4279.99,16.34,44.0,54.4,45.6,56.0,85.5,66.7,0,0.0
2023-10-30,Monday,44,2023,Weekdays,1,Miami Beach,302,5330.69,17.65,44.0,54.4,45.6,56.0,85.5,66.7,0,0.0
2023-10-30,Monday,44,2023,Weekdays,4,Jacksonville,259,4038.18,15.59,44.0,54.4,45.6,56.0,85.5,66.7,0,0.0
2023-10-31,Tuesday,44,2023,Weekdays,3,Tampa,226,3804.06,16.83,44.0,52.9,47.1,56.0,86.3,64.9,0,0.0
2023-10-31,Tuesday,44,2023,Weekdays,2,Orlando,284,4719.91,16.62,44.0,52.9,47.1,56.0,86.3,64.9,0,0.0
2023-10-31,Tuesday,44,2023,Weekdays,1,Miami Beach,324,6226.2,19.22,44.0,52.9,47.1,56.0,86.3,64.9,0,0.0
2023-10-31,Tuesday,44,2023,Weekdays,4,Jacksonville,267,3781.16,14.16,44.0,52.9,47.1,56.0,86.3,64.9,0,0.0
2023-11-01,Wednesday,44,2023,Weekdays,2,Orlando,280,4757.58,16.99,44.6,54.2,45.8,55.4,89.3,75.5,0,0.0
2023-11-01,Wednesday,44,2023,Weekdays,1,Miami Beach,302,5679.73,18.81,44.6,54.2,45.8,55.4,89.3,75.5,0,0.0
2023-11-01,Wednesday,44,2023,Weekdays,3,Tampa,271,4572.05,16.87,44.6,54.2,45.8,55.4,89.3,75.5,0,0.0
2023-11-01,Wednesday,44,2023,Weekdays,4,Jacksonville,231,3449.89,14.93,44.6,54.2,45.8,55.4,89.3,75.5,0,0.0
2023-11-02,Thursday,44,2023,Weekdays,1,Miami Beach,251,4904.2,19.54,44.1,55.3,44.7,55.9,81.8,60.3,1,2.65
2023-11-02,Thursday,44,2023,Weekdays,4,Jacksonville,187,2978.54,15.93,44.1,55.3,44.7,55.9,81.8,60.3,1,2.65
2023-11-02,Thursday,44,2023,Weekdays,3,Tampa,195,3198.97,16.4,44.1,55.3,44.7,55.9,81.8,60.3,1,2.65
2023-11-02,Thursday,44,2023,Weekdays,2,Orlando,216,3320.65,15.37,44.1,55.3,44.7,55.9,81.8,60.3,1,2.65
2023-11-03,Friday,44,2023,Weekdays,4,Jacksonville,247,3645.98,14.76,44.6,53.9,46.1,55.4,92.2,74.4,1,0.94
2023-11-03,Friday,44,2023,Weekdays,3,Tampa,259,4505.4,17.4,44.6,53.9,46.1,55.4,92.2,74.4,1,0.94
2023-11-03,Friday,44,2023,Weekdays,1,Miami Beach,311,5609.5,18.04,44.6,53.9,46.1,55.4,92.2,74.4,1,0.94
2023-11-03,Friday,44,2023,Weekdays,2,Orlando,262,4269.73,16.3,44.6,53.9,46.1,55.4,92.2,74.4,1,0.94
2023-11-04,Saturday,44,2023,Weekends,3,Tampa,283,4633.74,16.37,52.4,53.9,46.1,47.6,82.8,68.6,1,0.64
2023-11-04,Saturday,44,2023,Weekends,4,Jacksonville,249,3719.09,14.94,52.4,53.9,46.1,47.6,82.8,68.6,1,0.64
2023-11-04,Saturday,44,2023,Weekends,1,Miami Beach,294,4854.43,16.51,52.4,53.9,46.1,47.6,82.8,68.6,1,0.64
2023-11-04,Saturday,44,2023,Weekends,2,Orlando,286,4958.49,17.34,52.4,53.9,46.1,47.6,82.8,68.6,1,0.64
2023-11-05,Sunday,45,2023,Weekends,4,Jacksonville,246,3750.25,15.24,49.0,53.2,46.8,51.0,83.0,54.7,0,0.0
2023-11-05,Sunday,45,2023,Weekends,1,Miami Beach,335,6870.02,20.51,49.0,53.2,46.8,51.0,83.0,54.7,0,0.0
2023-11-05,Sunday,45,2023,Weekends,2,Orlando,277,4751.94,17.16,49.0,53.2,46.8,51.0,83.0,54.7,0,0.0
2023-11-05,Sunday,45,2023,Weekends,3,Tampa,253,4355.83,17.22,49.0,53.2,46.8,51.0,83.0,54.7,0,0.0
2023-11-06,Monday,45,2023,Weekdays,4,Jacksonville,193,3060.56,15.86,44.3,54.4,45.6,55.7,80.2,67.1,0,0.0
2023-11-06,Monday,45,2023,Weekdays,1,Miami Beach,245,4707.37,19.21,44.3,54.4,45.6,55.7,80.2,67.1,0,0.0
2023-11-06,Monday,45,2023,Weekdays,3,Tampa,226,3601.87,15.94,44.3,54.4,45.6,55.7,80.2,67.1,0,0.0
2023-11-06,Monday,45,2023,Weekdays,2,Orlando,215,3514.61,16.35,44.3,54.4,45.6,55.7,80.2,67.1,0,0.0
2023-11-07,Tuesday,45,2023,Weekdays,2,Orlando,249,3679.95,14.78,41.9,53.7,46.3,58.1,85.4,70.3,0,0.0
2023-11-07,Tuesday,45,2023,Weekdays,3,Tampa,266,4305.51,16.19,41.9,53.7,46.3,58.1,85.4,70.3,0,0.0
2023-11-07,Tuesday,45,2023,Weekdays,4,Jacksonville,197,3136.82,15.92,41.9,53.7,46.3,58.1,85.4,70.3,0,0.0
2023-11-07,Tuesday,45,2023,Weekdays,1,Miami Beach,274,4905.9,17.9,41.9,53.7,46.3,58.1,85.4,70.3,0,0.0
2023-11-08,Wednesday,45,2023,Weekdays,2,Orlando,237,3915.05,16.52,45.0,53.9,46.1,55.0,78.9,66.3,1,0.46
2023-11-08,Wednesday,45,2023,Weekdays,1,Miami Beach,247,4441.92,17.98,45.0,53.9,46.1,55.0,78.9,66.3,1,0.46
2023-11-08,Wednesday,45,2023,Weekdays,3,Tampa,224,3632.71,16.22,45.0,53.9,46.1,55.0,78.9,66.3,1,0.46
2023-11-08,Wednesday,45,2023,Weekdays,4,Jacksonville,217,3333.43,15.36,45.0,53.9,46.1,55.0,78.9,66.3,1,0.46
2023-11-09,Thursday,45,2023,Weekdays,3,Tampa,289,4986.94,17.26,43.5,52.0,48.0,56.5,89.1,53.0,1,0.28
2023-11-09,Thursday,45,2023,Weekdays,2,Orlando,257,4511.1,17.55,43.5,52.0,48.0,56.5,89.1,53.0,1,0.28
2023-11-09,Thursday,45,2023,Weekdays,1,Miami Beach,313,5437.14,17.37,43.5,52.0,48.0,56.5,89.1,53.0,1,0.28
2023-11-09,Thursday,45,2023,Weekdays,4,Jacksonville,238,3755.19,15.78,43.5,52.0,48.0,56.5,89.1,53.0,1,0.28
2023-11-10,Friday,45,2023,Weekdays,1,Miami Beach,250,4539.3,18.16,42.3,52.5,47.5,57.7,77.4,70.5,0,0.0
2023-11-10,Friday,45,2023,Weekdays,3,Tampa,197,3176.58,16.12,42.3,52.5,47.5,57.7,77.4,70.5,0,0.0
2023-11-10,Friday,45,2023,Weekdays,2,Orlando,254,4302.66,16.94,42.3,52.5,47.5,57.7,77.4,70.5,0,0.0
2023-11-10,Friday,45,2023,Weekdays,4,Jacksonville,205,3178.99,15.51,42.3,52.5,47.5,57.7,77.4,70.5,0,0.0
2023-11-11,Saturday,45,2023,Weekends,2,Orlando,296,5058.84,17.09,50.6,53.3,46.7,49.4,86.7,59.4,1,0.41
2023-11-11,Saturday,45,2023,Weekends,4,Jacksonville,274,4085.01,14.91,50.6,53.3,46.7,49.4,86.7,59.4,1,0.41
2023-11-11,Saturday,45,2023,Weekends,1,Miami Beach,339,5932.61,17.5,50.6,53.3,46.7,49.4,86.7,59.4,1,0.41
2023-11-11,Saturday,45,2023,Weekends,3,Tampa,305,5000.6,16.4,50.6,53.3,46.7,49.4,86.7,59.4,1,0.41
2023-11-12,Sunday,46,2023,Weekends,4,Jacksonville,246,3925.83,15.96,48.6,55.0,45.0,51.4,83.5,54.8,1,0.61
2023-11-12,Sunday,46,2023,Weekends,3,Tampa,285,4721.06,16.57,48.6,55.0,45.0,51.4,83.5,54.8,1,0.61
2023-11-12,Sunday,46,2023,Weekends,2,Orlando,266,4449.65,16.73,48.6,55.0,45.0,51.4,83.5,54.8,1,0.61
2023-11-12,Sunday,46,2023,Weekends,1,Miami Beach,336,5974.94,17.78,48.6,55.0,45.0,51.4,83.5,54.8,1,0.61
2023-11-13,Monday,46,2023,Weekdays,2,Orlando,223,3386.03,15.18,44.1,52.0,48.0,55.9,79.4,57.0,0,0.0
2023-11-13,Monday,46,2023,Weekdays,1,Miami Beach,291,5124.29,17.61,44.1,52.0,48.0,55.9,79.4,57.0,0,0.0
2023-11-13,Monday,46,2023,Weekdays,4,Jacksonville,190,2824.28,14.86,44.1,52.0,48.0,55.9,79.4,57.0,0,0.0
2023-11-13,Monday,46,2023,Weekdays,3,Tampa,207,3595.66,17.37,44.1,52.0,48.0,55.9,79.4,57.0,0,0.0
2023-11-14,Tuesday,46,2023,Weekdays,1,Miami Beach,285,5577.02,19.57,43.5,52.2,47.8,56.5,86.2,63.9,0,0.0
2023-11-14,Tuesday,46,2023,Weekdays,4,Jacksonville,229,3675.57,16.05,43.5,52.2,47.8,56.5,86.2,63.9,0,0.0
2023-11-14,Tuesday,46,2023,Weekdays,3,Tampa,241,3819.67,15.85,43.5,52.2,47.8,56.5,86.2,63.9,0,0.0
2023-11-14,Tuesday,46,2023,Weekdays,2,Orlando,248,4252.45,17.15,43.5,52.2,47.8,56.5,86.2,63.9,0,0.0
2023-11-15,Wednesday,46,2023,Weekdays,1,Miami Beach,265,5021.56,18.95,45.6,52.3,47.7,54.4,80.8,63.6,0,0.0
2023-11-15,Wednesday,46,2023,Weekdays,3,Tampa,258,4092.94,15.86,45.6,52.3,47.7,54.4,80.8,63.6,0,0.0
2023-11-15,Wednesday,46,2023,Weekdays,2,Orlando,209,3456.44,16.54,45.6,52.3,47.7,54.4,80.8,63.6,0,0.0
2023-11-15,Wednesday,46,2023,Weekdays,4,Jacksonville,225,3794.04,16.86,45.6,52.3,47.7,54.4,80.8,63.6,0,0.0
2023-11-16,Thursday,46,2023,Weekdays,4,Jacksonville,207,2882.02,13.92,44.6,52.9,47.1,55.4,81.2,58.5,0,0.0
2023-11-16,Thursday,46,2023,Weekdays,2,Orlando,245,4219.36,17.22,44.6,52.9,47.1,55.4,81.2,58.5,0,0.0
2023-11-16,Thursday,46,2023,Weekdays,1,Miami Beach,274,4945.84,18.05,44.6,52.9,47.1,55.4,81.2,58.5,0,0.0
2023-11-16,Thursday,46,2023,Weekdays,3,Tampa,211,3735.26,17.7,44.6,52.9,47.1,55.4,81.2,58.5,0,0.0
2023-11-17,Friday,46,2023,Weekdays,4,Jacksonville,198,3350.62,16.92,46.0,53.8,46.2,54.0,79.2,61.4,1,1.16
2023-11-17,Friday,46,2023,Weekdays,3,Tampa,208,3570.57,17.17,46.0,53.8,46.2,54.0,79.2,61.4,1,1.16
2023-11-17,Friday,46,2023,Weekdays,2,Orlando,215,3819.74,17.77,46.0,53.8,46.2,54.0,79.2,61.4,1,1.16
2023-11-17,Friday,46,2023,Weekdays,1,Miami Beach,256,4311.91,16.84,46.0,53.8,46.2,54.0,79.2,61.4,1,1.16
2023-11-18,Saturday,46,2023,Weekends,4,Jacksonville,242,4043.6,16.71,50.4,55.0,45.0,49.6,86.7,68.8,0,0.0
2023-11-18,Saturday,46,2023,Weekends,1,Miami Beach,349,6443.0,18.46,50.4,55.0,45.0,49.6,86.7,68.8,0,0.0
2023-11-18,Saturday,46,2023,Weekends,2,Orlando,282,4841.2,17.17,50.4,55.0,45.0,49.6,86.7,68.8,0,0.0
2023-11-18,Saturday,46,2023,Weekends,3,Tampa,278,4919.38,17.7,50.4,55.0,45.0,49.6,86.7,68.8,0,0.0
2023-11-19,Sunday,47,2023,Weekends,1,Miami Beach,296,5744.18,19.41,48.0,53.0,47.0,52.0,83.7,55.0,1,1.03
2023-11-19,Sunday,47,2023,Weekends,2,Orlando,269,4722.29,17.55,48.0,53.0,47.0,52.0,83.7,55.0,1,1.03
2023-11-19,Sunday,47,2023,Weekends,3,Tampa,232,3829.86,16.51,48.0,53.0,47.0,52.0,83.7,55.0,1,1.03
2023-11-19,Sunday,47,2023,Weekends,4,Jacksonville,235,3242.32,13.8,48.0,53.0,47.0,52.0,83.7,55.0,1,1.03
2023-11-20,Monday,47,2023,Weekdays,3,Tampa,220,3831.36,17.42,44.9,52.0,48.0,55.1,78.8,59.8,0,0.0
2023-11-20,Monday,47,2023,Weekdays,2,Orlando,242,3967.89,16.4,44.9,52.0,48.0,55.1,78.8,59.8,0,0.0
2023-11-20,Monday,47,2023,Weekdays,4,Jacksonville,206,3358.62,16.3,44.9,52.0,48.0,55.1,78.8,59.8,0,0.0
2023-11-20,Monday,47,2023,Weekdays,1,Miami Beach,271,4806.9,17.74,44.9,52.0,48.0,55.1,78.8,59.8,0,0.0
2023-11-21,Tuesday,47,2023,Weekdays,2,Orlando,244,3814.58,15.63,44.8,54.3,45.7,55.2,80.5,68.3,0,0.0
2023-11-21,Tuesday,47,2023,Weekdays,1,Miami Beach,273,4967.47,18.2,44.8,54.3,45.7,55.2,80.5,68.3,0,0.0
2023-11-21,Tuesday,47,2023,Weekdays,3,Tampa,204,3502.27,17.17,44.8,54.3,45.7,55.2,80.5,68.3,0,0.0
2023-11-21,Tuesday,47,2023,Weekdays,4,Jacksonville,188,2949.73,15.69,44.8,54.3,45.7,55.2,80.5,68.3,0,0.0
2023-11-22,Wednesday,47,2023,Weekdays,2,Orlando,280,4851.14,17.33,43.3,54.8,45.2,56.7,83.0,58.6,0,0.0
2023-11-22,Wednesday,47,2023,Weekdays,3,Tampa,241,3875.1,16.08,43.3,54.8,45.2,56.7,83.0,58.6,0,0.0
2023-11-22,Wednesday,47,2023,Weekdays,4,Jacksonville,203,2835.58,13.97,43.3,54.8,45.2,56.7,83.0,58.6,0,0.0
2023-11-22,Wednesday,47,2023,Weekdays,1,Miami Beach,324,5700.22,17.59,43.3,54.8,45.2,56.7,83.0,58.6,0,0.0
2023-11-23,Thursday,47,2023,Weekdays,2,Orlando,268,4614.91,17.22,43.5,53.3,46.7,56.5,80.3,69.2,1,0.1
2023-11-23,Thursday,47,2023,Weekdays,3,Tampa,204,3427.87,16.8,43.5,53.3,46.7,56.5,80.3,69.2,1,0.1
2023-11-23,Thursday,47,2023,Weekdays,4,Jacksonville,207,3172.98,15.33,43.5,53.3,46.7,56.5,80.3,69.2,1,0.1
2023-11-23,Thursday,47,2023,Weekdays,1,Miami Beach,257,4757.4,18.51,43.5,53.3,46.7,56.5,80.3,69.2,1,0.1
2023-11-24,Friday,47,2023,Weekdays,4,Jacksonville,205,3322.02,16.2,43.2,53.8,46.2,56.8,78.8,57.8,0,0.0
2023-11-24,Friday,47,2023,Weekdays,3,Tampa,200,3285.95,16.43,43.2,53.8,46.2,56.8,78.8,57.8,0,0.0
2023-11-24,Friday,47,2023,Weekdays,1,Miami Beach,290,5374.31,18.53,43.2,53.8,46.2,56.8,78.8,57.8,0,0.0
2023-11-24,Friday,47,2023,Weekdays,2,Orlando,272,4688.04,17.24,43.2,53.8,46.2,56.8,78.8,57.8,0,0.0
2023-11-25,Saturday,47,2023,Weekends,2,Orlando,278,4489.79,16.15,51.9,52.6,47.4,48.1,86.1,59.5,0,0.0
2023-11-25,Saturday,47,2023,Weekends,3,Tampa,252,4025.4,15.97,51.9,52.6,47.4,48.1,86.1,59.5,0,0.0
2023-11-25,Saturday,47,2023,Weekends,1,Miami Beach,325,6141.56,18.9,51.9,52.6,47.4,48.1,86.1,59.5,0,0.0
2023-11-25,Saturday,47,2023,Weekends,4,Jacksonville,231,3858.58,16.7,51.9,52.6,47.4,48.1,86.1,59.5,0,0.0
2023-11-26,Sunday,48,2023,Weekends,2,Orlando,287,4499.06,15.68,49.8,52.2,47.8,50.2,88.3,62.9,0,0.0
2023-11-26,Sunday,48,2023,Weekends,3,Tampa,248,3953.5,15.94,49.8,52.2,47.8,50.2,88.3,62.9,0,0.0
2023-11-26,Sunday,48,2023,Weekends,4,Jacksonville,232,3695.62,15.93,49.8,52.2,47.8,50.2,88.3,62.9,0,0.0
2023-11-26,Sunday,48,2023,Weekends,1,Miami Beach,373,7415.89,19.88,49.8,52.2,47.8,50.2,88.3,62.9,0,0.0
2023-11-27,Monday,48,2023,Weekdays,3,Tampa,258,4397.06,17.04,43.1,53.0,47.0,56.9,85.7,48.7,0,0.0
2023-11-27,Monday,48,2023,Weekdays,2,Orlando,261,4276.24,16.38,43.1,53.0,47.0,56.9,85.7,48.7,0,0.0
2023-11-27,Monday,48,2023,Weekdays,1,Miami Beach,291,5177.81,17.79,43.1,53.0,47.0,56.9,85.7,48.7,0,0.0
2023-11-27,Monday,48,2023,Weekdays,4,Jacksonville,203,3213.52,15.83,43.1,53.0,47.0,56.9,85.7,48.7,0,0.0
2023-11-28,Tuesday,48,2023,Weekdays,2,Orlando,265,4686.94,17.69,43.5,52.0,48.0,56.5,82.8,52.6,0,0.0
2023-11-28,Tuesday,48,2023,Weekdays,1,Miami Beach,263,4748.05,18.05,43.5,52.0,48.0,56.5,82.8,52.6,0,0.0
2023-11-28,Tuesday,48,2023,Weekdays,3,Tampa,235,4023.28,17.12,43.5,52.0,48.0,56.5,82.8,52.6,0,0.0
2023-11-28,Tuesday,48,2023,Weekdays,4,Jacksonville,229,3671.61,16.03,43.5,52.0,48.0,56.5,82.8,52.6,0,0.0
2023-11-29,Wednesday,48,2023,Weekdays,1,Miami Beach,266,4556.84,17.13,43.8,52.5,47.5,56.2,81.1,59.2,0,0.0
2023-11-29,Wednesday,48,2023,Weekdays,4,Jacksonville,221,3637.52,16.46,43.8,52.5,47.5,56.2,81.1,59.2,0,0.0
2023-11-29,Wednesday,48,2023,Weekdays,3,Tampa,197,3002.09,15.24,43.8,52.5,47.5,56.2,81.1,59.2,0,0.0
2023-11-29,Wednesday,48,2023,Weekdays,2,Orlando,227,3988.11,17.57,43.8,52.5,47.5,56.2,81.1,59.2,0,0.0
2023-11-30,Thursday,48,2023,Weekdays,1,Miami Beach,259,4970.81,19.19,42.9,52.3,47.7,57.1,78.1,57.1,0,0.0
2023-11-30,Thursday,48,2023,Weekdays,3,Tampa,232,4027.31,17.36,42.9,52.3,47.7,57.1,78.1,57.1,0,0.0
2023-11-30,Thursday,48,2023,Weekdays,4,Jacksonville,180,2633.3,14.63,42.9,52.3,47.7,57.1,78.1,57.1,0,0.0
2023-11-30,Thursday,48,2023,Weekdays,2,Orlando,255,4289.05,16.82,42.9,52.3,47.7,57.1,78.1,57.1,0,0.0
2023-12-01,Friday,48,2023,Weekdays,1,Miami Beach,297,5043.88,16.98,44.2,52.9,47.1,55.8,79.0,60.5,0,0.0
2023-12-01,Friday,48,2023,Weekdays,2,Orlando,248,3813.27,15.38,44.2,52.9,47.1,55.8,79.0,60.5,0,0.0
2023-12-01,Friday,48,2023,Weekdays,4,Jacksonville,176,2801.02,15.91,44.2,52.9,47.1,55.8,79.0,60.5,0,0.0
2023-12-01,Friday,48,2023,Weekdays,3,Tampa,254,4141.17,16.3,44.2,52.9,47.1,55.8,79.0,60.5,0,0.0
2023-12-02,Saturday,48,2023,Weekends,1,Miami Beach,269,5129.33,19.07,48.4,51.6,48.4,51.6,78.8,55.3,0,0.0
2023-12-02,Saturday,48,2023,Weekends,2,Orlando,239,4200.99,17.58,48.4,51.6,48.4,51.6,78.8,55.3,0,0.0
2023-12-02,Saturday,48,2023,Weekends,4,Jacksonville,248,4101.14,16.54,48.4,51.6,48.4,51.6,78.8,55.3,0,0.0
2023-12-02,Saturday,48,2023,Weekends,3,Tampa,245,4216.47,17.21,48.4,51.6,48.4,51.6,78.8,55.3,0,0.0
2023-12-03,Sunday,49,2023,Weekends,3,Tampa,252,4186.63,16.61,50.8,53.5,46.5,49.2,79.1,57.2,0,0.0
2023-12-03,Sunday,49,2023,Weekends,1,Miami Beach,298,5105.36,17.13,50.8,53.5,46.5,49.2,79.1,57.2,0,0.0
2023-12-03,Sunday,49,2023,Weekends,4,Jacksonville,230,3682.72,16.01,50.8,53.5,46.5,49.2,79.1,57.2,0,0.0
2023-12-03,Sunday,49,2023,Weekends,2,Orlando,264,4828.36,18.29,50.8,53.5,46.5,49.2,79.1,57.2,0,0.0
2023-12-04,Monday,49,2023,Weekdays,4,Jacksonville,184,2848.73,15.48,46.4,53.5,46.5,53.6,76.1,56.2,0,0.0
2023-12-04,Monday,49,2023,Weekdays,2,Orlando,220,3699.36,16.82,46.4,53.5,46.5,53.6,76.1,56.2,0,0.0
2023-12-04,Monday,49,2023,Weekdays,1,Miami Beach,251,4419.73,17.61,46.4,53.5,46.5,53.6,76.1,56.2,0,0.0
2023-12-04,Monday,49,2023,Weekdays,3,Tampa,213,3760.66,17.66,46.4,53.5,46.5,53.6,76.1,56.2,0,0.0
2023-12-05,Tuesday,49,2023,Weekdays,3,Tampa,231,3911.45,16.93,41.8,52.4,47.6,58.2,80.6,59.9,0,0.0
2023-12-05,Tuesday,49,2023,Weekdays,4,Jacksonville,217,3233.29,14.9,41.8,52.4,47.6,58.2,80.6,59.9,0,0.0
2023-12-05,Tuesday,49,2023,Weekdays,2,Orlando,233,3844.15,16.5,41.8,52.4,47.6,58.2,80.6,59.9,0,0.0
2023-12-05,Tuesday,49,2023,Weekdays,1,Miami Beach,240,4578.75,19.08,41.8,52.4,47.6,58.2,80.6,59.9,0,0.0
2023-12-06,Wednesday,49,2023,Weekdays,1,Miami Beach,308,5949.16,19.32,46.4,51.9,48.1,53.6,86.0,48.1,0,0.0
2023-12-06,Wednesday,49,2023,Weekdays,3,Tampa,265,4123.07,15.56,46.4,51.9,48.1,53.6,86.0,48.1,0,0.0
2023-12-06,Wednesday,49,2023,Weekdays,4,Jacksonville,189,3343.9,17.69,46.4,51.9,48.1,53.6,86.0,48.1,0,0.0
2023-12-06,Wednesday,49,2023,Weekdays,2,Orlando,237,4114.19,17.36,46.4,51.9,48.1,53.6,86.0,48.1,0,0.0
2023-12-07,Thursday,49,2023,Weekdays,1,Miami Beach,229,4540.71,19.83,42.5,54.0,46.0,57.5,78.5,60.7,0,0.0
2023-12-07,Thursday,49,2023,Weekdays,4,Jacksonville,192,2971.39,15.48,42.5,54.0,46.0,57.5,78.5,60.7,0,0.0
2023-12-07,Thursday,49,2023,Weekdays,2,Orlando,235,3950.1,16.81,42.5,54.0,46.0,57.5,78.5,60.7,0,0.0
2023-12-07,Thursday,49,2023,Weekdays,3,Tampa,211,3702.98,17.55,42.5,54.0,46.0,57.5,78.5,60.7,0,0.0
2023-12-08,Friday,49,2023,Weekdays,3,Tampa,231,3870.67,16.76,44.9,51.9,48.1,55.1,79.2,56.3,0,0.0
2023-12-08,Friday,49,2023,Weekdays,4,Jacksonville,198,3001.76,15.16,44.9,51.9,48.1,55.1,79.2,56.3,0,0.0
2023-12-08,Friday,49,2023,Weekdays,1,Miami Beach,261,4544.27,17.41,44.9,51.9,48.1,55.1,79.2,56.3,0,0.0
2023-12-08,Friday,49,2023,Weekdays,2,Orlando,259,4417.04,17.05,44.9,51.9,48.1,55.1,79.2,56.3,0,0.0
2023-12-09,Saturday,49,2023,Weekends,4,Jacksonville,205,2964.89,14.46,48.6,52.3,47.7,51.4,78.4,50.6,0,0.0
2023-12-09,Saturday,49,2023,Weekends,3,Tampa,266,4207.48,15.82,48.6,52.3,47.7,51.4,78.4,50.6,0,0.0
2023-12-09,Saturday,49,2023,Weekends,1,Miami Beach,317,5435.43,17.15,48.6,52.3,47.7,51.4,78.4,50.6,0,0.0
2023-12-09,Saturday,49,2023,Weekends,2,Orlando,253,4290.05,16.96,48.6,52.3,47.7,51.4,78.4,50.6,0,0.0
2023-12-10,Sunday,50,2023,Weekends,4,Jacksonville,237,3633.92,15.33,50.7,51.8,48.2,49.3,83.7,59.3,0,0.0
2023-12-10,Sunday,50,2023,Weekends,2,Orlando,308,4824.08,15.66,50.7,51.8,48.2,49.3,83.7,59.3,0,0.0
2023-12-10,Sunday,50,2023,Weekends,1,Miami Beach,332,6091.8,18.35,50.7,51.8,48.2,49.3,83.7,59.3,0,0.0
2023-12-10,Sunday,50,2023,Weekends,3,Tampa,284,4279.63,15.07,50.7,51.8,48.2,49.3,83.7,59.3,0,0.0
2023-12-11,Monday,50,2023,Weekdays,4,Jacksonville,197,3033.97,15.4,45.1,52.9,47.1,54.9,72.8,52.5,0,0.0
2023-12-11,Monday,50,2023,Weekdays,1,Miami Beach,224,4209.74,18.79,45.1,52.9,47.1,54.9,72.8,52.5,0,0.0
2023-12-11,Monday,50,2023,Weekdays,3,Tampa,163,2876.68,17.65,45.1,52.9,47.1,54.9,72.8,52.5,0,0.0
2023-12-11,Monday,50,2023,Weekdays,2,Orlando,227,3415.1,15.04,45.1,52.9,47.1,54.9,72.8,52.5,0,0.0
2023-12-12,Tuesday,50,2023,Weekdays,2,Orlando,271,4609.1,17.01,42.7,50.5,49.5,57.3,83.6,49.9,0,0.0
2023-12-12,Tuesday,50,2023,Weekdays,4,Jacksonville,197,3074.6,15.61,42.7,50.5,49.5,57.3,83.6,49.9,0,0.0
2023-12-12,Tuesday,50,2023,Weekdays,1,Miami Beach,302,5661.86,18.75,42.7,50.5,49.5,57.3,83.6,49.9,0,0.0
2023-12-12,Tuesday,50,2023,Weekdays,3,Tampa,213,3796.49,17.82,42.7,50.5,49.5,57.3,83.6,49.9,0,0.0
2023-12-13,Wednesday,50,2023,Weekdays,4,Jacksonville,195,3147.09,16.14,43.7,52.1,47.9,56.3,78.4,57.0,0,0.0
2023-12-13,Wednesday,50,2023,Weekdays,3,Tampa,208,3749.99,18.03,43.7,52.1,47.9,56.3,78.4,57.0,0,0.0
2023-12-13,Wednesday,50,2023,Weekdays,1,Miami Beach,279,5048.2,18.09,43.7,52.1,47.9,56.3,78.4,57.0,0,0.0
2023-12-13,Wednesday,50,2023,Weekdays,2,Orlando,209,3413.24,16.33,43.7,52.1,47.9,56.3,78.4,57.0,0,0.0
2023-12-14,Thursday,50,2023,Weekdays,2,Orlando,223,3501.21,15.7,44.5,51.5,48.5,55.5,78.2,49.2,0,0.0
2023-12-14,Thursday,50,2023,Weekdays,4,Jacksonville,204,3467.11,17.0,44.5,51.5,48.5,55.5,78.2,49.2,0,0.0
2023-12-14,Thursday,50,2023,Weekdays,3,Tampa,194,3303.24,17.03,44.5,51.5,48.5,55.5,78.2,49.2,0,0.0
2023-12-14,Thursday,50,2023,Weekdays,1,Miami Beach,219,4146.11,18.93,44.5,51.5,48.5,55.5,78.2,49.2,0,0.0
2023-12-15,Friday,50,2023,Weekdays,1,Miami Beach,227,4544.11,20.02,44.4,52.8,47.2,55.6,73.3,45.0,0,0.0
2023-12-15,Friday,50,2023,Weekdays,2,Orlando,231,3919.86,16.97,44.4,52.8,47.2,55.6,73.3,45.0,0,0.0
2023-12-15,Friday,50,2023,Weekdays,4,Jacksonville,172,2518.88,14.64,44.4,52.8,47.2,55.6,73.3,45.0,0,0.0
2023-12-15,Friday,50,2023,Weekdays,3,Tampa,201,3313.34,16.48,44.4,52.8,47.2,55.6,73.3,45.0,0,0.0
2023-12-16,Saturday,50,2023,Weekends,3,Tampa,254,4338.06,17.08,51.4,49.6,50.4,48.6,78.3,54.7,0,0.0
2023-12-16,Saturday,50,2023,Weekends,4,Jacksonville,223,3440.79,15.43,51.4,49.6,50.4,48.6,78.3,54.7,0,0.0
2023-12-16,Saturday,50,2023,Weekends,1,Miami Beach,315,5093.63,16.17,51.4,49.6,50.4,48.6,78.3,54.7,0,0.0
2023-12-16,Saturday,50,2023,Weekends,2,Orlando,243,4164.94,17.14,51.4,49.6,50.4,48.6,78.3,54.7,0,0.0
2023-12-17,Sunday,51,2023,Weekends,2,Orlando,249,4564.06,18.33,51.1,52.8,47.2,48.9,74.9,53.7,1,0.45
2023-12-17,Sunday,51,2023,Weekends,3,Tampa,236,3478.49,14.74,51.1,52.8,47.2,48.9,74.9,53.7,1,0.45
2023-12-17,Sunday,51,2023,Weekends,4,Jacksonville,189,2958.51,15.65,51.1,52.8,47.2,48.9,74.9,53.7,1,0.45
2023-12-17,Sunday,51,2023,Weekends,1,Miami Beach,285,5302.86,18.61,51.1,52.8,47.2,48.9,74.9,53.7,1,0.45
2023-12-18,Monday,51,2023,Weekdays,2,Orlando,211,3734.07,17.7,45.5,52.6,47.4,54.5,69.9,44.0,0,0.0
2023-12-18,Monday,51,2023,Weekdays,1,Miami Beach,215,4115.13,19.14,45.5,52.6,47.4,54.5,69.9,44.0,0,0.0
2023-12-18,Monday,51,2023,Weekdays,4,Jacksonville,170,2638.63,15.52,45.5,52.6,47.4,54.5,69.9,44.0,0,0.0
2023-12-18,Monday,51,2023,Weekdays,3,Tampa,188,3133.76,16.67,45.5,52.6,47.4,54.5,69.9,44.0,0,0.0
2023-12-19,Tuesday,51,2023,Weekdays,2,Orlando,224,3611.01,16.12,43.5,51.8,48.2,56.5,76.0,54.3,0,0.0
2023-12-19,Tuesday,51,2023,Weekdays,4,Jacksonville,180,2460.99,13.67,43.5,51.8,48.2,56.5,76.0,54.3,0,0.0
2023-12-19,Tuesday,51,2023,Weekdays,1,Miami Beach,234,4485.12,19.17,43.5,51.8,48.2,56.5,76.0,54.3,0,0.0
2023-12-19,Tuesday,51,2023,Weekdays,3,Tampa,214,3264.71,15.26,43.5,51.8,48.2,56.5,76.0,54.3,0,0.0
2023-12-20,Wednesday,51,2023,Weekdays,1,Miami Beach,290,5598.24,19.3,43.2,51.3,48.7,56.8,76.9,52.0,0,0.0
2023-12-20,Wednesday,51,2023,Weekdays,2,Orlando,225,3478.55,15.46,43.2,51.3,48.7,56.8,76.9,52.0,0,0.0
2023-12-20,Wednesday,51,2023,Weekdays,3,Tampa,196,3349.32,17.09,43.2,51.3,48.7,56.8,76.9,52.0,0,0.0
2023-12-20,Wednesday,51,2023,Weekdays,4,Jacksonville,203,3235.99,15.94,43.2,51.3,48.7,56.8,76.9,52.0,0,0.0
2023-12-21,Thursday,51,2023,Weekdays,4,Jacksonville,196,3259.17,16.63,43.0,51.1,48.9,57.0,79.2,47.7,1,2.35
2023-12-21,Thursday,51,2023,Weekdays,2,Orlando,212,3530.09,16.65,43.0,51.1,48.9,57.0,79.2,47.7,1,2.35
2023-12-21,Thursday,51,2023,Weekdays,3,Tampa,207,3320.35,16.04,43.0,51.1,48.9,57.0,79.2,47.7,1,2.35
2023-12-21,Thursday,51,2023,Weekdays,1,Miami Beach,230,4008.45,17.43,43.0,51.1,48.9,57.0,79.2,47.7,1,2.35
2023-12-22,Friday,51,2023,Weekdays,3,Tampa,205,3518.11,17.16,45.2,51.8,48.2,54.8,75.4,35.0,0,0.0
2023-12-22,Friday,51,2023,Weekdays,4,Jacksonville,182,2817.04,15.48,45.2,51.8,48.2,54.8,75.4,35.0,0,0.0
2023-12-22,Friday,51,2023,Weekdays,1,Miami Beach,268,4949.34,18.47,45.2,51.8,48.2,54.8,75.4,35.0,0,0.0
2023-12-22,Friday,51,2023,Weekdays,2,Orlando,212,3319.13,15.66,45.2,51.8,48.2,54.8,75.4,35.0,0,0.0
2023-12-23,Saturday,51,2023,Weekends,2,Orlando,283,5012.77,17.71,50.7,49.7,50.3,49.3,77.3,51.0,0,0.0
2023-12-23,Saturday,51,2023,Weekends,4,Jacksonville,232,3240.33,13.97,50.7,49.7,50.3,49.3,77.3,51.0,0,0.0
2023-12-23,Saturday,51,2023,Weekends,1,Miami Beach,280,4947.78,17.67,50.7,49.7,50.3,49.3,77.3,51.0,0,0.0
2023-12-23,Saturday,51,2023,Weekends,3,Tampa,237,3740.23,15.78,50.7,49.7,50.3,49.3,77.3,51.0,0,0.0
2023-12-24,Sunday,52,2023,Weekends,4,Jacksonville,206,3391.43,16.46,49.6,50.4,49.6,50.4,70.8,49.0,0,0.0
2023-12-24,Sunday,52,2023,Weekends,1,Miami Beach,261,4378.29,16.78,49.6,50.4,49.6,50.4,70.8,49.0,0,0.0
2023-12-24,Sunday,52,2023,Weekends,3,Tampa,216,3474.38,16.09,49.6,50.4,49.6,50.4,70.8,49.0,0,0.0
2023-12-24,Sunday,52,2023,Weekends,2,Orlando,244,4170.33,17.09,49.6,50.4,49.6,50.4,70.8,49.0,0,0.0
2023-12-25,Monday,52,2023,Weekdays,1,Miami Beach,251,4865.94,19.39,44.9,52.3,47.7,55.1,80.8,50.1,0,0.0
2023-12-25,Monday,52,2023,Weekdays,4,Jacksonville,187,2881.98,15.41,44.9,52.3,47.7,55.1,80.8,50.1,0,0.0
2023-12-25,Monday,52,2023,Weekdays,2,Orlando,182,2918.89,16.04,44.9,52.3,47.7,55.1,80.8,50.1,0,0.0
2023-12-25,Monday,52,2023,Weekdays,3,Tampa,224,3707.48,16.55,44.9,52.3,47.7,55.1,80.8,50.1,0,0.0
2023-12-26,Tuesday,52,2023,Weekdays,4,Jacksonville,153,2249.65,14.7,43.5,52.8,47.2,56.5,69.8,48.9,0,0.0
2023-12-26,Tuesday,52,2023,Weekdays,3,Tampa,188,2989.34,15.9,43.5,52.8,47.2,56.5,69.8,48.9,0,0.0
2023-12-26,Tuesday,52,2023,Weekdays,1,Miami Beach,197,3749.65,19.03,43.5,52.8,47.2,56.5,69.8,48.9,0,0.0
2023-12-26,Tuesday,52,2023,Weekdays,2,Orlando,207,3260.04,15.75,43.5,52.8,47.2,56.5,69.8,48.9,0,0.0
2023-12-27,Wednesday,52,2023,Weekdays,1,Miami Beach,268,5522.61,20.61,45.0,50.9,49.1,55.0,80.1,53.3,0,0.0
2023-12-27,Wednesday,52,2023,Weekdays,4,Jacksonville,220,3418.68,15.54,45.0,50.9,49.1,55.0,80.1,53.3,0,0.0
2023-12-27,Wednesday,52,2023,Weekdays,2,Orlando,231,4187.64,18.13,45.0,50.9,49.1,55.0,80.1,53.3,0,0.0
2023-12-27,Wednesday,52,2023,Weekdays,3,Tampa,223,3783.89,16.97,45.0,50.9,49.1,55.0,80.1,53.3,0,0.0
2023-12-28,Thursday,52,2023,Weekdays,1,Miami Beach,187,3298.56,17.64,44.5,51.2,48.8,55.5,75.1,53.3,0,0.0
2023-12-28,Thursday,52,2023,Weekdays,4,Jacksonville,164,2467.7,15.05,44.5,51.2,48.8,55.5,75.1,53.3,0,0.0
2023-12-28,Thursday,52,2023,Weekdays,3,Tampa,198,3517.82,17.77,44.5,51.2,48.8,55.5,75.1,53.3,0,0.0
2023-12-28,Thursday,52,2023,Weekdays,2,Orlando,180,3044.02,16.91,44.5,51.2,48.8,55.5,75.1,53.3,0,0.0
2023-12-29,Friday,52,2023,Weekdays,3,Tampa,170,2922.97,17.19,43.5,51.9,48.1,56.5,72.9,47.4,0,0.0
2023-12-29,Friday,52,2023,Weekdays,1,Miami Beach,253,5082.57,20.09,43.5,51.9,48.1,56.5,72.9,47.4,0,0.0
2023-12-29,Friday,52,2023,Weekdays,2,Orlando,235,3853.49,16.4,43.5,51.9,48.1,56.5,72.9,47.4,0,0.0
2023-12-29,Friday,52,2023,Weekdays,4,Jacksonville,207,3136.81,15.15,43.5,51.9,48.1,56.5,72.9,47.4,0,0.0
2023-12-30,Saturday,52,2023,Weekends,4,Jacksonville,161,2783.26,17.29,49.9,49.8,50.2,50.1,75.1,40.5,0,0.0
2023-12-30,Saturday,52,2023,Weekends,3,Tampa,230,3971.74,17.27,49.9,49.8,50.2,50.1,75.1,40.5,0,0.0
2023-12-30,Saturday,52,2023,Weekends,2,Orlando,238,4128.96,17.35,49.9,49.8,50.2,50.1,75.1,40.5,0,0.0
2023-12-30,Saturday,52,2023,Weekends,1,Miami Beach,283,5336.93,18.86,49.9,49.8,50.2,50.1,75.1,40.5,0,0.0
2023-12-31,Sunday,53,2023,Weekends,4,Jacksonville,229,3734.14,16.31,49.5,51.0,49.0,50.5,77.2,37.8,0,0.0
2023-12-31,Sunday,53,2023,Weekends,1,Miami Beach,267,4660.69,17.46,49.5,51.0,49.0,50.5,77.2,37.8,0,0.0
2023-12-31,Sunday,53,2023,Weekends,2,Orlando,252,4171.46,16.55,49.5,51.0,49.0,50.5,77.2,37.8,0,0.0
2023-12-31,Sunday,53,2023,Weekends,3,Tampa,256,4256.11,16.63,49.5,51.0,49.0,50.5,77.2,37.8,0,0.0
2024-01-01,Monday,0,2024,Weekdays,3,Tampa,191,2838.86,14.86,45.3,53.3,46.7,54.7,74.4,49.5,1,0.67
2024-01-01,Monday,0,2024,Weekdays,2,Orlando,221,3921.87,17.75,45.3,53.3,46.7,54.7,74.4,49.5,1,0.67
2024-01-01,Monday,0,2024,Weekdays,4,Jacksonville,170,2557.33,15.04,45.3,53.3,46.7,54.7,74.4,49.5,1,0.67
2024-01-01,Monday,0,2024,Weekdays,1,Miami Beach,224,3936.85,17.58,45.3,53.3,46.7,54.7,74.4,49.5,1,0.67
2024-01-02,Tuesday,0,2024,Weekdays,3,Tampa,229,3793.85,16.57,45.2,52.8,47.2,54.8,73.9,45.8,0,0.0
2024-01-02,Tuesday,0,2024,Weekdays,1,Miami Beach,241,4388.39,18.21,45.2,52.8,47.2,54.8,73.9,45.8,0,0.0
2024-01-02,Tuesday,0,2024,Weekdays,4,Jacksonville,170,2640.27,15.53,45.2,52.8,47.2,54.8,73.9,45.8,0,0.0
2024-01-02,Tuesday,0,2024,Weekdays,2,Orlando,208,3358.18,16.15,45.2,52.8,47.2,54.8,73.9,45.8,0,0.0
2024-01-03,Wednesday,0,2024,Weekdays,2,Orlando,195,3567.62,18.3,44.3,51.2,48.8,55.7,72.5,38.3,1,0.04
2024-01-03,Wednesday,0,2024,Weekdays,3,Tampa,207,3321.64,16.05,44.3,51.2,48.8,55.7,72.5,38.3,1,0.04
2024-01-03,Wednesday,0,2024,Weekdays,4,Jacksonville,186,2941.56,15.81,44.3,51.2,48.8,55.7,72.5,38.3,1,0.04
2024-01-03,Wednesday,0,2024,Weekdays,1,Miami Beach,230,4218.71,18.34,44.3,51.2,48.8,55.7,72.5,38.3,1,0.04
2024-01-04,Thursday,0,2024,Weekdays,4,Jacksonville,173,2875.97,16.62,45.4,49.6,50.4,54.6,73.8,43.7,1,1.57
2024-01-04,Thursday,0,2024,Weekdays,1,Miami Beach,221,4057.52,18.36,45.4,49.6,50.4,54.6,73.8,43.7,1,1.57
2024-01-04,Thursday,0,2024,Weekdays,3,Tampa,190,3275.8,17.24,45.4,49.6,50.4,54.6,73.8,43.7,1,1.57
2024-01-04,Thursday,0,2024,Weekdays,2,Orlando,212,3497.65,16.5,45.4,49.6,50.4,54.6,73.8,43.7,1,1.57
2024-01-05,Friday,0,2024,Weekdays,2,Orlando,178,2835.14,15.93,44.2,50.4,49.6,55.8,69.0,46.6,0,0.0
2024-01-05,Friday,0,2024,Weekdays,1,Miami Beach,242,4407.95,18.21,44.2,50.4,49.6,55.8,69.0,46.6,0,0.0
2024-01-05,Friday,0,2024,Weekdays,4,Jacksonville,149,2481.15,16.65,44.2,50.4,49.6,55.8,69.0,46.6,0,0.0
2024-01-05,Friday,0,2024,Weekdays,3,Tampa,207,3469.27,16.76,44.2,50.4,49.6,55.8,69.0,46.6,0,0.0
2024-01-06,Saturday,0,2024,Weekends,1,Miami Beach,296,5852.98,19.77,52.1,49.8,50.2,47.9,77.6,45.5,0,0.0
2024-01-06,Saturday,0,2024,Weekends,3,Tampa,229,3559.96,15.55,52.1,49.8,50.2,47.9,77.6,45.5,0,0.0
2024-01-06,Saturday,0,2024,Weekends,4,Jacksonville,226,3331.8,14.74,52.1,49.8,50.2,47.9,77.6,45.5,0,0.0
2024-01-06,Saturday,0,2024,Weekends,2,Orlando,257,4129.08,16.07,52.1,49.8,50.2,47.9,77.6,45.5,0,0.0
2024-01-07,Sunday,1,2024,Weekends,4,Jacksonville,270,4007.03,14.84,50.3,50.2,49.8,49.7,76.1,46.8,0,0.0
2024-01-07,Sunday,1,2024,Weekends,3,Tampa,272,4566.48,16.79,50.3,50.2,49.8,49.7,76.1,46.8,0,0.0
2024-01-07,Sunday,1,2024,Weekends,2,Orlando,253,3981.89,15.74,50.3,50.2,49.8,49.7,76.1,46.8,0,0.0
2024-01-07,Sunday,1,2024,Weekends,1,Miami Beach,285,5750.89,20.18,50.3,50.2,49.8,49.7,76.1,46.8,0,0.0
2024-01-08,Monday,1,2024,Weekdays,2,Orlando,221,3803.28,17.21,45.4,50.4,49.6,54.6,71.8,41.8,0,0.0
2024-01-08,Monday,1,2024,Weekdays,1,Miami Beach,213,3858.66,18.12,45.4,50.4,49.6,54.6,71.8,41.8,0,0.0
2024-01-08,Monday,1,2024,Weekdays,4,Jacksonville,186,3067.31,16.49,45.4,50.4,49.6,54.6,71.8,41.8,0,0.0
2024-01-08,Monday,1,2024,Weekdays,3,Tampa,173,3210.49,18.56,45.4,50.4,49.6,54.6,71.8,41.8,0,0.0
2024-01-09,Tuesday,1,2024,Weekdays,4,Jacksonville,161,2334.86,14.5,44.4,51.2,48.8,55.6,76.4,51.6,0,0.0
2024-01-09,Tuesday,1,2024,Weekdays,3,Tampa,186,2898.46,15.58,44.4,51.2,48.8,55.6,76.4,51.6,0,0.0
2024-01-09,Tuesday,1,2024,Weekdays,1,Miami Beach,250,4349.91,17.4,44.4,51.2,48.8,55.6,76.4,51.6,0,0.0
2024-01-09,Tuesday,1,2024,Weekdays,2,Orlando,254,4224.56,16.63,44.4,51.2,48.8,55.6,76.4,51.6,0,0.0
2024-01-10,Wednesday,1,2024,Weekdays,3,Tampa,218,3639.27,16.69,44.8,51.7,48.3,55.2,76.1,35.1,0,0.0
2024-01-10,Wednesday,1,2024,Weekdays,1,Miami Beach,271,5034.05,18.58,44.8,51.7,48.3,55.2,76.1,35.1,0,0.0
2024-01-10,Wednesday,1,2024,Weekdays,4,Jacksonville,181,2949.78,16.3,44.8,51.7,48.3,55.2,76.1,35.1,0,0.0
2024-01-10,Wednesday,1,2024,Weekdays,2,Orlando,219,4056.27,18.52,44.8,51.7,48.3,55.2,76.1,35.1,0,0.0
2024-01-11,Thursday,1,2024,Weekdays,1,Miami Beach,236,4136.02,17.53,43.0,49.5,50.5,57.0,74.9,39.2,1,0.08
2024-01-11,Thursday,1,2024,Weekdays,3,Tampa,193,3363.81,17.43,43.0,49.5,50.5,57.0,74.9,39.2,1,0.08
2024-01-11,Thursday,1,2024,Weekdays,2,Orlando,204,3432.14,16.82,43.0,49.5,50.5,57.0,74.9,39.2,1,0.08
2024-01-11,Thursday,1,2024,Weekdays,4,Jacksonville,175,2797.88,15.99,43.0,49.5,50.5,57.0,74.9,39.2,1,0.08
2024-01-12,Friday,1,2024,Weekdays,2,Orlando,260,4631.87,17.81,45.3,49.6,50.4,54.7,79.2,44.7,0,0.0
2024-01-12,Friday,1,2024,Weekdays,3,Tampa,208,3130.57,15.05,45.3,49.6,50.4,54.7,79.2,44.7,0,0.0
2024-01-12,Friday,1,2024,Weekdays,1,Miami Beach,263,4749.59,18.06,45.3,49.6,50.4,54.7,79.2,44.7,0,0.0
2024-01-12,Friday,1,2024,Weekdays,4,Jacksonville,193,3062.77,15.87,45.3,49.6,50.4,54.7,79.2,44.7,0,0.0
2024-01-13,Saturday,1,2024,Weekends,2,Orlando,234,3791.61,16.2,51.0,52.4,47.6,49.0,69.0,46.4,0,0.0
2024-01-13,Saturday,1,2024,Weekends,3,Tampa,227,3858.52,17.0,51.0,52.4,47.6,49.0,69.0,46.4,0,0.0
2024-01-13,Saturday,1,2024,Weekends,4,Jacksonville,185,2908.26,15.72,51.0,52.4,47.6,49.0,69.0,46.4,0,0.0
2024-01-13,Saturday,1,2024,Weekends,1,Miami Beach,269,4943.2,18.38,51.0,52.4,47.6,49.0,69.0,46.4,0,0.0
2024-01-14,Sunday,2,2024,Weekends,2,Orlando,245,4507.37,18.4,51.4,49.5,50.5,48.6,67.3,42.0,0,0.0
2024-01-14,Sunday,2,2024,Weekends,1,Miami Beach,246,4433.23,18.02,51.4,49.5,50.5,48.6,67.3,42.0,0,0.0
2024-01-14,Sunday,2,2024,Weekends,4,Jacksonville,190,2930.7,15.42,51.4,49.5,50.5,48.6,67.3,42.0,0,0.0
2024-01-14,Sunday,2,2024,Weekends,3,Tampa,195,3389.0,17.38,51.4,49.5,50.5,48.6,67.3,42.0,0,0.0
2024-01-15,Monday,2,2024,Weekdays,1,Miami Beach,223,4120.47,18.48,45.6,49.1,50.9,54.4,70.7,45.2,0,0.0
2024-01-15,Monday,2,2024,Weekdays,2,Orlando,185,3128.09,16.91,45.6,49.1,50.9,54.4,70.7,45.2,0,0.0
2024-01-15,Monday,2,2024,Weekdays,4,Jacksonville,182,2728.43,14.99,45.6,49.1,50.9,54.4,70.7,45.2,0,0.0
2024-01-15,Monday,2,2024,Weekdays,3,Tampa,178,3053.9,17.16,45.6,49.1,50.9,54.4,70.7,45.2,0,0.0
2024-01-16,Tuesday,2,2024,Weekdays,1,Miami Beach,260,4831.48,18.58,45.4,51.8,48.2,54.6,77.0,43.4,0,0.0
2024-01-16,Tuesday,2,2024,Weekdays,4,Jacksonville,183,2630.55,14.37,45.4,51.8,48.2,54.6,77.0,43.4,0,0.0
2024-01-16,Tuesday,2,2024,Weekdays,2,Orlando,242,3889.21,16.07,45.4,51.8,48.2,54.6,77.0,43.4,0,0.0
2024-01-16,Tuesday,2,2024,Weekdays,3,Tampa,205,3484.63,17.0,45.4,51.8,48.2,54.6,77.0,43.4,0,0.0
2024-01-17,Wednesday,2,2024,Weekdays,2,Orlando,191,3264.61,17.09,45.7,48.8,51.2,54.3,73.8,38.8,0,0.0
2024-01-17,Wednesday,2,2024,Weekdays,3,Tampa,179,2796.87,15.62,45.7,48.8,51.2,54.3,73.8,38.8,0,0.0
2024-01-17,Wednesday,2,2024,Weekdays,4,Jacksonville,201,3106.97,15.46,45.7,48.8,51.2,54.3,73.8,38.8,0,0.0
2024-01-17,Wednesday,2,2024,Weekdays,1,Miami Beach,242,4810.92,19.88,45.7,48.8,51.2,54.3,73.8,38.8,0,0.0
2024-01-18,Thursday,2,2024,Weekdays,1,Miami Beach,246,4036.01,16.41,45.2,49.8,50.2,54.8,70.8,42.9,0,0.0
2024-01-18,Thursday,2,2024,Weekdays,3,Tampa,180,3098.03,17.21,45.2,49.8,50.2,54.8,70.8,42.9,0,0.0
2024-01-18,Thursday,2,2024,Weekdays,4,Jacksonville,180,2737.94,15.21,45.2,49.8,50.2,54.8,70.8,42.9,0,0.0
2024-01-18,Thursday,2,2024,Weekdays,2,Orlando,198,3219.14,16.26,45.2,49.8,50.2,54.8,70.8,42.9,0,0.0
2024-01-19,Friday,2,2024,Weekdays,4,Jacksonville,154,2105.26,13.67,45.6,51.4,48.6,54.4,69.0,44.9,0,0.0
2024-01-19,Friday,2,2024,Weekdays,1,Miami Beach,202,3328.32,16.48,45.6,51.4,48.6,54.4,69.0,44.9,0,0.0
2024-01-19,Friday,2,2024,Weekdays,3,Tampa,192,3555.23,18.52,45.6,51.4,48.6,54.4,69.0,44.9,0,0.0
2024-01-19,Friday,2,2024,Weekdays,2,Orlando,204,3627.84,17.78,45.6,51.4,48.6,54.4,69.0,44.9,0,0.0
2024-01-20,Saturday,2,2024,Weekends,4,Jacksonville,221,3312.03,14.99,50.2,51.0,49.0,49.8,84.3,59.3,0,0.0
2024-01-20,Saturday,2,2024,Weekends,2,Orlando,297,4879.7,16.43,50.2,51.0,49.0,49.8,84.3,59.3,0,0.0
2024-01-20,Saturday,2,2024,Weekends,1,Miami Beach,361,6966.1,19.3,50.2,51.0,49.0,49.8,84.3,59.3,0,0.0
2024-01-20,Saturday,2,2024,Weekends,3,Tampa,285,4305.62,15.11,50.2,51.0,49.0,49.8,84.3,59.3,0,0.0
2024-01-21,Sunday,3,2024,Weekends,2,Orlando,250,4538.3,18.15,51.0,50.8,49.2,49.0,73.4,43.6,0,0.0
2024-01-21,Sunday,3,2024,Weekends,4,Jacksonville,235,3514.07,14.95,51.0,50.8,49.2,49.0,73.4,43.6,0,0.0
2024-01-21,Sunday,3,2024,Weekends,3,Tampa,243,4429.24,18.23,51.0,50.8,49.2,49.0,73.4,43.6,0,0.0
2024-01-21,Sunday,3,2024,Weekends,1,Miami Beach,249,5037.53,20.23,51.0,50.8,49.2,49.0,73.4,43.6,0,0.0
2024-01-22,Monday,3,2024,Weekdays,2,Orlando,194,3382.13,17.43,45.6,49.8,50.2,54.4,69.7,35.0,1,0.37
2024-01-22,Monday,3,2024,Weekdays,3,Tampa,156,2306.46,14.79,45.6,49.8,50.2,54.4,69.7,35.0,1,0.37
2024-01-22,Monday,3,2024,Weekdays,1,Miami Beach,218,4168.97,19.12,45.6,49.8,50.2,54.4,69.7,35.0,1,0.37
2024-01-22,Monday,3,2024,Weekdays,4,Jacksonville,170,2489.48,14.64,45.6,49.8,50.2,54.4,69.7,35.0,1,0.37
2024-01-23,Tuesday,3,2024,Weekdays,1,Miami Beach,239,4463.25,18.67,44.4,50.2,49.8,55.6,71.5,35.0,0,0.0
2024-01-23,Tuesday,3,2024,Weekdays,3,Tampa,204,3495.46,17.13,44.4,50.2,49.8,55.6,71.5,35.0,0,0.0
2024-01-23,Tuesday,3,2024,Weekdays,2,Orlando,184,3023.76,16.43,44.4,50.2,49.8,55.6,71.5,35.0,0,0.0
2024-01-23,Tuesday,3,2024,Weekdays,4,Jacksonville,162,2538.5,15.67,44.4,50.2,49.8,55.6,71.5,35.0,0,0.0
2024-01-24,Wednesday,3,2024,Weekdays,2,Orlando,212,3517.66,16.59,45.2,50.5,49.5,54.8,72.7,45.4,0,0.0
2024-01-24,Wednesday,3,2024,Weekdays,4,Jacksonville,160,2381.78,14.89,45.2,50.5,49.5,54.8,72.7,45.4,0,0.0
2024-01-24,Wednesday,3,2024,Weekdays,3,Tampa,215,3427.25,15.94,45.2,50.5,49.5,54.8,72.7,45.4,0,0.0
2024-01-24,Wednesday,3,2024,Weekdays,1,Miami Beach,217,4287.29,19.76,45.2,50.5,49.5,54.8,72.7,45.4,0,0.0
2024-01-25,Thursday,3,2024,Weekdays,3,Tampa,211,3502.95,16.6,45.2,49.1,50.9,54.8,75.0,40.3,1,0.45
2024-01-25,Thursday,3,2024,Weekdays,4,Jacksonville,203,3269.15,16.1,45.2,49.1,50.9,54.8,75.0,40.3,1,0.45
2024-01-25,Thursday,3,2024,Weekdays,2,Orlando,225,3974.59,17.66,45.2,49.1,50.9,54.8,75.0,40.3,1,0.45
2024-01-25,Thursday,3,2024,Weekdays,1,Miami Beach,249,4466.66,17.94,45.2,49.1,50.9,54.8,75.0,40.3,1,0.45
2024-01-26,Friday,3,2024,Weekdays,3,Tampa,184,3134.87,17.04,44.6,49.6,50.4,55.4,70.0,35.0,0,0.0
2024-01-26,Friday,3,2024,Weekdays,1,Miami Beach,224,3874.09,17.3,44.6,49.6,50.4,55.4,70.0,35.0,0,0.0
2024-01-26,Friday,3,2024,Weekdays,4,Jacksonville,186,3016.15,16.22,44.6,49.6,50.4,55.4,70.0,35.0,0,0.0
2024-01-26,Friday,3,2024,Weekdays,2,Orlando,214,3603.58,16.84,44.6,49.6,50.4,55.4,70.0,35.0,0,0.0
2024-01-27,Saturday,3,2024,Weekends,1,Miami Beach,258,4854.6,18.82,51.7,48.3,51.7,48.3,69.7,37.1,0,0.0
2024-01-27,Saturday,3,2024,Weekends,4,Jacksonville,187,2905.79,15.54,51.7,48.3,51.7,48.3,69.7,37.1,0,0.0
2024-01-27,Saturday,3,2024,Weekends,2,Orlando,234,4256.21,18.19,51.7,48.3,51.7,48.3,69.7,37.1,0,0.0
2024-01-27,Saturday,3,2024,Weekends,3,Tampa,227,3615.82,15.93,51.7,48.3,51.7,48.3,69.7,37.1,0,0.0
2024-01-28,Sunday,4,2024,Weekends,2,Orlando,238,4282.01,17.99,51.1,49.1,50.9,48.9,70.3,39.2,0,0.0
2024-01-28,Sunday,4,2024,Weekends,1,Miami Beach,254,4540.74,17.88,51.1,49.1,50.9,48.9,70.3,39.2,0,0.0
2024-01-28,Sunday,4,2024,Weekends,3,Tampa,219,3488.38,15.93,51.1,49.1,50.9,48.9,70.3,39.2,0,0.0
2024-01-28,Sunday,4,2024,Weekends,4,Jacksonville,188,2931.37,15.59,51.1,49.1,50.9,48.9,70.3,39.2,0,0.0
2024-01-29,Monday,4,2024,Weekdays,2,Orlando,208,3211.22,15.44,45.2,48.9,51.1,54.8,67.9,47.5,0,0.0
2024-01-29,Monday,4,2024,Weekdays,4,Jacksonville,208,2906.94,13.98,45.2,48.9,51.1,54.8,67.9,47.5,0,0.0
2024-01-29,Monday,4,2024,Weekdays,3,Tampa,168,2748.61,16.36,45.2,48.9,51.1,54.8,67.9,47.5,0,0.0
2024-01-29,Monday,4,2024,Weekdays,1,Miami Beach,221,4165.35,18.85,45.2,48.9,51.1,54.8,67.9,47.5,0,0.0
2024-01-30,Tuesday,4,2024,Weekdays,3,Tampa,180,2998.5,16.66,45.9,49.2,50.8,54.1,69.4,35.0,1,1.26
2024-01-30,Tuesday,4,2024,Weekdays,1,Miami Beach,190,3487.72,18.36,45.9,49.2,50.8,54.1,69.4,35.0,1,1.26
2024-01-30,Tuesday,4,2024,Weekdays,2,Orlando,182,3122.1,17.15,45.9,49.2,50.8,54.1,69.4,35.0,1,1.26
2024-01-30,Tuesday,4,2024,Weekdays,4,Jacksonville,170,2539.56,14.94,45.9,49.2,50.8,54.1,69.4,35.0,1,1.26
2024-01-31,Wednesday,4,2024,Weekdays,3,Tampa,158,2741.03,17.35,46.5,49.0,51.0,53.5,71.9,43.0,1,0.86
2024-01-31,Wednesday,4,2024,Weekdays,1,Miami Beach,235,4430.65,18.85,46.5,49.0,51.0,53.5,71.9,43.0,1,0.86
2024-01-31,Wednesday,4,2024,Weekdays,2,Orlando,195,3026.52,15.52,46.5,49.0,51.0,53.5,71.9,43.0,1,0.86
2024-01-31,Wednesday,4,2024,Weekdays,4,Jacksonville,157,2312.59,14.73,46.5,49.0,51.0,53.5,71.9,43.0,1,0.86
2024-02-01,Thursday,4,2024,Weekdays,3,Tampa,225,3477.94,15.46,45.4,49.5,50.5,54.6,67.0,49.1,0,0.0
2024-02-01,Thursday,4,2024,Weekdays,2,Orlando,206,3723.37,18.07,45.4,49.5,50.5,54.6,67.0,49.1,0,0.0
2024-02-01,Thursday,4,2024,Weekdays,1,Miami Beach,237,4266.01,18.0,45.4,49.5,50.5,54.6,67.0,49.1,0,0.0
2024-02-01,Thursday,4,2024,Weekdays,4,Jacksonville,139,2173.72,15.64,45.4,49.5,50.5,54.6,67.0,49.1,0,0.0
2024-02-02,Friday,4,2024,Weekdays,2,Orlando,194,3241.66,16.71,43.2,48.8,51.2,56.8,69.0,44.2,0,0.0
2024-02-02,Friday,4,2024,Weekdays,1,Miami Beach,232,4299.08,18.53,43.2,48.8,51.2,56.8,69.0,44.2,0,0.0
2024-02-02,Friday,4,2024,Weekdays,4,Jacksonville,221,3378.75,15.29,43.2,48.8,51.2,56.8,69.0,44.2,0,0.0
2024-02-02,Friday,4,2024,Weekdays,3,Tampa,200,3383.15,16.92,43.2,48.8,51.2,56.8,69.0,44.2,0,0.0
2024-02-03,Saturday,4,2024,Weekends,3,Tampa,193,3277.44,16.98,50.7,49.6,50.4,49.3,67.9,37.3,0,0.0
2024-02-03,Saturday,4,2024,Weekends,1,Miami Beach,275,5187.86,18.86,50.7,49.6,50.4,49.3,67.9,37.3,0,0.0
2024-02-03,Saturday,4,2024,Weekends,2,Orlando,241,4130.21,17.14,50.7,49.6,50.4,49.3,67.9,37.3,0,0.0
2024-02-03,Saturday,4,2024,Weekends,4,Jacksonville,177,2647.05,14.96,50.7,49.6,50.4,49.3,67.9,37.3,0,0.0
2024-02-04,Sunday,5,2024,Weekends,3,Tampa,186,2956.3,15.89,51.6,49.3,50.7,48.4,66.2,35.0,1,1.5
2024-02-04,Sunday,5,2024,Weekends,2,Orlando,202,3683.33,18.23,51.6,49.3,50.7,48.4,66.2,35.0,1,1.5
2024-02-04,Sunday,5,2024,Weekends,1,Miami Beach,220,3868.01,17.58,51.6,49.3,50.7,48.4,66.2,35.0,1,1.5
2024-02-04,Sunday,5,2024,Weekends,4,Jacksonville,184,2839.83,15.43,51.6,49.3,50.7,48.4,66.2,35.0,1,1.5
2024-02-05,Monday,5,2024,Weekdays,2,Orlando,184,3211.8,17.46,45.5,48.8,51.2,54.5,67.6,39.9,0,0.0
2024-02-05,Monday,5,2024,Weekdays,3,Tampa,185,3049.3,16.48,45.5,48.8,51.2,54.5,67.6,39.9,0,0.0
2024-02-05,Monday,5,2024,Weekdays,4,Jacksonville,166,2659.57,16.02,45.5,48.8,51.2,54.5,67.6,39.9,0,0.0
2024-02-05,Monday,5,2024,Weekdays,1,Miami Beach,213,4194.88,19.69,45.5,48.8,51.2,54.5,67.6,39.9,0,0.0
2024-02-06,Tuesday,5,2024,Weekdays,3,Tampa,231,3536.66,15.31,44.8,50.6,49.4,55.2,71.1,45.6,0,0.0
2024-02-06,Tuesday,5,2024,Weekdays,1,Miami Beach,205,3768.48,18.38,44.8,50.6,49.4,55.2,71.1,45.6,0,0.0
2024-02-06,Tuesday,5,2024,Weekdays,2,Orlando,210,3714.25,17.69,44.8,50.6,49.4,55.2,71.1,45.6,0,0.0
2024-02-06,Tuesday,5,2024,Weekdays,4,Jacksonville,189,2884.51,15.26,44.8,50.6,49.4,55.2,71.1,45.6,0,0.0
2024-02-07,Wednesday,5,2024,Weekdays,4,Jacksonville,172,2647.36,15.39,46.0,50.3,49.7,54.0,70.9,39.6,0,0.0
2024-02-07,Wednesday,5,2024,Weekdays,3,Tampa,181,3013.05,16.65,46.0,50.3,49.7,54.0,70.9,39.6,0,0.0
2024-02-07,Wednesday,5,2024,Weekdays,2,Orlando,221,3918.21,17.73,46.0,50.3,49.7,54.0,70.9,39.6,0,0.0
2024-02-07,Wednesday,5,2024,Weekdays,1,Miami Beach,235,4725.84,20.11,46.0,50.3,49.7,54.0,70.9,39.6,0,0.0
2024-02-08,Thursday,5,2024,Weekdays,3,Tampa,188,3049.35,16.22,46.0,51.3,48.7,54.0,68.1,39.8,0,0.0
2024-02-08,Thursday,5,2024,Weekdays,1,Miami Beach,213,4102.28,19.26,46.0,51.3,48.7,54.0,68.1,39.8,0,0.0
2024-02-08,Thursday,5,2024,Weekdays,4,Jacksonville,191,2961.74,15.51,46.0,51.3,48.7,54.0,68.1,39.8,0,0.0
2024-02-08,Thursday,5,2024,Weekdays,2,Orlando,228,3807.93,16.7,46.0,51.3,48.7,54.0,68.1,39.8,0,0.0
2024-02-09,Friday,5,2024,Weekdays,3,Tampa,228,3655.74,16.03,46.9,49.1,50.9,53.1,74.9,35.0,1,1.19
2024-02-09,Friday,5,2024,Weekdays,1,Miami Beach,213,4004.03,18.8,46.9,49.1,50.9,53.1,74.9,35.0,1,1.19
2024-02-09,Friday,5,2024,Weekdays,4,Jacksonville,175,2403.89,13.74,46.9,49.1,50.9,53.1,74.9,35.0,1,1.19
2024-02-09,Friday,5,2024,Weekdays,2,Orlando,204,3502.06,17.17,46.9,49.1,50.9,53.1,74.9,35.0,1,1.19
2024-02-10,Saturday,5,2024,Weekends,4,Jacksonville,214,3210.63,15.0,52.5,50.9,49.1,47.5,65.2,35.0,0,0.0
2024-02-10,Saturday,5,2024,Weekends,3,Tampa,234,3791.72,16.2,52.5,50.9,49.1,47.5,65.2,35.0,0,0.0
2024-02-10,Saturday,5,2024,Weekends,1,Miami Beach,274,5010.63,18.29,52.5,50.9,49.1,47.5,65.2,35.0,0,0.0
2024-02-10,Saturday,5,2024,Weekends,2,Orlando,227,3678.08,16.2,52.5,50.9,49.1,47.5,65.2,35.0,0,0.0
2024-02-11,Sunday,6,2024,Weekends,1,Miami Beach,256,4604.81,17.99,51.2,48.8,51.2,48.8,70.4,42.1,0,0.0
2024-02-11,Sunday,6,2024,Weekends,4,Jacksonville,208,3220.57,15.48,51.2,48.8,51.2,48.8,70.4,42.1,0,0.0
2024-02-11,Sunday,6,2024,Weekends,2,Orlando,226,3540.74,15.67,51.2,48.8,51.2,48.8,70.4,42.1,0,0.0
2024-02-11,Sunday,6,2024,Weekends,3,Tampa,212,3307.91,15.6,51.2,48.8,51.2,48.8,70.4,42.1,0,0.0
2024-02-12,Monday,6,2024,Weekdays,4,Jacksonville,147,2254.44,15.34,46.9,48.7,51.3,53.1,68.0,47.9,0,0.0
2024-02-12,Monday,6,2024,Weekdays,1,Miami Beach,219,4054.42,18.51,46.9,48.7,51.3,53.1,68.0,47.9,0,0.0
2024-02-12,Monday,6,2024,Weekdays,2,Orlando,206,3492.41,16.95,46.9,48.7,51.3,53.1,68.0,47.9,0,0.0
2024-02-12,Monday,6,2024,Weekdays,3,Tampa,158,2540.25,16.08,46.9,48.7,51.3,53.1,68.0,47.9,0,0.0
2024-02-13,Tuesday,6,2024,Weekdays,2,Orlando,222,3969.99,17.88,46.1,48.1,51.9,53.9,63.6,47.8,0,0.0
2024-02-13,Tuesday,6,2024,Weekdays,4,Jacksonville,179,2720.73,15.2,46.1,48.1,51.9,53.9,63.6,47.8,0,0.0
2024-02-13,Tuesday,6,2024,Weekdays,1,Miami Beach,184,3180.54,17.29,46.1,48.1,51.9,53.9,63.6,47.8,0,0.0
2024-02-13,Tuesday,6,2024,Weekdays,3,Tampa,163,2625.11,16.1,46.1,48.1,51.9,53.9,63.6,47.8,0,0.0
2024-02-14,Wednesday,6,2024,Weekdays,1,Miami Beach,211,3602.85,17.08,47.5,47.8,52.2,52.5,67.8,35.0,0,0.0
2024-02-14,Wednesday,6,2024,Weekdays,4,Jacksonville,140,2101.01,15.01,47.5,47.8,52.2,52.5,67.8,35.0,0,0.0
2024-02-14,Wednesday,6,2024,Weekdays,2,Orlando,197,3147.01,15.97,47.5,47.8,52.2,52.5,67.8,35.0,0,0.0
2024-02-14,Wednesday,6,2024,Weekdays,3,Tampa,198,3333.35,16.84,47.5,47.8,52.2,52.5,67.8,35.0,0,0.0
2024-02-15,Thursday,6,2024,Weekdays,2,Orlando,206,3612.83,17.54,47.9,49.5,50.5,52.1,68.3,41.8,0,0.0
2024-02-15,Thursday,6,2024,Weekdays,4,Jacksonville,177,2707.9,15.3,47.9,49.5,50.5,52.1,68.3,41.8,0,0.0
2024-02-15,Thursday,6,2024,Weekdays,3,Tampa,162,2425.97,14.98,47.9,49.5,50.5,52.1,68.3,41.8,0,0.0
2024-02-15,Thursday,6,2024,Weekdays,1,Miami Beach,238,4599.18,19.32,47.9,49.5,50.5,52.1,68.3,41.8,0,0.0
2024-02-16,Friday,6,2024,Weekdays,2,Orlando,215,3559.9,16.56,46.6,49.6,50.4,53.4,66.8,35.8,0,0.0
2024-02-16,Friday,6,2024,Weekdays,1,Miami Beach,197,3557.25,18.06,46.6,49.6,50.4,53.4,66.8,35.8,0,0.0
2024-02-16,Friday,6,2024,Weekdays,3,Tampa,202,3418.44,16.92,46.6,49.6,50.4,53.4,66.8,35.8,0,0.0
2024-02-16,Friday,6,2024,Weekdays,4,Jacksonville,179,2760.01,15.42,46.6,49.6,50.4,53.4,66.8,35.8,0,0.0
2024-02-17,Saturday,6,2024,Weekends,2,Orlando,203,3169.33,15.61,52.5,48.3,51.7,47.5,71.7,35.0,0,0.0
2024-02-17,Saturday,6,2024,Weekends,3,Tampa,210,3583.04,17.06,52.5,48.3,51.7,47.5,71.7,35.0,0,0.0
2024-02-17,Saturday,6,2024,Weekends,4,Jacksonville,213,3468.0,16.28,52.5,48.3,51.7,47.5,71.7,35.0,0,0.0
2024-02-17,Saturday,6,2024,Weekends,1,Miami Beach,286,5443.51,19.03,52.5,48.3,51.7,47.5,71.7,35.0,0,0.0
2024-02-18,Sunday,7,2024,Weekends,2,Orlando,202,3149.61,15.59,53.1,48.3,51.7,46.9,64.0,38.8,1,0.79
2024-02-18,Sunday,7,2024,Weekends,3,Tampa,223,3700.96,16.6,53.1,48.3,51.7,46.9,64.0,38.8,1,0.79
2024-02-18,Sunday,7,2024,Weekends,4,Jacksonville,180,2723.3,15.13,53.1,48.3,51.7,46.9,64.0,38.8,1,0.79
2024-02-18,Sunday,7,2024,Weekends,1,Miami Beach,274,4867.79,17.77,53.1,48.3,51.7,46.9,64.0,38.8,1,0.79
2024-02-19,Monday,7,2024,Weekdays,1,Miami Beach,207,3861.34,18.65,47.3,48.4,51.6,52.7,66.0,44.6,0,0.0
2024-02-19,Monday,7,2024,Weekdays,3,Tampa,192,3158.92,16.45,47.3,48.4,51.6,52.7,66.0,44.6,0,0.0
2024-02-19,Monday,7,2024,Weekdays,4,Jacksonville,152,2388.77,15.72,47.3,48.4,51.6,52.7,66.0,44.6,0,0.0
2024-02-19,Monday,7,2024,Weekdays,2,Orlando,228,3672.51,16.11,47.3,48.4,51.6,52.7,66.0,44.6,0,0.0
2024-02-20,Tuesday,7,2024,Weekdays,3,Tampa,186,3233.74,17.39,46.4,48.9,51.1,53.6,69.8,37.7,0,0.0
2024-02-20,Tuesday,7,2024,Weekdays,2,Orlando,186,3584.93,19.27,46.4,48.9,51.1,53.6,69.8,37.7,0,0.0
2024-02-20,Tuesday,7,2024,Weekdays,1,Miami Beach,242,4486.22,18.54,46.4,48.9,51.1,53.6,69.8,37.7,0,0.0
2024-02-20,Tuesday,7,2024,Weekdays,4,Jacksonville,185,2769.95,14.97,46.4,48.9,51.1,53.6,69.8,37.7,0,0.0
2024-02-21,Wednesday,7,2024,Weekdays,2,Orlando,185,3131.23,16.93,47.2,47.6,52.4,52.8,70.9,36.7,0,0.0
2024-02-21,Wednesday,7,2024,Weekdays,1,Miami Beach,214,4134.96,19.32,47.2,47.6,52.4,52.8,70.9,36.7,0,0.0
2024-02-21,Wednesday,7,2024,Weekdays,4,Jacksonville,158,2535.47,16.05,47.2,47.6,52.4,52.8,70.9,36.7,0,0.0
2024-02-21,Wednesday,7,2024,Weekdays,3,Tampa,189,3342.72,17.69,47.2,47.6,52.4,52.8,70.9,36.7,0,0.0
2024-02-22,Thursday,7,2024,Weekdays,3,Tampa,204,3344.28,16.39,47.7,49.5,50.5,52.3,72.0,36.9,0,0.0
2024-02-22,Thursday,7,2024,Weekdays,1,Miami Beach,243,4565.52,18.79,47.7,49.5,50.5,52.3,72.0,36.9,0,0.0
2024-02-22,Thursday,7,2024,Weekdays,2,Orlando,189,3278.23,17.35,47.7,49.5,50.5,52.3,72.0,36.9,0,0.0
2024-02-22,Thursday,7,2024,Weekdays,4,Jacksonville,186,2823.1,15.18,47.7,49.5,50.5,52.3,72.0,36.9,0,0.0
2024-02-23,Friday,7,2024,Weekdays,4,Jacksonville,171,2787.33,16.3,48.2,47.6,52.4,51.8,65.1,41.8,1,1.41
2024-02-23,Friday,7,2024,Weekdays,1,Miami Beach,223,4139.92,18.56,48.2,47.6,52.4,51.8,65.1,41.8,1,1.41
2024-02-23,Friday,7,2024,Weekdays,2,Orlando,175,2986.46,17.07,48.2,47.6,52.4,51.8,65.1,41.8,1,1.41
2024-02-23,Friday,7,2024,Weekdays,3,Tampa,180,2778.6,15.44,48.2,47.6,52.4,51.8,65.1,41.8,1,1.41
2024-02-24,Saturday,7,2024,Weekends,1,Miami Beach,254,4784.47,18.84,51.2,48.2,51.8,48.8,63.6,38.0,0,0.0
2024-02-24,Saturday,7,2024,Weekends,2,Orlando,213,3583.9,16.83,51.2,48.2,51.8,48.8,63.6,38.0,0,0.0
2024-02-24,Saturday,7,2024,Weekends,4,Jacksonville,209,3211.03,15.36,51.2,48.2,51.8,48.8,63.6,38.0,0,0.0
2024-02-24,Saturday,7,2024,Weekends,3,Tampa,223,3696.67,16.58,51.2,48.2,51.8,48.8,63.6,38.0,0,0.0
2024-02-25,Sunday,8,2024,Weekends,2,Orlando,238,4112.98,17.28,52.8,49.2,50.8,47.2,67.0,36.3,0,0.0
2024-02-25,Sunday,8,2024,Weekends,4,Jacksonville,195,3074.35,15.77,52.8,49.2,50.8,47.2,67.0,36.3,0,0.0
2024-02-25,Sunday,8,2024,Weekends,3,Tampa,236,3773.32,15.99,52.8,49.2,50.8,47.2,67.0,36.3,0,0.0
2024-02-25,Sunday,8,2024,Weekends,1,Miami Beach,253,4536.66,17.93,52.8,49.2,50.8,47.2,67.0,36.3,0,0.0
2024-02-26,Monday,8,2024,Weekdays,3,Tampa,159,2875.08,18.08,47.7,48.7,51.3,52.3,67.0,38.7,0,0.0
2024-02-26,Monday,8,2024,Weekdays,4,Jacksonville,158,2366.23,14.98,47.7,48.7,51.3,52.3,67.0,38.7,0,0.0
2024-02-26,Monday,8,2024,Weekdays,1,Miami Beach,230,4528.03,19.69,47.7,48.7,51.3,52.3,67.0,38.7,0,0.0
2024-02-26,Monday,8,2024,Weekdays,2,Orlando,217,3814.85,17.58,47.7,48.7,51.3,52.3,67.0,38.7,0,0.0
2024-02-27,Tuesday,8,2024,Weekdays,1,Miami Beach,217,4272.61,19.69,47.7,49.4,50.6,52.3,62.5,39.7,0,0.0
2024-02-27,Tuesday,8,2024,Weekdays,3,Tampa,190,3335.31,17.55,47.7,49.4,50.6,52.3,62.5,39.7,0,0.0
2024-02-27,Tuesday,8,2024,Weekdays,2,Orlando,196,3659.95,18.67,47.7,49.4,50.6,52.3,62.5,39.7,0,0.0
2024-02-27,Tuesday,8,2024,Weekdays,4,Jacksonville,168,2802.95,16.68,47.7,49.4,50.6,52.3,62.5,39.7,0,0.0
2024-02-28,Wednesday,8,2024,Weekdays,3,Tampa,165,2849.33,17.27,48.2,48.0,52.0,51.8,64.8,35.0,0,0.0
2024-02-28,Wednesday,8,2024,Weekdays,2,Orlando,204,3690.8,18.09,48.2,48.0,52.0,51.8,64.8,35.0,0,0.0
2024-02-28,Wednesday,8,2024,Weekdays,1,Miami Beach,210,3556.05,16.93,48.2,48.0,52.0,51.8,64.8,35.0,0,0.0
2024-02-28,Wednesday,8,2024,Weekdays,4,Jacksonville,171,2547.37,14.9,48.2,48.0,52.0,51.8,64.8,35.0,0,0.0
2024-02-29,Thursday,8,2024,Weekdays,4,Jacksonville,171,2555.78,14.95,47.8,48.0,52.0,52.2,69.5,35.2,1,2.56
2024-02-29,Thursday,8,2024,Weekdays,3,Tampa,168,2813.05,16.74,47.8,48.0,52.0,52.2,69.5,35.2,1,2.56
2024-02-29,Thursday,8,2024,Weekdays,2,Orlando,167,2847.84,17.05,47.8,48.0,52.0,52.2,69.5,35.2,1,2.56
2024-02-29,Thursday,8,2024,Weekdays,1,Miami Beach,188,3620.54,19.26,47.8,48.0,52.0,52.2,69.5,35.2,1,2.56
2024-03-01,Friday,8,2024,Weekdays,3,Tampa,201,3468.31,17.26,48.0,49.1,50.9,52.0,64.8,37.1,1,0.15
2024-03-01,Friday,8,2024,Weekdays,4,Jacksonville,180,2893.6,16.08,48.0,49.1,50.9,52.0,64.8,37.1,1,0.15
2024-03-01,Friday,8,2024,Weekdays,2,Orlando,198,3513.15,17.74,48.0,49.1,50.9,52.0,64.8,37.1,1,0.15
2024-03-01,Friday,8,2024,Weekdays,1,Miami Beach,231,4351.57,18.84,48.0,49.1,50.9,52.0,64.8,37.1,1,0.15
2024-03-02,Saturday,8,2024,Weekends,1,Miami Beach,239,4413.68,18.47,51.8,48.9,51.1,48.2,63.1,35.0,0,0.0
2024-03-02,Saturday,8,2024,Weekends,3,Tampa,200,3106.32,15.53,51.8,48.9,51.1,48.2,63.1,35.0,0,0.0
2024-03-02,Saturday,8,2024,Weekends,4,Jacksonville,217,3291.68,15.17,51.8,48.9,51.1,48.2,63.1,35.0,0,0.0
2024-03-02,Saturday,8,2024,Weekends,2,Orlando,212,3539.09,16.69,51.8,48.9,51.1,48.2,63.1,35.0,0,0.0
2024-03-03,Sunday,9,2024,Weekends,2,Orlando,219,3796.29,17.33,51.7,48.5,51.5,48.3,63.9,36.2,0,0.0
2024-03-03,Sunday,9,2024,Weekends,4,Jacksonville,183,2577.48,14.08,51.7,48.5,51.5,48.3,63.9,36.2,0,0.0
2024-03-03,Sunday,9,2024,Weekends,3,Tampa,176,3005.31,17.08,51.7,48.5,51.5,48.3,63.9,36.2,0,0.0
2024-03-03,Sunday,9,2024,Weekends,1,Miami Beach,238,4429.25,18.61,51.7,48.5,51.5,48.3,63.9,36.2,0,0.0
2024-03-04,Monday,9,2024,Weekdays,2,Orlando,222,3622.86,16.32,48.0,49.5,50.5,52.0,61.4,35.0,1,1.1
2024-03-04,Monday,9,2024,Weekdays,1,Miami Beach,212,4021.41,18.97,48.0,49.5,50.5,52.0,61.4,35.0,1,1.1
2024-03-04,Monday,9,2024,Weekdays,4,Jacksonville,167,2605.16,15.6,48.0,49.5,50.5,52.0,61.4,35.0,1,1.1
2024-03-04,Monday,9,2024,Weekdays,3,Tampa,166,2776.5,16.73,48.0,49.5,50.5,52.0,61.4,35.0,1,1.1
2024-03-05,Tuesday,9,2024,Weekdays,2,Orlando,208,3736.12,17.96,46.1,48.8,51.2,53.9,61.4,43.0,0,0.0
2024-03-05,Tuesday,9,2024,Weekdays,4,Jacksonville,131,2065.83,15.77,46.1,48.8,51.2,53.9,61.4,43.0,0,0.0
2024-03-05,Tuesday,9,2024,Weekdays,3,Tampa,169,3020.25,17.87,46.1,48.8,51.2,53.9,61.4,43.0,0,0.0
2024-03-05,Tuesday,9,2024,Weekdays,1,Miami Beach,204,3542.1,17.36,46.1,48.8,51.2,53.9,61.4,43.0,0,0.0
2024-03-06,Wednesday,9,2024,Weekdays,3,Tampa,183,3004.62,16.42,46.2,49.0,51.0,53.8,62.7,36.7,0,0.0
2024-03-06,Wednesday,9,2024,Weekdays,2,Orlando,188,3050.9,16.23,46.2,49.0,51.0,53.8,62.7,36.7,0,0.0
2024-03-06,Wednesday,9,2024,Weekdays,1,Miami Beach,230,4138.29,17.99,46.2,49.0,51.0,53.8,62.7,36.7,0,0.0
2024-03-06,Wednesday,9,2024,Weekdays,4,Jacksonville,152,2275.0,14.97,46.2,49.0,51.0,53.8,62.7,36.7,0,0.0
2024-03-07,Thursday,9,2024,Weekdays,3,Tampa,172,2817.81,16.38,46.6,49.5,50.5,53.4,64.3,35.0,1,1.42
2024-03-07,Thursday,9,2024,Weekdays,1,Miami Beach,201,3436.95,17.1,46.6,49.5,50.5,53.4,64.3,35.0,1,1.42
2024-03-07,Thursday,9,2024,Weekdays,4,Jacksonville,165,2576.97,15.62,46.6,49.5,50.5,53.4,64.3,35.0,1,1.42
2024-03-07,Thursday,9,2024,Weekdays,2,Orlando,168,2531.09,15.07,46.6,49.5,50.5,53.4,64.3,35.0,1,1.42
2024-03-08,Friday,9,2024,Weekdays,2,Orlando,206,3252.2,15.79,47.1,49.1,50.9,52.9,64.1,35.0,0,0.0
2024-03-08,Friday,9,2024,Weekdays,1,Miami Beach,211,4244.92,20.12,47.1,49.1,50.9,52.9,64.1,35.0,0,0.0
2024-03-08,Friday,9,2024,Weekdays,3,Tampa,214,3226.9,15.08,47.1,49.1,50.9,52.9,64.1,35.0,0,0.0
2024-03-08,Friday,9,2024,Weekdays,4,Jacksonville,152,2409.48,15.85,47.1,49.1,50.9,52.9,64.1,35.0,0,0.0
2024-03-09,Saturday,9,2024,Weekends,3,Tampa,192,3268.89,17.03,51.5,47.7,52.3,48.5,63.3,39.1,0,0.0
2024-03-09,Saturday,9,2024,Weekends,2,Orlando,217,3859.53,17.79,51.5,47.7,52.3,48.5,63.3,39.1,0,0.0
2024-03-09,Saturday,9,2024,Weekends,1,Miami Beach,252,4861.85,19.29,51.5,47.7,52.3,48.5,63.3,39.1,0,0.0
2024-03-09,Saturday,9,2024,Weekends,4,Jacksonville,172,2878.49,16.74,51.5,47.7,52.3,48.5,63.3,39.1,0,0.0
2024-03-10,Sunday,10,2024,Weekends,3,Tampa,198,3383.32,17.09,53.2,47.9,52.1,46.8,64.3,36.2,0,0.0
2024-03-10,Sunday,10,2024,Weekends,2,Orlando,243,3970.1,16.34,53.2,47.9,52.1,46.8,64.3,36.2,0,0.0
2024-03-10,Sunday,10,2024,Weekends,4,Jacksonville,200,3319.02,16.6,53.2,47.9,52.1,46.8,64.3,36.2,0,0.0
2024-03-10,Sunday,10,2024,Weekends,1,Miami Beach,266,5283.82,19.86,53.2,47.9,52.1,46.8,64.3,36.2,0,0.0
2024-03-11,Monday,10,2024,Weekdays,3,Tampa,177,2958.78,16.72,46.9,47.9,52.1,53.1,68.1,38.3,1,0.31
2024-03-11,Monday,10,2024,Weekdays,4,Jacksonville,205,2933.94,14.31,46.9,47.9,52.1,53.1,68.1,38.3,1,0.31
2024-03-11,Monday,10,2024,Weekdays,1,Miami Beach,247,4449.56,18.01,46.9,47.9,52.1,53.1,68.1,38.3,1,0.31
2024-03-11,Monday,10,2024,Weekdays,2,Orlando,208,3859.25,18.55,46.9,47.9,52.1,53.1,68.1,38.3,1,0.31
2024-03-12,Tuesday,10,2024,Weekdays,2,Orlando,183,3209.19,17.54,47.0,48.1,51.9,53.0,62.9,35.0,0,0.0
2024-03-12,Tuesday,10,2024,Weekdays,1,Miami Beach,210,3995.68,19.03,47.0,48.1,51.9,53.0,62.9,35.0,0,0.0
2024-03-12,Tuesday,10,2024,Weekdays,4,Jacksonville,150,2270.96,15.14,47.0,48.1,51.9,53.0,62.9,35.0,0,0.0
2024-03-12,Tuesday,10,2024,Weekdays,3,Tampa,208,3490.45,16.78,47.0,48.1,51.9,53.0,62.9,35.0,0,0.0
2024-03-13,Wednesday,10,2024,Weekdays,4,Jacksonville,173,2675.82,15.47,47.8,49.3,50.7,52.2,62.1,35.0,0,0.0
2024-03-13,Wednesday,10,2024,Weekdays,3,Tampa,211,3223.87,15.28,47.8,49.3,50.7,52.2,62.1,35.0,0,0.0
2024-03-13,Wednesday,10,2024,Weekdays,1,Miami Beach,210,3720.17,17.72,47.8,49.3,50.7,52.2,62.1,35.0,0,0.0
2024-03-13,Wednesday,10,2024,Weekdays,2,Orlando,211,3644.43,17.27,47.8,49.3,50.7,52.2,62.1,35.0,0,0.0
2024-03-14,Thursday,10,2024,Weekdays,3,Tampa,184,2927.31,15.91,45.0,48.8,51.2,55.0,72.2,35.0,0,0.0
2024-03-14,Thursday,10,2024,Weekdays,1,Miami Beach,225,4247.42,18.88,45.0,48.8,51.2,55.0,72.2,35.0,0,0.0
2024-03-14,Thursday,10,2024,Weekdays,2,Orlando,233,4155.66,17.84,45.0,48.8,51.2,55.0,72.2,35.0,0,0.0
2024-03-14,Thursday,10,2024,Weekdays,4,Jacksonville,143,2271.41,15.88,45.0,48.8,51.2,55.0,72.2,35.0,0,0.0
2024-03-15,Friday,10,2024,Weekdays,4,Jacksonville,178,2686.62,15.09,48.2,46.9,53.1,51.8,73.1,35.0,0,0.0
2024-03-15,Friday,10,2024,Weekdays,1,Miami Beach,204,3892.41,19.08,48.2,46.9,53.1,51.8,73.1,35.0,0,0.0
2024-03-15,Friday,10,2024,Weekdays,2,Orlando,244,4002.6,16.4,48.2,46.9,53.1,51.8,73.1,35.0,0,0.0
2024-03-15,Friday,10,2024,Weekdays,3,Tampa,193,2992.74,15.51,48.2,46.9,53.1,51.8,73.1,35.0,0,0.0
2024-03-16,Saturday,10,2024,Weekends,2,Orlando,221,3606.17,16.32,54.9,47.8,52.2,45.1,67.2,35.0,0,0.0
2024-03-16,Saturday,10,2024,Weekends,1,Miami Beach,302,5944.22,19.68,54.9,47.8,52.2,45.1,67.2,35.0,0,0.0
2024-03-16,Saturday,10,2024,Weekends,3,Tampa,223,3799.25,17.04,54.9,47.8,52.2,45.1,67.2,35.0,0,0.0
2024-03-16,Saturday,10,2024,Weekends,4,Jacksonville,187,3038.56,16.25,54.9,47.8,52.2,45.1,67.2,35.0,0,0.0
2024-03-17,Sunday,11,2024,Weekends,3,Tampa,192,3528.11,18.38,55.6,49.2,50.8,44.4,68.3,37.4,0,0.0
2024-03-17,Sunday,11,2024,Weekends,1,Miami Beach,252,4661.03,18.5,55.6,49.2,50.8,44.4,68.3,37.4,0,0.0
2024-03-17,Sunday,11,2024,Weekends,4,Jacksonville,205,2843.18,13.87,55.6,49.2,50.8,44.4,68.3,37.4,0,0.0
2024-03-17,Sunday,11,2024,Weekends,2,Orlando,246,4556.05,18.52,55.6,49.2,50.8,44.4,68.3,37.4,0,0.0
2024-03-18,Monday,11,2024,Weekdays,3,Tampa,201,3148.03,15.66,45.3,49.8,50.2,54.7,64.1,38.9,0,0.0
2024-03-18,Monday,11,2024,Weekdays,4,Jacksonville,164,2576.69,15.71,45.3,49.8,50.2,54.7,64.1,38.9,0,0.0
2024-03-18,Monday,11,2024,Weekdays,2,Orlando,188,3007.94,16.0,45.3,49.8,50.2,54.7,64.1,38.9,0,0.0
2024-03-18,Monday,11,2024,Weekdays,1,Miami Beach,228,4530.83,19.87,45.3,49.8,50.2,54.7,64.1,38.9,0,0.0
2024-03-19,Tuesday,11,2024,Weekdays,3,Tampa,186,3005.33,16.16,47.3,46.6,53.4,52.7,64.6,35.0,1,0.4
2024-03-19,Tuesday,11,2024,Weekdays,4,Jacksonville,170,2710.89,15.95,47.3,46.6,53.4,52.7,64.6,35.0,1,0.4
2024-03-19,Tuesday,11,2024,Weekdays,1,Miami Beach,211,3752.59,17.78,47.3,46.6,53.4,52.7,64.6,35.0,1,0.4
2024-03-19,Tuesday,11,2024,Weekdays,2,Orlando,202,3467.67,17.17,47.3,46.6,53.4,52.7,64.6,35.0,1,0.4
2024-03-20,Wednesday,11,2024,Weekdays,4,Jacksonville,147,2310.66,15.72,47.2,47.4,52.6,52.8,64.1,36.9,1,0.49
2024-03-20,Wednesday,11,2024,Weekdays,1,Miami Beach,254,4973.88,19.58,47.2,47.4,52.6,52.8,64.1,36.9,1,0.49
2024-03-20,Wednesday,11,2024,Weekdays,3,Tampa,194,3374.26,17.39,47.2,47.4,52.6,52.8,64.1,36.9,1,0.49
2024-03-20,Wednesday,11,2024,Weekdays,2,Orlando,204,3750.25,18.38,47.2,47.4,52.6,52.8,64.1,36.9,1,0.49
2024-03-21,Thursday,11,2024,Weekdays,3,Tampa,177,3222.5,18.21,46.6,47.1,52.9,53.4,66.8,42.2,0,0.0
2024-03-21,Thursday,11,2024,Weekdays,1,Miami Beach,213,3568.75,16.75,46.6,47.1,52.9,53.4,66.8,42.2,0,0.0
2024-03-21,Thursday,11,2024,Weekdays,4,Jacksonville,179,2810.81,15.7,46.6,47.1,52.9,53.4,66.8,42.2,0,0.0
2024-03-21,Thursday,11,2024,Weekdays,2,Orlando,195,3410.96,17.49,46.6,47.1,52.9,53.4,66.8,42.2,0,0.0
2024-03-22,Friday,11,2024,Weekdays,4,Jacksonville,169,2752.87,16.29,49.9,48.7,51.3,50.1,69.4,38.2,1,0.18
2024-03-22,Friday,11,2024,Weekdays,2,Orlando,210,3260.12,15.52,49.9,48.7,51.3,50.1,69.4,38.2,1,0.18
2024-03-22,Friday,11,2024,Weekdays,3,Tampa,171,2693.0,15.75,49.9,48.7,51.3,50.1,69.4,38.2,1,0.18
2024-03-22,Friday,11,2024,Weekdays,1,Miami Beach,191,3326.65,17.42,49.9,48.7,51.3,50.1,69.4,38.2,1,0.18
2024-03-23,Saturday,11,2024,Weekends,3,Tampa,207,3074.5,14.85,55.1,50.1,49.9,44.9,67.1,39.0,0,0.0
2024-03-23,Saturday,11,2024,Weekends,2,Orlando,246,3934.77,15.99,55.1,50.1,49.9,44.9,67.1,39.0,0,0.0
2024-03-23,Saturday,11,2024,Weekends,1,Miami Beach,265,5013.09,18.92,55.1,50.1,49.9,44.9,67.1,39.0,0,0.0
2024-03-23,Saturday,11,2024,Weekends,4,Jacksonville,210,3407.22,16.22,55.1,50.1,49.9,44.9,67.1,39.0,0,0.0
2024-03-24,Sunday,12,2024,Weekends,2,Orlando,212,3489.24,16.46,52.7,49.0,51.0,47.3,63.8,35.0,0,0.0
2024-03-24,Sunday,12,2024,Weekends,1,Miami Beach,251,4927.83,19.63,52.7,49.0,51.0,47.3,63.8,35.0,0,0.0
2024-03-24,Sunday,12,2024,Weekends,3,Tampa,196,3161.84,16.13,52.7,49.0,51.0,47.3,63.8,35.0,0,0.0
2024-03-24,Sunday,12,2024,Weekends,4,Jacksonville,209,3269.63,15.64,52.7,49.0,51.0,47.3,63.8,35.0,0,0.0
2024-03-25,Monday,12,2024,Weekdays,2,Orlando,240,4054.5,16.89,44.6,48.0,52.0,55.4,69.3,37.3,0,0.0
2024-03-25,Monday,12,2024,Weekdays,1,Miami Beach,216,3942.8,18.25,44.6,48.0,52.0,55.4,69.3,37.3,0,0.0
2024-03-25,Monday,12,2024,Weekdays,3,Tampa,210,3426.4,16.32,44.6,48.0,52.0,55.4,69.3,37.3,0,0.0
2024-03-25,Monday,12,2024,Weekdays,4,Jacksonville,161,2774.55,17.23,44.6,48.0,52.0,55.4,69.3,37.3,0,0.0
2024-03-26,Tuesday,12,2024,Weekdays,1,Miami Beach,203,3699.64,18.22,46.4,47.8,52.2,53.6,69.6,35.1,1,0.45
2024-03-26,Tuesday,12,2024,Weekdays,2,Orlando,195,3233.03,16.58,46.4,47.8,52.2,53.6,69.6,35.1,1,0.45
2024-03-26,Tuesday,12,2024,Weekdays,4,Jacksonville,180,2709.8,15.05,46.4,47.8,52.2,53.6,69.6,35.1,1,0.45
2024-03-26,Tuesday,12,2024,Weekdays,3,Tampa,191,3162.15,16.56,46.4,47.8,52.2,53.6,69.6,35.1,1,0.45
2024-03-27,Wednesday,12,2024,Weekdays,3,Tampa,213,3603.68,16.92,46.7,47.3,52.7,53.3,70.4,35.6,0,0.0
2024-03-27,Wednesday,12,2024,Weekdays,4,Jacksonville,162,2506.77,15.47,46.7,47.3,52.7,53.3,70.4,35.6,0,0.0
2024-03-27,Wednesday,12,2024,Weekdays,2,Orlando,206,3606.75,17.51,46.7,47.3,52.7,53.3,70.4,35.6,0,0.0
2024-03-27,Wednesday,12,2024,Weekdays,1,Miami Beach,191,3409.81,17.85,46.7,47.3,52.7,53.3,70.4,35.6,0,0.0
2024-03-28,Thursday,12,2024,Weekdays,2,Orlando,185,3056.45,16.52,49.7,47.8,52.2,50.3,72.3,35.0,0,0.0
2024-03-28,Thursday,12,2024,Weekdays,3,Tampa,200,3200.23,16.0,49.7,47.8,52.2,50.3,72.3,35.0,0,0.0
2024-03-28,Thursday,12,2024,Weekdays,1,Miami Beach,255,4579.25,17.96,49.7,47.8,52.2,50.3,72.3,35.0,0,0.0
2024-03-28,Thursday,12,2024,Weekdays,4,Jacksonville,179,2509.27,14.02,49.7,47.8,52.2,50.3,72.3,35.0,0,0.0
2024-03-29,Friday,12,2024,Weekdays,1,Miami Beach,216,3801.5,17.6,46.9,47.8,52.2,53.1,71.2,38.2,1,1.59
2024-03-29,Friday,12,2024,Weekdays,3,Tampa,188,3128.74,16.64,46.9,47.8,52.2,53.1,71.2,38.2,1,1.59
2024-03-29,Friday,12,2024,Weekdays,4,Jacksonville,191,3044.19,15.94,46.9,47.8,52.2,53.1,71.2,38.2,1,1.59
2024-03-29,Friday,12,2024,Weekdays,2,Orlando,188,3170.04,16.86,46.9,47.8,52.2,53.1,71.2,38.2,1,1.59
2024-03-30,Saturday,12,2024,Weekends,3,Tampa,229,3580.03,15.63,54.0,48.2,51.8,46.0,58.8,38.3,0,0.0
2024-03-30,Saturday,12,2024,Weekends,2,Orlando,215,3730.53,17.35,54.0,48.2,51.8,46.0,58.8,38.3,0,0.0
2024-03-30,Saturday,12,2024,Weekends,1,Miami Beach,250,4445.63,17.78,54.0,48.2,51.8,46.0,58.8,38.3,0,0.0
2024-03-30,Saturday,12,2024,Weekends,4,Jacksonville,173,2916.21,16.86,54.0,48.2,51.8,46.0,58.8,38.3,0,0.0
2024-03-31,Sunday,13,2024,Weekends,4,Jacksonville,172,2805.49,16.31,54.9,47.4,52.6,45.1,65.6,35.1,0,0.0
2024-03-31,Sunday,13,2024,Weekends,2,Orlando,221,3781.7,17.11,54.9,47.4,52.6,45.1,65.6,35.1,0,0.0
2024-03-31,Sunday,13,2024,Weekends,3,Tampa,200,3355.19,16.78,54.9,47.4,52.6,45.1,65.6,35.1,0,0.0
2024-03-31,Sunday,13,2024,Weekends,1,Miami Beach,253,4767.82,18.85,54.9,47.4,52.6,45.1,65.6,35.1,0,0.0
2024-04-01,Monday,13,2024,Weekdays,3,Tampa,170,2791.97,16.42,47.7,48.0,52.0,52.3,58.9,35.0,0,0.0
2024-04-01,Monday,13,2024,Weekdays,2,Orlando,201,3181.92,15.83,47.7,48.0,52.0,52.3,58.9,35.0,0,0.0
2024-04-01,Monday,13,2024,Weekdays,4,Jacksonville,165,2512.87,15.23,47.7,48.0,52.0,52.3,58.9,35.0,0,0.0
2024-04-01,Monday,13,2024,Weekdays,1,Miami Beach,225,4564.9,20.29,47.7,48.0,52.0,52.3,58.9,35.0,0,0.0
2024-04-02,Tuesday,13,2024,Weekdays,4,Jacksonville,167,2687.3,16.09,46.5,49.4,50.6,53.5,65.5,42.6,0,0.0
2024-04-02,Tuesday,13,2024,Weekdays,1,Miami Beach,200,3513.26,17.57,46.5,49.4,50.6,53.5,65.5,42.6,0,0.0
2024-04-02,Tuesday,13,2024,Weekdays,3,Tampa,143,2490.62,17.42,46.5,49.4,50.6,53.5,65.5,42.6,0,0.0
2024-04-02,Tuesday,13,2024,Weekdays,2,Orlando,226,3918.39,17.34,46.5,49.4,50.6,53.5,65.5,42.6,0,0.0
2024-04-03,Wednesday,13,2024,Weekdays,4,Jacksonville,181,3010.01,16.63,47.1,48.5,51.5,52.9,62.8,40.5,1,0.44
2024-04-03,Wednesday,13,2024,Weekdays,3,Tampa,190,3173.81,16.7,47.1,48.5,51.5,52.9,62.8,40.5,1,0.44
2024-04-03,Wednesday,13,2024,Weekdays,2,Orlando,203,3527.7,17.38,47.1,48.5,51.5,52.9,62.8,40.5,1,0.44
2024-04-03,Wednesday,13,2024,Weekdays,1,Miami Beach,214,3816.97,17.84,47.1,48.5,51.5,52.9,62.8,40.5,1,0.44
2024-04-04,Thursday,13,2024,Weekdays,1,Miami Beach,217,4257.97,19.62,50.0,48.5,51.5,50.0,63.9,42.5,1,0.5
2024-04-04,Thursday,13,2024,Weekdays,3,Tampa,210,3224.74,15.36,50.0,48.5,51.5,50.0,63.9,42.5,1,0.5
2024-04-04,Thursday,13,2024,Weekdays,4,Jacksonville,188,3092.99,16.45,50.0,48.5,51.5,50.0,63.9,42.5,1,0.5
2024-04-04,Thursday,13,2024,Weekdays,2,Orlando,215,3710.49,17.26,50.0,48.5,51.5,50.0,63.9,42.5,1,0.5
2024-04-05,Friday,13,2024,Weekdays,1,Miami Beach,191,3751.93,19.64,48.8,46.5,53.5,51.2,66.8,44.1,0,0.0
2024-04-05,Friday,13,2024,Weekdays,4,Jacksonville,162,2413.7,14.9,48.8,46.5,53.5,51.2,66.8,44.1,0,0.0
2024-04-05,Friday,13,2024,Weekdays,3,Tampa,177,3315.24,18.73,48.8,46.5,53.5,51.2,66.8,44.1,0,0.0
2024-04-05,Friday,13,2024,Weekdays,2,Orlando,193,3195.9,16.56,48.8,46.5,53.5,51.2,66.8,44.1,0,0.0
2024-04-06,Saturday,13,2024,Weekends,2,Orlando,244,4224.86,17.31,54.7,49.1,50.9,45.3,69.7,35.0,0,0.0
2024-04-06,Saturday,13,2024,Weekends,3,Tampa,222,3916.76,17.64,54.7,49.1,50.9,45.3,69.7,35.0,0,0.0
2024-04-06,Saturday,13,2024,Weekends,4,Jacksonville,189,2947.45,15.59,54.7,49.1,50.9,45.3,69.7,35.0,0,0.0
2024-04-06,Saturday,13,2024,Weekends,1,Miami Beach,269,5231.91,19.45,54.7,49.1,50.9,45.3,69.7,35.0,0,0.0
2024-04-07,Sunday,14,2024,Weekends,1,Miami Beach,246,4115.08,16.73,52.3,48.0,52.0,47.7,62.7,39.8,0,0.0
2024-04-07,Sunday,14,2024,Weekends,3,Tampa,216,3545.86,16.42,52.3,48.0,52.0,47.7,62.7,39.8,0,0.0
2024-04-07,Sunday,14,2024,Weekends,4,Jacksonville,190,2923.16,15.39,52.3,48.0,52.0,47.7,62.7,39.8,0,0.0
2024-04-07,Sunday,14,2024,Weekends,2,Orlando,248,4553.21,18.36,52.3,48.0,52.0,47.7,62.7,39.8,0,0.0
2024-04-08,Monday,14,2024,Weekdays,1,Miami Beach,188,3195.76,17.0,48.2,48.2,51.8,51.8,67.3,45.9,1,1.7
2024-04-08,Monday,14,2024,Weekdays,3,Tampa,176,3056.74,17.37,48.2,48.2,51.8,51.8,67.3,45.9,1,1.7
2024-04-08,Monday,14,2024,Weekdays,4,Jacksonville,169,2677.2,15.84,48.2,48.2,51.8,51.8,67.3,45.9,1,1.7
2024-04-08,Monday,14,2024,Weekdays,2,Orlando,206,3328.9,16.16,48.2,48.2,51.8,51.8,67.3,45.9,1,1.7
2024-04-09,Tuesday,14,2024,Weekdays,2,Orlando,188,2876.12,15.3,47.5,48.8,51.2,52.5,68.3,35.0,0,0.0
2024-04-09,Tuesday,14,2024,Weekdays,1,Miami Beach,212,3764.52,17.76,47.5,48.8,51.2,52.5,68.3,35.0,0,0.0
2024-04-09,Tuesday,14,2024,Weekdays,4,Jacksonville,169,2488.16,14.72,47.5,48.8,51.2,52.5,68.3,35.0,0,0.0
2024-04-09,Tuesday,14,2024,Weekdays,3,Tampa,203,3299.14,16.25,47.5,48.8,51.2,52.5,68.3,35.0,0,0.0
2024-04-10,Wednesday,14,2024,Weekdays,4,Jacksonville,161,2465.78,15.32,47.3,50.3,49.7,52.7,64.7,36.2,0,0.0
2024-04-10,Wednesday,14,2024,Weekdays,2,Orlando,223,3731.38,16.73,47.3,50.3,49.7,52.7,64.7,36.2,0,0.0
2024-04-10,Wednesday,14,2024,Weekdays,3,Tampa,164,2851.68,17.39,47.3,50.3,49.7,52.7,64.7,36.2,0,0.0
2024-04-10,Wednesday,14,2024,Weekdays,1,Miami Beach,252,4507.85,17.89,47.3,50.3,49.7,52.7,64.7,36.2,0,0.0
2024-04-11,Thursday,14,2024,Weekdays,4,Jacksonville,170,2540.8,14.95,48.8,47.2,52.8,51.2,73.1,35.1,0,0.0
2024-04-11,Thursday,14,2024,Weekdays,2,Orlando,181,2948.37,16.29,48.8,47.2,52.8,51.2,73.1,35.1,0,0.0
2024-04-11,Thursday,14,2024,Weekdays,1,Miami Beach,240,4387.66,18.28,48.8,47.2,52.8,51.2,73.1,35.1,0,0.0
2024-04-11,Thursday,14,2024,Weekdays,3,Tampa,224,3525.5,15.74,48.8,47.2,52.8,51.2,73.1,35.1,0,0.0
2024-04-12,Friday,14,2024,Weekdays,4,Jacksonville,168,2617.74,15.58,47.8,48.9,51.1,52.2,67.8,40.7,0,0.0
2024-04-12,Friday,14,2024,Weekdays,1,Miami Beach,214,3971.37,18.56,47.8,48.9,51.1,52.2,67.8,40.7,0,0.0
2024-04-12,Friday,14,2024,Weekdays,3,Tampa,170,2786.37,16.39,47.8,48.9,51.1,52.2,67.8,40.7,0,0.0
2024-04-12,Friday,14,2024,Weekdays,2,Orlando,227,4187.79,18.45,47.8,48.9,51.1,52.2,67.8,40.7,0,0.0
2024-04-13,Saturday,14,2024,Weekends,3,Tampa,210,3478.71,16.57,54.1,50.0,50.0,45.9,67.9,35.0,0,0.0
2024-04-13,Saturday,14,2024,Weekends,2,Orlando,262,4286.47,16.36,54.1,50.0,50.0,45.9,67.9,35.0,0,0.0
2024-04-13,Saturday,14,2024,Weekends,1,Miami Beach,259,4661.98,18.0,54.1,50.0,50.0,45.9,67.9,35.0,0,0.0
2024-04-13,Saturday,14,2024,Weekends,4,Jacksonville,224,3238.45,14.46,54.1,50.0,50.0,45.9,67.9,35.0,0,0.0
2024-04-14,Sunday,15,2024,Weekends,4,Jacksonville,186,2594.17,13.95,54.4,51.0,49.0,45.6,67.7,36.3,0,0.0
2024-04-14,Sunday,15,2024,Weekends,1,Miami Beach,278,5202.86,18.72,54.4,51.0,49.0,45.6,67.7,36.3,0,0.0
2024-04-14,Sunday,15,2024,Weekends,2,Orlando,250,4084.19,16.34,54.4,51.0,49.0,45.6,67.7,36.3,0,0.0
2024-04-14,Sunday,15,2024,Weekends,3,Tampa,205,3722.75,18.16,54.4,51.0,49.0,45.6,67.7,36.3,0,0.0
2024-04-15,Monday,15,2024,Weekdays,1,Miami Beach,202,3637.99,18.01,47.7,49.0,51.0,52.3,67.7,37.5,0,0.0
2024-04-15,Monday,15,2024,Weekdays,3,Tampa,152,2591.09,17.05,47.7,49.0,51.0,52.3,67.7,37.5,0,0.0
2024-04-15,Monday,15,2024,Weekdays,4,Jacksonville,158,2377.42,15.05,47.7,49.0,51.0,52.3,67.7,37.5,0,0.0
2024-04-15,Monday,15,2024,Weekdays,2,Orlando,196,3282.49,16.75,47.7,49.0,51.0,52.3,67.7,37.5,0,0.0
2024-04-16,Tuesday,15,2024,Weekdays,2,Orlando,203,3389.97,16.7,47.8,48.5,51.5,52.2,71.3,35.0,1,1.78
2024-04-16,Tuesday,15,2024,Weekdays,3,Tampa,143,2259.54,15.8,47.8,48.5,51.5,52.2,71.3,35.0,1,1.78
2024-04-16,Tuesday,15,2024,Weekdays,4,Jacksonville,175,2754.98,15.74,47.8,48.5,51.5,52.2,71.3,35.0,1,1.78
2024-04-16,Tuesday,15,2024,Weekdays,1,Miami Beach,201,3402.02,16.93,47.8,48.5,51.5,52.2,71.3,35.0,1,1.78
2024-04-17,Wednesday,15,2024,Weekdays,3,Tampa,201,3245.48,16.15,46.7,48.4,51.6,53.3,68.9,35.0,0,0.0
2024-04-17,Wednesday,15,2024,Weekdays,1,Miami Beach,218,4377.65,20.08,46.7,48.4,51.6,53.3,68.9,35.0,0,0.0
2024-04-17,Wednesday,15,2024,Weekdays,4,Jacksonville,149,2273.19,15.26,46.7,48.4,51.6,53.3,68.9,35.0,0,0.0
2024-04-17,Wednesday,15,2024,Weekdays,2,Orlando,200,3593.99,17.97,46.7,48.4,51.6,53.3,68.9,35.0,0,0.0
2024-04-18,Thursday,15,2024,Weekdays,4,Jacksonville,169,2778.83,16.44,48.5,48.4,51.6,51.5,67.6,39.9,0,0.0
2024-04-18,Thursday,15,2024,Weekdays,3,Tampa,200,3364.76,16.82,48.5,48.4,51.6,51.5,67.6,39.9,0,0.0
2024-04-18,Thursday,15,2024,Weekdays,1,Miami Beach,215,3839.38,17.86,48.5,48.4,51.6,51.5,67.6,39.9,0,0.0
2024-04-18,Thursday,15,2024,Weekdays,2,Orlando,185,3108.96,16.81,48.5,48.4,51.6,51.5,67.6,39.9,0,0.0
2024-04-19,Friday,15,2024,Weekdays,2,Orlando,211,3573.7,16.94,49.2,48.8,51.2,50.8,75.8,47.8,1,1.07
2024-04-19,Friday,15,2024,Weekdays,4,Jacksonville,150,2463.4,16.42,49.2,48.8,51.2,50.8,75.8,47.8,1,1.07
2024-04-19,Friday,15,2024,Weekdays,1,Miami Beach,242,4379.63,18.1,49.2,48.8,51.2,50.8,75.8,47.8,1,1.07
2024-04-19,Friday,15,2024,Weekdays,3,Tampa,184,3035.76,16.5,49.2,48.8,51.2,50.8,75.8,47.8,1,1.07
2024-04-20,Saturday,15,2024,Weekends,1,Miami Beach,274,4815.67,17.58,54.1,47.3,52.7,45.9,69.3,39.3,1,0.42
2024-04-20,Saturday,15,2024,Weekends,3,Tampa,203,3507.95,17.28,54.1,47.3,52.7,45.9,69.3,39.3,1,0.42
2024-04-20,Saturday,15,2024,Weekends,4,Jacksonville,202,3193.84,15.81,54.1,47.3,52.7,45.9,69.3,39.3,1,0.42
2024-04-20,Saturday,15,2024,Weekends,2,Orlando,218,3828.72,17.56,54.1,47.3,52.7,45.9,69.3,39.3,1,0.42
2024-04-21,Sunday,16,2024,Weekends,4,Jacksonville,180,3026.81,16.82,52.4,49.1,50.9,47.6,67.8,39.1,0,0.0
2024-04-21,Sunday,16,2024,Weekends,1,Miami Beach,221,4105.72,18.58,52.4,49.1,50.9,47.6,67.8,39.1,0,0.0
2024-04-21,Sunday,16,2024,Weekends,3,Tampa,229,3934.01,17.18,52.4,49.1,50.9,47.6,67.8,39.1,0,0.0
2024-04-21,Sunday,16,2024,Weekends,2,Orlando,210,3534.8,16.83,52.4,49.1,50.9,47.6,67.8,39.1,0,0.0
2024-04-22,Monday,16,2024,Weekdays,4,Jacksonville,138,1891.19,13.7,47.6,48.8,51.2,52.4,70.1,35.0,0,0.0
2024-04-22,Monday,16,2024,Weekdays,3,Tampa,186,3074.69,16.53,47.6,48.8,51.2,52.4,70.1,35.0,0,0.0
2024-04-22,Monday,16,2024,Weekdays,2,Orlando,213,3575.26,16.79,47.6,48.8,51.2,52.4,70.1,35.0,0,0.0
2024-04-22,Monday,16,2024,Weekdays,1,Miami Beach,230,4285.38,18.63,47.6,48.8,51.2,52.4,70.1,35.0,0,0.0
2024-04-23,Tuesday,16,2024,Weekdays,4,Jacksonville,159,2662.11,16.74,47.4,48.7,51.3,52.6,69.2,39.1,0,0.0
2024-04-23,Tuesday,16,2024,Weekdays,2,Orlando,204,3494.81,17.13,47.4,48.7,51.3,52.6,69.2,39.1,0,0.0
2024-04-23,Tuesday,16,2024,Weekdays,1,Miami Beach,218,3718.47,17.06,47.4,48.7,51.3,52.6,69.2,39.1,0,0.0
2024-04-23,Tuesday,16,2024,Weekdays,3,Tampa,199,3288.38,16.52,47.4,48.7,51.3,52.6,69.2,39.1,0,0.0
2024-04-24,Wednesday,16,2024,Weekdays,3,Tampa,210,3309.4,15.76,47.2,48.3,51.7,52.8,68.8,35.5,0,0.0
2024-04-24,Wednesday,16,2024,Weekdays,4,Jacksonville,160,2616.46,16.35,47.2,48.3,51.7,52.8,68.8,35.5,0,0.0
2024-04-24,Wednesday,16,2024,Weekdays,1,Miami Beach,225,4047.28,17.99,47.2,48.3,51.7,52.8,68.8,35.5,0,0.0
2024-04-24,Wednesday,16,2024,Weekdays,2,Orlando,158,2789.48,17.65,47.2,48.3,51.7,52.8,68.8,35.5,0,0.0
2024-04-25,Thursday,16,2024,Weekdays,4,Jacksonville,104,1588.04,15.27,46.8,46.1,53.9,53.2,67.0,38.1,1,2.58
2024-04-25,Thursday,16,2024,Weekdays,1,Miami Beach,189,3429.78,18.15,46.8,46.1,53.9,53.2,67.0,38.1,1,2.58
2024-04-25,Thursday,16,2024,Weekdays,2,Orlando,174,3210.1,18.45,46.8,46.1,53.9,53.2,67.0,38.1,1,2.58
2024-04-25,Thursday,16,2024,Weekdays,3,Tampa,137,2139.61,15.62,46.8,46.1,53.9,53.2,67.0,38.1,1,2.58
2024-04-26,Friday,16,2024,Weekdays,1,Miami Beach,243,4654.97,19.16,47.3,47.2,52.8,52.7,59.9,36.3,0,0.0
2024-04-26,Friday,16,2024,Weekdays,4,Jacksonville,136,2269.69,16.69,47.3,47.2,52.8,52.7,59.9,36.3,0,0.0
2024-04-26,Friday,16,2024,Weekdays,2,Orlando,218,3480.4,15.97,47.3,47.2,52.8,52.7,59.9,36.3,0,0.0
2024-04-26,Friday,16,2024,Weekdays,3,Tampa,216,3577.91,16.56,47.3,47.2,52.8,52.7,59.9,36.3,0,0.0
2024-04-27,Saturday,16,2024,Weekends,4,Jacksonville,161,2485.64,15.44,54.7,49.1,50.9,45.3,70.4,47.3,0,0.0
2024-04-27,Saturday,16,2024,Weekends,3,Tampa,230,3592.42,15.62,54.7,49.1,50.9,45.3,70.4,47.3,0,0.0
2024-04-27,Saturday,16,2024,Weekends,2,Orlando,205,3344.5,16.31,54.7,49.1,50.9,45.3,70.4,47.3,0,0.0
2024-04-27,Saturday,16,2024,Weekends,1,Miami Beach,263,4883.35,18.57,54.7,49.1,50.9,45.3,70.4,47.3,0,0.0
2024-04-28,Sunday,17,2024,Weekends,1,Miami Beach,241,4684.22,19.44,53.2,47.6,52.4,46.8,67.1,53.8,0,0.0
2024-04-28,Sunday,17,2024,Weekends,3,Tampa,219,3379.66,15.43,53.2,47.6,52.4,46.8,67.1,53.8,0,0.0
2024-04-28,Sunday,17,2024,Weekends,2,Orlando,242,4073.39,16.83,53.2,47.6,52.4,46.8,67.1,53.8,0,0.0
2024-04-28,Sunday,17,2024,Weekends,4,Jacksonville,205,3214.82,15.68,53.2,47.6,52.4,46.8,67.1,53.8,0,0.0
2024-04-29,Monday,17,2024,Weekdays,2,Orlando,226,3822.28,16.91,47.9,48.1,51.9,52.1,64.8,42.9,0,0.0
2024-04-29,Monday,17,2024,Weekdays,1,Miami Beach,216,3734.49,17.29,47.9,48.1,51.9,52.1,64.8,42.9,0,0.0
2024-04-29,Monday,17,2024,Weekdays,3,Tampa,197,3114.6,15.81,47.9,48.1,51.9,52.1,64.8,42.9,0,0.0
2024-04-29,Monday,17,2024,Weekdays,4,Jacksonville,194,2818.37,14.53,47.9,48.1,51.9,52.1,64.8,42.9,0,0.0
2024-04-30,Tuesday,17,2024,Weekdays,1,Miami Beach,217,4726.34,21.78,47.7,49.3,50.7,52.3,70.1,41.7,0,0.0
2024-04-30,Tuesday,17,2024,Weekdays,3,Tampa,182,2890.09,15.88,47.7,49.3,50.7,52.3,70.1,41.7,0,0.0
2024-04-30,Tuesday,17,2024,Weekdays,4,Jacksonville,165,2362.72,14.32,47.7,49.3,50.7,52.3,70.1,41.7,0,0.0
2024-04-30,Tuesday,17,2024,Weekdays,2,Orlando,233,4035.85,17.32,47.7,49.3,50.7,52.3,70.1,41.7,0,0.0
2024-05-01,Wednesday,17,2024,Weekdays,3,Tampa,197,3210.12,16.3,48.2,48.8,51.2,51.8,66.2,43.1,0,0.0
2024-05-01,Wednesday,17,2024,Weekdays,1,Miami Beach,210,3548.94,16.9,48.2,48.8,51.2,51.8,66.2,43.1,0,0.0
2024-05-01,Wednesday,17,2024,Weekdays,4,Jacksonville,169,2745.64,16.25,48.2,48.8,51.2,51.8,66.2,43.1,0,0.0
2024-05-01,Wednesday,17,2024,Weekdays,2,Orlando,207,3599.67,17.39,48.2,48.8,51.2,51.8,66.2,43.1,0,0.0
2024-05-02,Thursday,17,2024,Weekdays,3,Tampa,204,3693.87,18.11,48.9,48.0,52.0,51.1,72.9,38.9,1,0.5
2024-05-02,Thursday,17,2024,Weekdays,1,Miami Beach,237,4241.25,17.9,48.9,48.0,52.0,51.1,72.9,38.9,1,0.5
2024-05-02,Thursday,17,2024,Weekdays,4,Jacksonville,177,2960.49,16.73,48.9,48.0,52.0,51.1,72.9,38.9,1,0.5
2024-05-02,Thursday,17,2024,Weekdays,2,Orlando,218,3980.08,18.26,48.9,48.0,52.0,51.1,72.9,38.9,1,0.5
2024-05-03,Friday,17,2024,Weekdays,3,Tampa,217,3838.47,17.69,49.0,47.6,52.4,51.0,71.0,39.3,0,0.0
2024-05-03,Friday,17,2024,Weekdays,4,Jacksonville,153,2272.6,14.85,49.0,47.6,52.4,51.0,71.0,39.3,0,0.0
2024-05-03,Friday,17,2024,Weekdays,2,Orlando,181,3118.53,17.23,49.0,47.6,52.4,51.0,71.0,39.3,0,0.0
2024-05-03,Friday,17,2024,Weekdays,1,Miami Beach,211,3955.3,18.75,49.0,47.6,52.4,51.0,71.0,39.3,0,0.0
2024-05-04,Saturday,17,2024,Weekends,3,Tampa,225,3355.42,14.91,54.1,48.3,51.7,45.9,65.4,48.3,0,0.0
2024-05-04,Saturday,17,2024,Weekends,4,Jacksonville,199,3166.55,15.91,54.1,48.3,51.7,45.9,65.4,48.3,0,0.0
2024-05-04,Saturday,17,2024,Weekends,2,Orlando,235,3779.76,16.08,54.1,48.3,51.7,45.9,65.4,48.3,0,0.0
2024-05-04,Saturday,17,2024,Weekends,1,Miami Beach,286,5151.17,18.01,54.1,48.3,51.7,45.9,65.4,48.3,0,0.0
2024-05-05,Sunday,18,2024,Weekends,2,Orlando,209,3579.61,17.13,54.8,48.1,51.9,45.2,68.5,42.6,1,0.22
2024-05-05,Sunday,18,2024,Weekends,1,Miami Beach,254,4700.21,18.5,54.8,48.1,51.9,45.2,68.5,42.6,1,0.22
2024-05-05,Sunday,18,2024,Weekends,4,Jacksonville,191,2794.36,14.63,54.8,48.1,51.9,45.2,68.5,42.6,1,0.22
2024-05-05,Sunday,18,2024,Weekends,3,Tampa,226,3396.71,15.03,54.8,48.1,51.9,45.2,68.5,42.6,1,0.22
2024-05-06,Monday,18,2024,Weekdays,1,Miami Beach,216,3961.79,18.34,47.6,49.6,50.4,52.4,68.5,52.5,1,0.45
2024-05-06,Monday,18,2024,Weekdays,3,Tampa,188,3040.56,16.17,47.6,49.6,50.4,52.4,68.5,52.5,1,0.45
2024-05-06,Monday,18,2024,Weekdays,2,Orlando,195,3205.66,16.44,47.6,49.6,50.4,52.4,68.5,52.5,1,0.45
2024-05-06,Monday,18,2024,Weekdays,4,Jacksonville,155,2513.67,16.22,47.6,49.6,50.4,52.4,68.5,52.5,1,0.45
2024-05-07,Tuesday,18,2024,Weekdays,4,Jacksonville,171,2730.66,15.97,48.0,48.7,51.3,52.0,71.3,52.2,0,0.0
2024-05-07,Tuesday,18,2024,Weekdays,1,Miami Beach,223,4226.77,18.95,48.0,48.7,51.3,52.0,71.3,52.2,0,0.0
2024-05-07,Tuesday,18,2024,Weekdays,2,Orlando,212,3680.26,17.36,48.0,48.7,51.3,52.0,71.3,52.2,0,0.0
2024-05-07,Tuesday,18,2024,Weekdays,3,Tampa,181,2910.06,16.08,48.0,48.7,51.3,52.0,71.3,52.2,0,0.0
2024-05-08,Wednesday,18,2024,Weekdays,1,Miami Beach,184,3494.43,18.99,46.9,49.0,51.0,53.1,65.6,35.0,1,1.0
2024-05-08,Wednesday,18,2024,Weekdays,3,Tampa,185,3085.75,16.68,46.9,49.0,51.0,53.1,65.6,35.0,1,1.0
2024-05-08,Wednesday,18,2024,Weekdays,2,Orlando,170,2865.26,16.85,46.9,49.0,51.0,53.1,65.6,35.0,1,1.0
2024-05-08,Wednesday,18,2024,Weekdays,4,Jacksonville,146,2271.4,15.56,46.9,49.0,51.0,53.1,65.6,35.0,1,1.0
2024-05-09,Thursday,18,2024,Weekdays,3,Tampa,226,3813.34,16.87,46.1,47.8,52.2,53.9,74.1,42.7,0,0.0
2024-05-09,Thursday,18,2024,Weekdays,4,Jacksonville,197,3054.54,15.51,46.1,47.8,52.2,53.9,74.1,42.7,0,0.0
2024-05-09,Thursday,18,2024,Weekdays,2,Orlando,221,3820.86,17.29,46.1,47.8,52.2,53.9,74.1,42.7,0,0.0
2024-05-09,Thursday,18,2024,Weekdays,1,Miami Beach,253,4586.02,18.13,46.1,47.8,52.2,53.9,74.1,42.7,0,0.0
2024-05-10,Friday,18,2024,Weekdays,4,Jacksonville,164,2755.86,16.8,47.6,51.3,48.7,52.4,72.4,46.8,0,0.0
2024-05-10,Friday,18,2024,Weekdays,3,Tampa,214,3370.23,15.75,47.6,51.3,48.7,52.4,72.4,46.8,0,0.0
2024-05-10,Friday,18,2024,Weekdays,2,Orlando,200,3533.74,17.67,47.6,51.3,48.7,52.4,72.4,46.8,0,0.0
2024-05-10,Friday,18,2024,Weekdays,1,Miami Beach,231,4106.19,17.78,47.6,51.3,48.7,52.4,72.4,46.8,0,0.0
2024-05-11,Saturday,18,2024,Weekends,1,Miami Beach,242,4836.22,19.98,56.6,49.0,51.0,43.4,63.2,49.1,1,1.59
2024-05-11,Saturday,18,2024,Weekends,2,Orlando,248,4175.23,16.84,56.6,49.0,51.0,43.4,63.2,49.1,1,1.59
2024-05-11,Saturday,18,2024,Weekends,3,Tampa,204,3506.29,17.19,56.6,49.0,51.0,43.4,63.2,49.1,1,1.59
2024-05-11,Saturday,18,2024,Weekends,4,Jacksonville,193,3069.17,15.9,56.6,49.0,51.0,43.4,63.2,49.1,1,1.59
2024-05-12,Sunday,19,2024,Weekends,4,Jacksonville,174,2976.39,17.11,53.4,47.4,52.6,46.6,74.1,48.3,1,0.4
2024-05-12,Sunday,19,2024,Weekends,3,Tampa,213,3431.51,16.11,53.4,47.4,52.6,46.6,74.1,48.3,1,0.4
2024-05-12,Sunday,19,2024,Weekends,2,Orlando,250,4086.26,16.35,53.4,47.4,52.6,46.6,74.1,48.3,1,0.4
2024-05-12,Sunday,19,2024,Weekends,1,Miami Beach,264,5077.47,19.23,53.4,47.4,52.6,46.6,74.1,48.3,1,0.4
2024-05-13,Monday,19,2024,Weekdays,2,Orlando,181,2885.53,15.94,50.6,49.3,50.7,49.4,68.9,49.5,1,0.37
2024-05-13,Monday,19,2024,Weekdays,4,Jacksonville,135,2285.64,16.93,50.6,49.3,50.7,49.4,68.9,49.5,1,0.37
2024-05-13,Monday,19,2024,Weekdays,3,Tampa,173,2832.77,16.37,50.6,49.3,50.7,49.4,68.9,49.5,1,0.37
2024-05-13,Monday,19,2024,Weekdays,1,Miami Beach,214,3822.8,17.86,50.6,49.3,50.7,49.4,68.9,49.5,1,0.37
2024-05-14,Tuesday,19,2024,Weekdays,4,Jacksonville,216,3455.55,16.0,46.6,49.4,50.6,53.4,77.4,43.2,0,0.0
2024-05-14,Tuesday,19,2024,Weekdays,3,Tampa,230,3643.85,15.84,46.6,49.4,50.6,53.4,77.4,43.2,0,0.0
2024-05-14,Tuesday,19,2024,Weekdays,1,Miami Beach,289,5467.2,18.92,46.6,49.4,50.6,53.4,77.4,43.2,0,0.0
2024-05-14,Tuesday,19,2024,Weekdays,2,Orlando,226,3762.66,16.65,46.6,49.4,50.6,53.4,77.4,43.2,0,0.0
2024-05-15,Wednesday,19,2024,Weekdays,3,Tampa,204,3372.82,16.53,48.1,49.5,50.5,51.9,71.6,41.7,0,0.0
2024-05-15,Wednesday,19,2024,Weekdays,2,Orlando,243,4156.68,17.11,48.1,49.5,50.5,51.9,71.6,41.7,0,0.0
2024-05-15,Wednesday,19,2024,Weekdays,4,Jacksonville,163,2689.45,16.5,48.1,49.5,50.5,51.9,71.6,41.7,0,0.0
2024-05-15,Wednesday,19,2024,Weekdays,1,Miami Beach,210,3916.2,18.65,48.1,49.5,50.5,51.9,71.6,41.7,0,0.0
2024-05-16,Thursday,19,2024,Weekdays,4,Jacksonville,201,3189.06,15.87,49.6,49.6,50.4,50.4,73.8,38.8,0,0.0
2024-05-16,Thursday,19,2024,Weekdays,3,Tampa,189,2907.48,15.38,49.6,49.6,50.4,50.4,73.8,38.8,0,0.0
2024-05-16,Thursday,19,2024,Weekdays,2,Orlando,235,4254.94,18.11,49.6,49.6,50.4,50.4,73.8,38.8,0,0.0
2024-05-16,Thursday,19,2024,Weekdays,1,Miami Beach,231,4483.27,19.41,49.6,49.6,50.4,50.4,73.8,38.8,0,0.0
2024-05-17,Friday,19,2024,Weekdays,3,Tampa,176,2883.56,16.38,49.0,49.6,50.4,51.0,70.6,49.0,0,0.0
2024-05-17,Friday,19,2024,Weekdays,1,Miami Beach,234,4191.45,17.91,49.0,49.6,50.4,51.0,70.6,49.0,0,0.0
2024-05-17,Friday,19,2024,Weekdays,4,Jacksonville,184,2895.38,15.74,49.0,49.6,50.4,51.0,70.6,49.0,0,0.0
2024-05-17,Friday,19,2024,Weekdays,2,Orlando,223,3790.1,17.0,49.0,49.6,50.4,51.0,70.6,49.0,0,0.0
2024-05-18,Saturday,19,2024,Weekends,4,Jacksonville,183,2614.55,14.29,54.3,49.1,50.9,45.7,74.6,46.7,0,0.0
2024-05-18,Saturday,19,2024,Weekends,3,Tampa,242,3874.78,16.01,54.3,49.1,50.9,45.7,74.6,46.7,0,0.0
2024-05-18,Saturday,19,2024,Weekends,1,Miami Beach,279,4998.11,17.91,54.3,49.1,50.9,45.7,74.6,46.7,0,0.0
2024-05-18,Saturday,19,2024,Weekends,2,Orlando,256,4585.94,17.91,54.3,49.1,50.9,45.7,74.6,46.7,0,0.0
2024-05-19,Sunday,20,2024,Weekends,3,Tampa,225,3674.57,16.33,54.1,49.4,50.6,45.9,71.1,53.6,1,0.41
2024-05-19,Sunday,20,2024,Weekends,1,Miami Beach,237,4438.13,18.73,54.1,49.4,50.6,45.9,71.1,53.6,1,0.41
2024-05-19,Sunday,20,2024,Weekends,2,Orlando,226,3959.68,17.52,54.1,49.4,50.6,45.9,71.1,53.6,1,0.41
2024-05-19,Sunday,20,2024,Weekends,4,Jacksonville,209,2969.64,14.21,54.1,49.4,50.6,45.9,71.1,53.6,1,0.41
2024-05-20,Monday,20,2024,Weekdays,3,Tampa,176,2606.31,14.81,46.7,50.8,49.2,53.3,69.3,55.6,0,0.0
2024-05-20,Monday,20,2024,Weekdays,4,Jacksonville,149,2036.06,13.66,46.7,50.8,49.2,53.3,69.3,55.6,0,0.0
2024-05-20,Monday,20,2024,Weekdays,2,Orlando,207,3257.31,15.74,46.7,50.8,49.2,53.3,69.3,55.6,0,0.0
2024-05-20,Monday,20,2024,Weekdays,1,Miami Beach,218,4313.94,19.79,46.7,50.8,49.2,53.3,69.3,55.6,0,0.0
2024-05-21,Tuesday,20,2024,Weekdays,3,Tampa,200,3095.62,15.48,48.5,50.0,50.0,51.5,72.0,52.1,0,0.0
2024-05-21,Tuesday,20,2024,Weekdays,2,Orlando,232,3935.26,16.96,48.5,50.0,50.0,51.5,72.0,52.1,0,0.0
2024-05-21,Tuesday,20,2024,Weekdays,1,Miami Beach,222,4139.64,18.65,48.5,50.0,50.0,51.5,72.0,52.1,0,0.0
2024-05-21,Tuesday,20,2024,Weekdays,4,Jacksonville,168,2701.03,16.08,48.5,50.0,50.0,51.5,72.0,52.1,0,0.0
2024-05-22,Wednesday,20,2024,Weekdays,4,Jacksonville,185,3019.43,16.32,48.7,51.1,48.9,51.3,70.4,47.9,1,0.26
2024-05-22,Wednesday,20,2024,Weekdays,2,Orlando,220,3765.19,17.11,48.7,51.1,48.9,51.3,70.4,47.9,1,0.26
2024-05-22,Wednesday,20,2024,Weekdays,1,Miami Beach,196,3662.29,18.69,48.7,51.1,48.9,51.3,70.4,47.9,1,0.26
2024-05-22,Wednesday,20,2024,Weekdays,3,Tampa,189,2979.51,15.76,48.7,51.1,48.9,51.3,70.4,47.9,1,0.26
2024-05-23,Thursday,20,2024,Weekdays,2,Orlando,199,3032.57,15.24,49.0,49.0,51.0,51.0,70.6,47.1,0,0.0
2024-05-23,Thursday,20,2024,Weekdays,1,Miami Beach,238,4543.39,19.09,49.0,49.0,51.0,51.0,70.6,47.1,0,0.0
2024-05-23,Thursday,20,2024,Weekdays,3,Tampa,167,2686.36,16.09,49.0,49.0,51.0,51.0,70.6,47.1,0,0.0
2024-05-23,Thursday,20,2024,Weekdays,4,Jacksonville,171,2570.0,15.03,49.0,49.0,51.0,51.0,70.6,47.1,0,0.0
2024-05-24,Friday,20,2024,Weekdays,2,Orlando,217,3368.17,15.52,47.7,47.9,52.1,52.3,83.1,53.9,1,1.65
2024-05-24,Friday,20,2024,Weekdays,3,Tampa,226,3656.85,16.18,47.7,47.9,52.1,52.3,83.1,53.9,1,1.65
2024-05-24,Friday,20,2024,Weekdays,4,Jacksonville,168,2509.08,14.93,47.7,47.9,52.1,52.3,83.1,53.9,1,1.65
2024-05-24,Friday,20,2024,Weekdays,1,Miami Beach,271,5123.37,18.91,47.7,47.9,52.1,52.3,83.1,53.9,1,1.65
2024-05-25,Saturday,20,2024,Weekends,2,Orlando,242,4237.89,17.51,53.8,49.3,50.7,46.2,75.4,55.1,1,0.71
2024-05-25,Saturday,20,2024,Weekends,3,Tampa,226,3878.57,17.16,53.8,49.3,50.7,46.2,75.4,55.1,1,0.71
2024-05-25,Saturday,20,2024,Weekends,1,Miami Beach,275,5192.29,18.88,53.8,49.3,50.7,46.2,75.4,55.1,1,0.71
2024-05-25,Saturday,20,2024,Weekends,4,Jacksonville,219,3181.14,14.53,53.8,49.3,50.7,46.2,75.4,55.1,1,0.71
2024-05-26,Sunday,21,2024,Weekends,2,Orlando,238,4369.44,18.36,53.7,49.7,50.3,46.3,73.2,57.8,1,0.13
2024-05-26,Sunday,21,2024,Weekends,3,Tampa,244,3888.86,15.94,53.7,49.7,50.3,46.3,73.2,57.8,1,0.13
2024-05-26,Sunday,21,2024,Weekends,1,Miami Beach,255,4506.83,17.67,53.7,49.7,50.3,46.3,73.2,57.8,1,0.13
2024-05-26,Sunday,21,2024,Weekends,4,Jacksonville,192,2954.14,15.39,53.7,49.7,50.3,46.3,73.2,57.8,1,0.13
2024-05-27,Monday,21,2024,Weekdays,4,Jacksonville,202,3353.43,16.6,47.5,49.5,50.5,52.5,69.9,48.7,0,0.0
2024-05-27,Monday,21,2024,Weekdays,2,Orlando,190,3238.38,17.04,47.5,49.5,50.5,52.5,69.9,48.7,0,0.0
2024-05-27,Monday,21,2024,Weekdays,1,Miami Beach,239,4630.47,19.37,47.5,49.5,50.5,52.5,69.9,48.7,0,0.0
2024-05-27,Monday,21,2024,Weekdays,3,Tampa,197,3120.9,15.84,47.5,49.5,50.5,52.5,69.9,48.7,0,0.0
2024-05-28,Tuesday,21,2024,Weekdays,1,Miami Beach,214,4091.14,19.12,47.4,49.2,50.8,52.6,67.5,54.0,0,0.0
2024-05-28,Tuesday,21,2024,Weekdays,4,Jacksonville,169,2515.99,14.89,47.4,49.2,50.8,52.6,67.5,54.0,0,0.0
2024-05-28,Tuesday,21,2024,Weekdays,3,Tampa,167,2783.2,16.67,47.4,49.2,50.8,52.6,67.5,54.0,0,0.0
2024-05-28,Tuesday,21,2024,Weekdays,2,Orlando,230,3769.15,16.39,47.4,49.2,50.8,52.6,67.5,54.0,0,0.0
2024-05-29,Wednesday,21,2024,Weekdays,1,Miami Beach,215,4032.0,18.75,47.7,48.8,51.2,52.3,71.3,50.9,0,0.0
2024-05-29,Wednesday,21,2024,Weekdays,3,Tampa,203,3443.31,16.96,47.7,48.8,51.2,52.3,71.3,50.9,0,0.0
2024-05-29,Wednesday,21,2024,Weekdays,2,Orlando,195,3636.1,18.65,47.7,48.8,51.2,52.3,71.3,50.9,0,0.0
2024-05-29,Wednesday,21,2024,Weekdays,4,Jacksonville,172,2502.13,14.55,47.7,48.8,51.2,52.3,71.3,50.9,0,0.0
2024-05-30,Thursday,21,2024,Weekdays,1,Miami Beach,266,5303.56,19.94,48.1,50.0,50.0,51.9,77.2,51.2,0,0.0
2024-05-30,Thursday,21,2024,Weekdays,3,Tampa,187,3124.2,16.71,48.1,50.0,50.0,51.9,77.2,51.2,0,0.0
2024-05-30,Thursday,21,2024,Weekdays,4,Jacksonville,224,3426.7,15.3,48.1,50.0,50.0,51.9,77.2,51.2,0,0.0
2024-05-30,Thursday,21,2024,Weekdays,2,Orlando,240,4086.52,17.03,48.1,50.0,50.0,51.9,77.2,51.2,0,0.0
2024-05-31,Friday,21,2024,Weekdays,3,Tampa,211,3699.13,17.53,47.4,47.8,52.2,52.6,78.4,57.9,1,0.52
2024-05-31,Friday,21,2024,Weekdays,1,Miami Beach,261,4692.18,17.98,47.4,47.8,52.2,52.6,78.4,57.9,1,0.52
2024-05-31,Friday,21,2024,Weekdays,4,Jacksonville,230,2950.94,12.83,47.4,47.8,52.2,52.6,78.4,57.9,1,0.52
2024-05-31,Friday,21,2024,Weekdays,2,Orlando,220,3800.7,17.28,47.4,47.8,52.2,52.6,78.4,57.9,1,0.52
2024-06-01,Saturday,21,2024,Weekends,1,Miami Beach,298,5194.27,17.43,53.6,51.0,49.0,46.4,74.6,51.6,1,0.54
2024-06-01,Saturday,21,2024,Weekends,3,Tampa,238,3803.59,15.98,53.6,51.0,49.0,46.4,74.6,51.6,1,0.54
2024-06-01,Saturday,21,2024,Weekends,4,Jacksonville,201,3179.91,15.82,53.6,51.0,49.0,46.4,74.6,51.6,1,0.54
2024-06-01,Saturday,21,2024,Weekends,2,Orlando,238,4108.79,17.26,53.6,51.0,49.0,46.4,74.6,51.6,1,0.54
2024-06-02,Sunday,22,2024,Weekends,4,Jacksonville,156,2295.64,14.72,53.9,47.5,52.5,46.1,66.7,48.5,1,1.07
2024-06-02,Sunday,22,2024,Weekends,2,Orlando,259,4243.88,16.39,53.9,47.5,52.5,46.1,66.7,48.5,1,1.07
2024-06-02,Sunday,22,2024,Weekends,1,Miami Beach,258,4965.94,19.25,53.9,47.5,52.5,46.1,66.7,48.5,1,1.07
2024-06-02,Sunday,22,2024,Weekends,3,Tampa,208,3247.76,15.61,53.9,47.5,52.5,46.1,66.7,48.5,1,1.07
2024-06-03,Monday,22,2024,Weekdays,2,Orlando,246,3909.94,15.89,48.5,48.5,51.5,51.5,76.8,55.3,1,1.63
2024-06-03,Monday,22,2024,Weekdays,3,Tampa,228,3702.93,16.24,48.5,48.5,51.5,51.5,76.8,55.3,1,1.63
2024-06-03,Monday,22,2024,Weekdays,4,Jacksonville,230,3232.09,14.05,48.5,48.5,51.5,51.5,76.8,55.3,1,1.63
2024-06-03,Monday,22,2024,Weekdays,1,Miami Beach,221,3911.18,17.7,48.5,48.5,51.5,51.5,76.8,55.3,1,1.63
2024-06-04,Tuesday,22,2024,Weekdays,1,Miami Beach,332,6321.46,19.04,47.5,49.5,50.5,52.5,77.4,44.1,0,0.0
2024-06-04,Tuesday,22,2024,Weekdays,3,Tampa,217,3585.27,16.52,47.5,49.5,50.5,52.5,77.4,44.1,0,0.0
2024-06-04,Tuesday,22,2024,Weekdays,2,Orlando,224,3718.33,16.6,47.5,49.5,50.5,52.5,77.4,44.1,0,0.0
2024-06-04,Tuesday,22,2024,Weekdays,4,Jacksonville,188,2756.1,14.66,47.5,49.5,50.5,52.5,77.4,44.1,0,0.0
2024-06-05,Wednesday,22,2024,Weekdays,3,Tampa,215,3768.92,17.53,46.6,50.5,49.5,53.4,76.5,56.7,0,0.0
2024-06-05,Wednesday,22,2024,Weekdays,2,Orlando,234,4015.6,17.16,46.6,50.5,49.5,53.4,76.5,56.7,0,0.0
2024-06-05,Wednesday,22,2024,Weekdays,1,Miami Beach,265,5340.92,20.15,46.6,50.5,49.5,53.4,76.5,56.7,0,0.0
2024-06-05,Wednesday,22,2024,Weekdays,4,Jacksonville,176,2656.95,15.1,46.6,50.5,49.5,53.4,76.5,56.7,0,0.0
2024-06-06,Thursday,22,2024,Weekdays,2,Orlando,256,4315.68,16.86,48.1,50.7,49.3,51.9,78.8,52.1,1,0.29
2024-06-06,Thursday,22,2024,Weekdays,4,Jacksonville,236,3759.48,15.93,48.1,50.7,49.3,51.9,78.8,52.1,1,0.29
2024-06-06,Thursday,22,2024,Weekdays,1,Miami Beach,283,5525.88,19.53,48.1,50.7,49.3,51.9,78.8,52.1,1,0.29
2024-06-06,Thursday,22,2024,Weekdays,3,Tampa,217,3800.77,17.52,48.1,50.7,49.3,51.9,78.8,52.1,1,0.29
2024-06-07,Friday,22,2024,Weekdays,3,Tampa,200,3387.9,16.94,48.2,49.7,50.3,51.8,74.0,52.8,0,0.0
2024-06-07,Friday,22,2024,Weekdays,4,Jacksonville,141,2258.84,16.02,48.2,49.7,50.3,51.8,74.0,52.8,0,0.0
2024-06-07,Friday,22,2024,Weekdays,1,Miami Beach,277,4995.17,18.03,48.2,49.7,50.3,51.8,74.0,52.8,0,0.0
2024-06-07,Friday,22,2024,Weekdays,2,Orlando,223,3566.58,15.99,48.2,49.7,50.3,51.8,74.0,52.8,0,0.0
2024-06-08,Saturday,22,2024,Weekends,2,Orlando,251,4201.55,16.74,53.9,50.7,49.3,46.1,73.6,52.4,1,0.68
2024-06-08,Saturday,22,2024,Weekends,4,Jacksonville,206,3094.46,15.02,53.9,50.7,49.3,46.1,73.6,52.4,1,0.68
2024-06-08,Saturday,22,2024,Weekends,1,Miami Beach,301,5705.51,18.96,53.9,50.7,49.3,46.1,73.6,52.4,1,0.68
2024-06-08,Saturday,22,2024,Weekends,3,Tampa,244,4211.82,17.26,53.9,50.7,49.3,46.1,73.6,52.4,1,0.68
2024-06-09,Sunday,23,2024,Weekends,4,Jacksonville,200,2970.2,14.85,54.6,46.8,53.2,45.4,69.3,54.1,1,0.27
2024-06-09,Sunday,23,2024,Weekends,3,Tampa,198,3649.12,18.43,54.6,46.8,53.2,45.4,69.3,54.1,1,0.27
2024-06-09,Sunday,23,2024,Weekends,2,Orlando,267,4152.73,15.55,54.6,46.8,53.2,45.4,69.3,54.1,1,0.27
2024-06-09,Sunday,23,2024,Weekends,1,Miami Beach,291,5360.61,18.42,54.6,46.8,53.2,45.4,69.3,54.1,1,0.27
2024-06-10,Monday,23,2024,Weekdays,2,Orlando,229,3924.6,17.14,46.2,51.7,48.3,53.8,69.6,58.9,0,0.0
2024-06-10,Monday,23,2024,Weekdays,1,Miami Beach,268,5228.36,19.51,46.2,51.7,48.3,53.8,69.6,58.9,0,0.0
2024-06-10,Monday,23,2024,Weekdays,3,Tampa,228,3736.38,16.39,46.2,51.7,48.3,53.8,69.6,58.9,0,0.0
2024-06-10,Monday,23,2024,Weekdays,4,Jacksonville,190,2977.65,15.67,46.2,51.7,48.3,53.8,69.6,58.9,0,0.0
2024-06-11,Tuesday,23,2024,Weekdays,4,Jacksonville,181,2975.62,16.44,47.4,47.7,52.3,52.6,72.8,61.4,0,0.0
2024-06-11,Tuesday,23,2024,Weekdays,3,Tampa,223,3843.63,17.24,47.4,47.7,52.3,52.6,72.8,61.4,0,0.0
2024-06-11,Tuesday,23,2024,Weekdays,1,Miami Beach,269,5195.56,19.31,47.4,47.7,52.3,52.6,72.8,61.4,0,0.0
2024-06-11,Tuesday,23,2024,Weekdays,2,Orlando,197,3077.24,15.62,47.4,47.7,52.3,52.6,72.8,61.4,0,0.0
2024-06-12,Wednesday,23,2024,Weekdays,3,Tampa,247,3741.55,15.15,46.9,51.3,48.7,53.1,78.0,45.0,1,0.5
2024-06-12,Wednesday,23,2024,Weekdays,2,Orlando,239,4325.13,18.1,46.9,51.3,48.7,53.1,78.0,45.0,1,0.5
2024-06-12,Wednesday,23,2024,Weekdays,1,Miami Beach,268,5251.89,19.6,46.9,51.3,48.7,53.1,78.0,45.0,1,0.5
2024-06-12,Wednesday,23,2024,Weekdays,4,Jacksonville,208,3143.96,15.12,46.9,51.3,48.7,53.1,78.0,45.0,1,0.5
2024-06-13,Thursday,23,2024,Weekdays,1,Miami Beach,256,4844.33,18.92,48.4,50.4,49.6,51.6,75.7,49.5,0,0.0
2024-06-13,Thursday,23,2024,Weekdays,2,Orlando,232,3963.8,17.09,48.4,50.4,49.6,51.6,75.7,49.5,0,0.0
2024-06-13,Thursday,23,2024,Weekdays,3,Tampa,232,3907.78,16.84,48.4,50.4,49.6,51.6,75.7,49.5,0,0.0
2024-06-13,Thursday,23,2024,Weekdays,4,Jacksonville,194,3065.33,15.8,48.4,50.4,49.6,51.6,75.7,49.5,0,0.0
2024-06-14,Friday,23,2024,Weekdays,3,Tampa,220,3720.1,16.91,48.2,49.4,50.6,51.8,76.8,58.7,0,0.0
2024-06-14,Friday,23,2024,Weekdays,2,Orlando,224,3951.65,17.64,48.2,49.4,50.6,51.8,76.8,58.7,0,0.0
2024-06-14,Friday,23,2024,Weekdays,1,Miami Beach,268,4592.53,17.14,48.2,49.4,50.6,51.8,76.8,58.7,0,0.0
2024-06-14,Friday,23,2024,Weekdays,4,Jacksonville,211,3283.04,15.56,48.2,49.4,50.6,51.8,76.8,58.7,0,0.0
2024-06-15,Saturday,23,2024,Weekends,3,Tampa,276,4453.29,16.14,55.2,49.3,50.7,44.8,81.4,58.5,0,0.0
2024-06-15,Saturday,23,2024,Weekends,2,Orlando,283,4707.11,16.63,55.2,49.3,50.7,44.8,81.4,58.5,0,0.0
2024-06-15,Saturday,23,2024,Weekends,1,Miami Beach,318,6244.82,19.64,55.2,49.3,50.7,44.8,81.4,58.5,0,0.0
2024-06-15,Saturday,23,2024,Weekends,4,Jacksonville,238,3799.64,15.96,55.2,49.3,50.7,44.8,81.4,58.5,0,0.0
2024-06-16,Sunday,24,2024,Weekends,4,Jacksonville,210,3221.27,15.34,53.4,50.5,49.5,46.6,73.3,63.4,0,0.0
2024-06-16,Sunday,24,2024,Weekends,2,Orlando,261,4533.3,17.37,53.4,50.5,49.5,46.6,73.3,63.4,0,0.0
2024-06-16,Sunday,24,2024,Weekends,3,Tampa,238,3830.59,16.09,53.4,50.5,49.5,46.6,73.3,63.4,0,0.0
2024-06-16,Sunday,24,2024,Weekends,1,Miami Beach,320,5818.09,18.18,53.4,50.5,49.5,46.6,73.3,63.4,0,0.0
2024-06-17,Monday,24,2024,Weekdays,4,Jacksonville,247,4072.0,16.49,46.7,49.6,50.4,53.3,78.3,45.9,0,0.0
2024-06-17,Monday,24,2024,Weekdays,3,Tampa,237,3846.23,16.23,46.7,49.6,50.4,53.3,78.3,45.9,0,0.0
2024-06-17,Monday,24,2024,Weekdays,2,Orlando,276,4358.56,15.79,46.7,49.6,50.4,53.3,78.3,45.9,0,0.0
2024-06-17,Monday,24,2024,Weekdays,1,Miami Beach,287,5733.53,19.98,46.7,49.6,50.4,53.3,78.3,45.9,0,0.0
2024-06-18,Tuesday,24,2024,Weekdays,2,Orlando,235,3848.4,16.38,46.6,50.9,49.1,53.4,73.1,62.9,0,0.0
2024-06-18,Tuesday,24,2024,Weekdays,3,Tampa,209,3468.73,16.6,46.6,50.9,49.1,53.4,73.1,62.9,0,0.0
2024-06-18,Tuesday,24,2024,Weekdays,4,Jacksonville,181,2863.2,15.82,46.6,50.9,49.1,53.4,73.1,62.9,0,0.0
2024-06-18,Tuesday,24,2024,Weekdays,1,Miami Beach,310,5748.62,18.54,46.6,50.9,49.1,53.4,73.1,62.9,0,0.0
2024-06-19,Wednesday,24,2024,Weekdays,2,Orlando,242,4414.9,18.24,47.0,52.5,47.5,53.0,81.3,56.5,1,1.21
2024-06-19,Wednesday,24,2024,Weekdays,4,Jacksonville,197,2905.75,14.75,47.0,52.5,47.5,53.0,81.3,56.5,1,1.21
2024-06-19,Wednesday,24,2024,Weekdays,3,Tampa,247,4126.51,16.71,47.0,52.5,47.5,53.0,81.3,56.5,1,1.21
2024-06-19,Wednesday,24,2024,Weekdays,1,Miami Beach,282,5326.67,18.89,47.0,52.5,47.5,53.0,81.3,56.5,1,1.21
2024-06-20,Thursday,24,2024,Weekdays,3,Tampa,185,3012.66,16.28,48.0,50.1,49.9,52.0,73.9,63.3,1,1.39
2024-06-20,Thursday,24,2024,Weekdays,1,Miami Beach,268,5171.75,19.3,48.0,50.1,49.9,52.0,73.9,63.3,1,1.39
2024-06-20,Thursday,24,2024,Weekdays,2,Orlando,219,3922.01,17.91,48.0,50.1,49.9,52.0,73.9,63.3,1,1.39
2024-06-20,Thursday,24,2024,Weekdays,4,Jacksonville,149,2396.99,16.09,48.0,50.1,49.9,52.0,73.9,63.3,1,1.39
2024-06-21,Friday,24,2024,Weekdays,1,Miami Beach,275,4985.48,18.13,48.6,48.9,51.1,51.4,76.9,62.4,0,0.0
2024-06-21,Friday,24,2024,Weekdays,2,Orlando,253,4205.1,16.62,48.6,48.9,51.1,51.4,76.9,62.4,0,0.0
2024-06-21,Friday,24,2024,Weekdays,4,Jacksonville,191,3043.28,15.93,48.6,48.9,51.1,51.4,76.9,62.4,0,0.0
2024-06-21,Friday,24,2024,Weekdays,3,Tampa,227,3627.8,15.98,48.6,48.9,51.1,51.4,76.9,62.4,0,0.0
2024-06-22,Saturday,24,2024,Weekends,3,Tampa,251,4020.74,16.02,54.3,49.8,50.2,45.7,76.4,48.0,0,0.0
2024-06-22,Saturday,24,2024,Weekends,2,Orlando,296,4382.34,14.81,54.3,49.8,50.2,45.7,76.4,48.0,0,0.0
2024-06-22,Saturday,24,2024,Weekends,4,Jacksonville,227,3402.42,14.99,54.3,49.8,50.2,45.7,76.4,48.0,0,0.0
2024-06-22,Saturday,24,2024,Weekends,1,Miami Beach,344,6075.61,17.66,54.3,49.8,50.2,45.7,76.4,48.0,0,0.0
2024-06-23,Sunday,25,2024,Weekends,4,Jacksonville,203,3216.51,15.84,51.9,49.5,50.5,48.1,77.9,51.2,0,0.0
2024-06-23,Sunday,25,2024,Weekends,3,Tampa,263,4555.57,17.32,51.9,49.5,50.5,48.1,77.9,51.2,0,0.0
2024-06-23,Sunday,25,2024,Weekends,2,Orlando,279,4852.52,17.39,51.9,49.5,50.5,48.1,77.9,51.2,0,0.0
2024-06-23,Sunday,25,2024,Weekends,1,Miami Beach,313,5917.31,18.91,51.9,49.5,50.5,48.1,77.9,51.2,0,0.0
2024-06-24,Monday,25,2024,Weekdays,4,Jacksonville,219,3107.94,14.19,48.4,51.4,48.6,51.6,81.6,67.0,1,0.54
2024-06-24,Monday,25,2024,Weekdays,3,Tampa,207,3493.98,16.88,48.4,51.4,48.6,51.6,81.6,67.0,1,0.54
2024-06-24,Monday,25,2024,Weekdays,1,Miami Beach,303,5513.55,18.2,48.4,51.4,48.6,51.6,81.6,67.0,1,0.54
2024-06-24,Monday,25,2024,Weekdays,2,Orlando,237,3893.19,16.43,48.4,51.4,48.6,51.6,81.6,67.0,1,0.54
2024-06-25,Tuesday,25,2024,Weekdays,3,Tampa,225,3555.46,15.8,46.6,50.8,49.2,53.4,77.8,59.2,0,0.0
2024-06-25,Tuesday,25,2024,Weekdays,2,Orlando,228,4044.98,17.74,46.6,50.8,49.2,53.4,77.8,59.2,0,0.0
2024-06-25,Tuesday,25,2024,Weekdays,1,Miami Beach,254,5108.98,20.11,46.6,50.8,49.2,53.4,77.8,59.2,0,0.0
2024-06-25,Tuesday,25,2024,Weekdays,4,Jacksonville,220,3271.47,14.87,46.6,50.8,49.2,53.4,77.8,59.2,0,0.0
2024-06-26,Wednesday,25,2024,Weekdays,4,Jacksonville,212,3339.75,15.75,46.5,50.4,49.6,53.5,76.9,56.9,1,0.28
2024-06-26,Wednesday,25,2024,Weekdays,3,Tampa,204,3161.61,15.5,46.5,50.4,49.6,53.5,76.9,56.9,1,0.28
2024-06-26,Wednesday,25,2024,Weekdays,2,Orlando,207,3486.5,16.84,46.5,50.4,49.6,53.5,76.9,56.9,1,0.28
2024-06-26,Wednesday,25,2024,Weekdays,1,Miami Beach,262,4681.52,17.87,46.5,50.4,49.6,53.5,76.9,56.9,1,0.28
2024-06-27,Thursday,25,2024,Weekdays,1,Miami Beach,282,5461.64,19.37,45.1,51.0,49.0,54.9,77.5,59.8,1,0.72
2024-06-27,Thursday,25,2024,Weekdays,4,Jacksonville,212,3409.59,16.08,45.1,51.0,49.0,54.9,77.5,59.8,1,0.72
2024-06-27,Thursday,25,2024,Weekdays,3,Tampa,240,4221.17,17.59,45.1,51.0,49.0,54.9,77.5,59.8,1,0.72
2024-06-27,Thursday,25,2024,Weekdays,2,Orlando,228,4473.25,19.62,45.1,51.0,49.0,54.9,77.5,59.8,1,0.72
2024-06-28,Friday,25,2024,Weekdays,3,Tampa,270,4473.47,16.57,47.7,50.7,49.3,52.3,83.3,57.0,0,0.0
2024-06-28,Friday,25,2024,Weekdays,2,Orlando,314,5416.33,17.25,47.7,50.7,49.3,52.3,83.3,57.0,0,0.0
2024-06-28,Friday,25,2024,Weekdays,1,Miami Beach,326,6397.23,19.62,47.7,50.7,49.3,52.3,83.3,57.0,0,0.0
2024-06-28,Friday,25,2024,Weekdays,4,Jacksonville,197,2957.67,15.01,47.7,50.7,49.3,52.3,83.3,57.0,0,0.0
2024-06-29,Saturday,25,2024,Weekends,4,Jacksonville,248,4167.33,16.8,52.9,52.4,47.6,47.1,79.2,58.9,1,1.75
2024-06-29,Saturday,25,2024,Weekends,1,Miami Beach,340,6599.95,19.41,52.9,52.4,47.6,47.1,79.2,58.9,1,1.75
2024-06-29,Saturday,25,2024,Weekends,2,Orlando,285,5473.0,19.2,52.9,52.4,47.6,47.1,79.2,58.9,1,1.75
2024-06-29,Saturday,25,2024,Weekends,3,Tampa,213,3314.06,15.56,52.9,52.4,47.6,47.1,79.2,58.9,1,1.75
2024-06-30,Sunday,26,2024,Weekends,3,Tampa,287,4792.67,16.7,53.0,50.9,49.1,47.0,80.4,56.5,0,0.0
2024-06-30,Sunday,26,2024,Weekends,4,Jacksonville,259,4172.36,16.11,53.0,50.9,49.1,47.0,80.4,56.5,0,0.0
2024-06-30,Sunday,26,2024,Weekends,1,Miami Beach,318,6301.95,19.82,53.0,50.9,49.1,47.0,80.4,56.5,0,0.0
2024-06-30,Sunday,26,2024,Weekends,2,Orlando,313,5047.47,16.13,53.0,50.9,49.1,47.0,80.4,56.5,0,0.0
2024-07-01,Monday,26,2024,Weekdays,3,Tampa,231,3743.03,16.2,46.8,49.9,50.1,53.2,81.9,57.6,0,0.0
2024-07-01,Monday,26,2024,Weekdays,4,Jacksonville,201,3177.12,15.81,46.8,49.9,50.1,53.2,81.9,57.6,0,0.0
2024-07-01,Monday,26,2024,Weekdays,2,Orlando,252,4328.94,17.18,46.8,49.9,50.1,53.2,81.9,57.6,0,0.0
2024-07-01,Monday,26,2024,Weekdays,1,Miami Beach,303,6201.96,20.47,46.8,49.9,50.1,53.2,81.9,57.6,0,0.0
2024-07-02,Tuesday,26,2024,Weekdays,4,Jacksonville,232,3570.94,15.39,47.3,50.0,50.0,52.7,83.8,69.4,0,0.0
2024-07-02,Tuesday,26,2024,Weekdays,1,Miami Beach,320,6285.52,19.64,47.3,50.0,50.0,52.7,83.8,69.4,0,0.0
2024-07-02,Tuesday,26,2024,Weekdays,2,Orlando,296,5345.74,18.06,47.3,50.0,50.0,52.7,83.8,69.4,0,0.0
2024-07-02,Tuesday,26,2024,Weekdays,3,Tampa,289,4861.23,16.82,47.3,50.0,50.0,52.7,83.8,69.4,0,0.0
2024-07-03,Wednesday,26,2024,Weekdays,3,Tampa,249,3946.39,15.85,48.3,49.7,50.3,51.7,85.3,62.1,1,0.26
2024-07-03,Wednesday,26,2024,Weekdays,4,Jacksonville,258,4156.83,16.11,48.3,49.7,50.3,51.7,85.3,62.1,1,0.26
2024-07-03,Wednesday,26,2024,Weekdays,2,Orlando,263,4632.73,17.61,48.3,49.7,50.3,51.7,85.3,62.1,1,0.26
2024-07-03,Wednesday,26,2024,Weekdays,1,Miami Beach,313,6099.25,19.49,48.3,49.7,50.3,51.7,85.3,62.1,1,0.26
2024-07-04,Thursday,26,2024,Weekdays,1,Miami Beach,303,5417.02,17.88,47.8,51.4,48.6,52.2,78.5,57.6,0,0.0
2024-07-04,Thursday,26,2024,Weekdays,3,Tampa,248,3977.54,16.04,47.8,51.4,48.6,52.2,78.5,57.6,0,0.0
2024-07-04,Thursday,26,2024,Weekdays,2,Orlando,272,4724.23,17.37,47.8,51.4,48.6,52.2,78.5,57.6,0,0.0
2024-07-04,Thursday,26,2024,Weekdays,4,Jacksonville,222,3053.27,13.75,47.8,51.4,48.6,52.2,78.5,57.6,0,0.0
2024-07-05,Friday,26,2024,Weekdays,2,Orlando,229,3994.52,17.44,47.7,52.4,47.6,52.3,77.0,65.0,0,0.0
2024-07-05,Friday,26,2024,Weekdays,4,Jacksonville,183,2800.87,15.31,47.7,52.4,47.6,52.3,77.0,65.0,0,0.0
2024-07-05,Friday,26,2024,Weekdays,3,Tampa,223,3950.94,17.72,47.7,52.4,47.6,52.3,77.0,65.0,0,0.0
2024-07-05,Friday,26,2024,Weekdays,1,Miami Beach,279,5305.52,19.02,47.7,52.4,47.6,52.3,77.0,65.0,0,0.0
2024-07-06,Saturday,26,2024,Weekends,4,Jacksonville,247,3572.71,14.46,53.6,49.7,50.3,46.4,82.1,57.2,0,0.0
2024-07-06,Saturday,26,2024,Weekends,3,Tampa,285,4660.08,16.35,53.6,49.7,50.3,46.4,82.1,57.2,0,0.0
2024-07-06,Saturday,26,2024,Weekends,2,Orlando,312,5219.72,16.73,53.6,49.7,50.3,46.4,82.1,57.2,0,0.0
2024-07-06,Saturday,26,2024,Weekends,1,Miami Beach,349,6673.21,19.12,53.6,49.7,50.3,46.4,82.1,57.2,0,0.0
2024-07-07,Sunday,27,2024,Weekends,1,Miami Beach,361,6399.43,17.73,52.8,50.1,49.9,47.2,82.3,61.4,0,0.0
2024-07-07,Sunday,27,2024,Weekends,4,Jacksonville,237,4194.51,17.7,52.8,50.1,49.9,47.2,82.3,61.4,0,0.0
2024-07-07,Sunday,27,2024,Weekends,2,Orlando,258,4536.87,17.58,52.8,50.1,49.9,47.2,82.3,61.4,0,0.0
2024-07-07,Sunday,27,2024,Weekends,3,Tampa,294,4734.3,16.1,52.8,50.1,49.9,47.2,82.3,61.4,0,0.0
2024-07-08,Monday,27,2024,Weekdays,1,Miami Beach,313,5741.33,18.34,46.8,50.0,50.0,53.2,86.2,72.3,1,1.61
2024-07-08,Monday,27,2024,Weekdays,4,Jacksonville,197,2860.84,14.52,46.8,50.0,50.0,53.2,86.2,72.3,1,1.61
2024-07-08,Monday,27,2024,Weekdays,3,Tampa,253,4104.67,16.22,46.8,50.0,50.0,53.2,86.2,72.3,1,1.61
2024-07-08,Monday,27,2024,Weekdays,2,Orlando,280,5187.57,18.53,46.8,50.0,50.0,53.2,86.2,72.3,1,1.61
2024-07-09,Tuesday,27,2024,Weekdays,2,Orlando,263,4985.93,18.96,46.3,51.5,48.5,53.7,81.3,59.0,0,0.0
2024-07-09,Tuesday,27,2024,Weekdays,3,Tampa,230,3939.77,17.13,46.3,51.5,48.5,53.7,81.3,59.0,0,0.0
2024-07-09,Tuesday,27,2024,Weekdays,4,Jacksonville,231,3416.97,14.79,46.3,51.5,48.5,53.7,81.3,59.0,0,0.0
2024-07-09,Tuesday,27,2024,Weekdays,1,Miami Beach,305,5571.21,18.27,46.3,51.5,48.5,53.7,81.3,59.0,0,0.0
2024-07-10,Wednesday,27,2024,Weekdays,1,Miami Beach,288,5281.32,18.34,46.4,50.6,49.4,53.6,79.1,59.8,1,0.73
2024-07-10,Wednesday,27,2024,Weekdays,3,Tampa,251,3973.53,15.83,46.4,50.6,49.4,53.6,79.1,59.8,1,0.73
2024-07-10,Wednesday,27,2024,Weekdays,2,Orlando,257,4253.84,16.55,46.4,50.6,49.4,53.6,79.1,59.8,1,0.73
2024-07-10,Wednesday,27,2024,Weekdays,4,Jacksonville,202,3214.86,15.92,46.4,50.6,49.4,53.6,79.1,59.8,1,0.73
2024-07-11,Thursday,27,2024,Weekdays,2,Orlando,266,4183.53,15.73,46.5,50.7,49.3,53.5,82.0,65.4,1,0.63
2024-07-11,Thursday,27,2024,Weekdays,3,Tampa,245,3906.65,15.95,46.5,50.7,49.3,53.5,82.0,65.4,1,0.63
2024-07-11,Thursday,27,2024,Weekdays,4,Jacksonville,208,3052.85,14.68,46.5,50.7,49.3,53.5,82.0,65.4,1,0.63
2024-07-11,Thursday,27,2024,Weekdays,1,Miami Beach,275,5308.75,19.3,46.5,50.7,49.3,53.5,82.0,65.4,1,0.63
2024-07-12,Friday,27,2024,Weekdays,4,Jacksonville,196,2911.26,14.85,47.9,50.6,49.4,52.1,77.1,68.5,1,0.73
2024-07-12,Friday,27,2024,Weekdays,1,Miami Beach,271,5454.6,20.13,47.9,50.6,49.4,52.1,77.1,68.5,1,0.73
2024-07-12,Friday,27,2024,Weekdays,3,Tampa,221,3448.99,15.61,47.9,50.6,49.4,52.1,77.1,68.5,1,0.73
2024-07-12,Friday,27,2024,Weekdays,2,Orlando,270,4648.13,17.22,47.9,50.6,49.4,52.1,77.1,68.5,1,0.73
2024-07-13,Saturday,27,2024,Weekends,1,Miami Beach,352,6991.66,19.86,52.8,50.6,49.4,47.2,80.3,73.4,0,0.0
2024-07-13,Saturday,27,2024,Weekends,2,Orlando,292,4349.64,14.9,52.8,50.6,49.4,47.2,80.3,73.4,0,0.0
2024-07-13,Saturday,27,2024,Weekends,3,Tampa,279,4871.78,17.46,52.8,50.6,49.4,47.2,80.3,73.4,0,0.0
2024-07-13,Saturday,27,2024,Weekends,4,Jacksonville,254,3906.51,15.38,52.8,50.6,49.4,47.2,80.3,73.4,0,0.0
2024-07-14,Sunday,28,2024,Weekends,1,Miami Beach,343,6507.52,18.97,52.7,53.5,46.5,47.3,80.9,71.3,0,0.0
2024-07-14,Sunday,28,2024,Weekends,4,Jacksonville,229,3628.47,15.84,52.7,53.5,46.5,47.3,80.9,71.3,0,0.0
2024-07-14,Sunday,28,2024,Weekends,2,Orlando,268,4854.09,18.11,52.7,53.5,46.5,47.3,80.9,71.3,0,0.0
2024-07-14,Sunday,28,2024,Weekends,3,Tampa,281,4557.46,16.22,52.7,53.5,46.5,47.3,80.9,71.3,0,0.0
2024-07-15,Monday,28,2024,Weekdays,4,Jacksonville,223,3462.08,15.53,46.8,51.9,48.1,53.2,84.4,65.2,1,0.57
2024-07-15,Monday,28,2024,Weekdays,1,Miami Beach,311,5827.85,18.74,46.8,51.9,48.1,53.2,84.4,65.2,1,0.57
2024-07-15,Monday,28,2024,Weekdays,2,Orlando,276,4687.84,16.98,46.8,51.9,48.1,53.2,84.4,65.2,1,0.57
2024-07-15,Monday,28,2024,Weekdays,3,Tampa,210,3486.49,16.6,46.8,51.9,48.1,53.2,84.4,65.2,1,0.57
2024-07-16,Tuesday,28,2024,Weekdays,3,Tampa,254,4231.74,16.66,47.6,50.9,49.1,52.4,89.4,69.5,0,0.0
2024-07-16,Tuesday,28,2024,Weekdays,1,Miami Beach,348,6290.64,18.08,47.6,50.9,49.1,52.4,89.4,69.5,0,0.0
2024-07-16,Tuesday,28,2024,Weekdays,4,Jacksonville,222,3351.84,15.1,47.6,50.9,49.1,52.4,89.4,69.5,0,0.0
2024-07-16,Tuesday,28,2024,Weekdays,2,Orlando,291,4813.64,16.54,47.6,50.9,49.1,52.4,89.4,69.5,0,0.0
2024-07-17,Wednesday,28,2024,Weekdays,2,Orlando,257,4417.38,17.19,46.6,52.0,48.0,53.4,80.7,63.8,0,0.0
2024-07-17,Wednesday,28,2024,Weekdays,3,Tampa,235,3767.9,16.03,46.6,52.0,48.0,53.4,80.7,63.8,0,0.0
2024-07-17,Wednesday,28,2024,Weekdays,4,Jacksonville,195,2936.38,15.06,46.6,52.0,48.0,53.4,80.7,63.8,0,0.0
2024-07-17,Wednesday,28,2024,Weekdays,1,Miami Beach,310,5660.66,18.26,46.6,52.0,48.0,53.4,80.7,63.8,0,0.0
2024-07-18,Thursday,28,2024,Weekdays,2,Orlando,231,3750.52,16.24,48.3,50.8,49.2,51.7,80.3,77.7,1,0.58
2024-07-18,Thursday,28,2024,Weekdays,4,Jacksonville,213,3519.13,16.52,48.3,50.8,49.2,51.7,80.3,77.7,1,0.58
2024-07-18,Thursday,28,2024,Weekdays,3,Tampa,232,3428.31,14.78,48.3,50.8,49.2,51.7,80.3,77.7,1,0.58
2024-07-18,Thursday,28,2024,Weekdays,1,Miami Beach,307,5587.65,18.2,48.3,50.8,49.2,51.7,80.3,77.7,1,0.58
2024-07-19,Friday,28,2024,Weekdays,2,Orlando,240,3805.89,15.86,45.5,52.6,47.4,54.5,81.0,68.3,0,0.0
2024-07-19,Friday,28,2024,Weekdays,1,Miami Beach,306,5426.66,17.73,45.5,52.6,47.4,54.5,81.0,68.3,0,0.0
2024-07-19,Friday,28,2024,Weekdays,4,Jacksonville,229,3614.43,15.78,45.5,52.6,47.4,54.5,81.0,68.3,0,0.0
2024-07-19,Friday,28,2024,Weekdays,3,Tampa,243,4191.59,17.25,45.5,52.6,47.4,54.5,81.0,68.3,0,0.0
2024-07-20,Saturday,28,2024,Weekends,3,Tampa,290,4403.36,15.18,51.4,52.0,48.0,48.6,85.9,77.1,0,0.0
2024-07-20,Saturday,28,2024,Weekends,4,Jacksonville,249,3735.42,15.0,51.4,52.0,48.0,48.6,85.9,77.1,0,0.0
2024-07-20,Saturday,28,2024,Weekends,2,Orlando,294,4852.17,16.5,51.4,52.0,48.0,48.6,85.9,77.1,0,0.0
2024-07-20,Saturday,28,2024,Weekends,1,Miami Beach,372,7397.45,19.89,51.4,52.0,48.0,48.6,85.9,77.1,0,0.0
2024-07-21,Sunday,29,2024,Weekends,4,Jacksonville,205,3108.54,15.16,51.2,54.5,45.5,48.8,84.5,70.2,0,0.0
2024-07-21,Sunday,29,2024,Weekends,1,Miami Beach,369,7295.81,19.77,51.2,54.5,45.5,48.8,84.5,70.2,0,0.0
2024-07-21,Sunday,29,2024,Weekends,2,Orlando,295,5349.0,18.13,51.2,54.5,45.5,48.8,84.5,70.2,0,0.0
2024-07-21,Sunday,29,2024,Weekends,3,Tampa,252,4416.85,17.53,51.2,54.5,45.5,48.8,84.5,70.2,0,0.0
2024-07-22,Monday,29,2024,Weekdays,2,Orlando,301,4960.53,16.48,47.4,51.2,48.8,52.6,92.5,70.9,0,0.0
2024-07-22,Monday,29,2024,Weekdays,3,Tampa,302,5175.41,17.14,47.4,51.2,48.8,52.6,92.5,70.9,0,0.0
2024-07-22,Monday,29,2024,Weekdays,4,Jacksonville,248,3895.44,15.71,47.4,51.2,48.8,52.6,92.5,70.9,0,0.0
2024-07-22,Monday,29,2024,Weekdays,1,Miami Beach,357,7358.0,20.61,47.4,51.2,48.8,52.6,92.5,70.9,0,0.0
2024-07-23,Tuesday,29,2024,Weekdays,3,Tampa,269,4572.44,17.0,47.2,52.0,48.0,52.8,87.1,71.9,0,0.0
2024-07-23,Tuesday,29,2024,Weekdays,2,Orlando,306,4926.44,16.1,47.2,52.0,48.0,52.8,87.1,71.9,0,0.0
2024-07-23,Tuesday,29,2024,Weekdays,4,Jacksonville,242,3514.65,14.52,47.2,52.0,48.0,52.8,87.1,71.9,0,0.0
2024-07-23,Tuesday,29,2024,Weekdays,1,Miami Beach,280,5232.58,18.69,47.2,52.0,48.0,52.8,87.1,71.9,0,0.0
2024-07-24,Wednesday,29,2024,Weekdays,3,Tampa,240,4101.2,17.09,47.6,53.6,46.4,52.4,81.3,60.8,1,0.33
2024-07-24,Wednesday,29,2024,Weekdays,1,Miami Beach,317,6006.69,18.95,47.6,53.6,46.4,52.4,81.3,60.8,1,0.33
2024-07-24,Wednesday,29,2024,Weekdays,4,Jacksonville,217,3474.93,16.01,47.6,53.6,46.4,52.4,81.3,60.8,1,0.33
2024-07-24,Wednesday,29,2024,Weekdays,2,Orlando,270,4372.79,16.2,47.6,53.6,46.4,52.4,81.3,60.8,1,0.33
2024-07-25,Thursday,29,2024,Weekdays,1,Miami Beach,358,6635.22,18.53,46.2,50.5,49.5,53.8,87.7,70.1,0,0.0
2024-07-25,Thursday,29,2024,Weekdays,4,Jacksonville,244,3599.98,14.75,46.2,50.5,49.5,53.8,87.7,70.1,0,0.0
2024-07-25,Thursday,29,2024,Weekdays,2,Orlando,287,4927.41,17.17,46.2,50.5,49.5,53.8,87.7,70.1,0,0.0
2024-07-25,Thursday,29,2024,Weekdays,3,Tampa,283,4618.06,16.32,46.2,50.5,49.5,53.8,87.7,70.1,0,0.0
2024-07-26,Friday,29,2024,Weekdays,3,Tampa,248,4247.81,17.13,46.2,51.7,48.3,53.8,87.0,64.5,1,1.09
2024-07-26,Friday,29,2024,Weekdays,4,Jacksonville,217,3467.06,15.98,46.2,51.7,48.3,53.8,87.0,64.5,1,1.09
2024-07-26,Friday,29,2024,Weekdays,2,Orlando,276,4255.44,15.42,46.2,51.7,48.3,53.8,87.0,64.5,1,1.09
2024-07-26,Friday,29,2024,Weekdays,1,Miami Beach,275,5150.37,18.73,46.2,51.7,48.3,53.8,87.0,64.5,1,1.09
2024-07-27,Saturday,29,2024,Weekends,2,Orlando,319,5412.59,16.97,52.4,51.8,48.2,47.6,82.5,69.1,0,0.0
2024-07-27,Saturday,29,2024,Weekends,3,Tampa,286,4668.49,16.32,52.4,51.8,48.2,47.6,82.5,69.1,0,0.0
2024-07-27,Saturday,29,2024,Weekends,1,Miami Beach,340,6573.36,19.33,52.4,51.8,48.2,47.6,82.5,69.1,0,0.0
2024-07-27,Saturday,29,2024,Weekends,4,Jacksonville,195,3165.78,16.23,52.4,51.8,48.2,47.6,82.5,69.1,0,0.0
2024-07-28,Sunday,30,2024,Weekends,4,Jacksonville,244,3730.61,15.29,54.0,52.8,47.2,46.0,88.3,66.5,0,0.0
2024-07-28,Sunday,30,2024,Weekends,3,Tampa,313,5216.9,16.67,54.0,52.8,47.2,46.0,88.3,66.5,0,0.0
2024-07-28,Sunday,30,2024,Weekends,1,Miami Beach,371,6871.68,18.52,54.0,52.8,47.2,46.0,88.3,66.5,0,0.0
2024-07-28,Sunday,30,2024,Weekends,2,Orlando,334,5886.89,17.63,54.0,52.8,47.2,46.0,88.3,66.5,0,0.0
2024-07-29,Monday,30,2024,Weekdays,2,Orlando,262,4276.42,16.32,47.7,52.0,48.0,52.3,85.5,68.8,0,0.0
2024-07-29,Monday,30,2024,Weekdays,4,Jacksonville,244,3572.41,14.64,47.7,52.0,48.0,52.3,85.5,68.8,0,0.0
2024-07-29,Monday,30,2024,Weekdays,3,Tampa,253,3953.77,15.63,47.7,52.0,48.0,52.3,85.5,68.8,0,0.0
2024-07-29,Monday,30,2024,Weekdays,1,Miami Beach,319,5743.35,18.0,47.7,52.0,48.0,52.3,85.5,68.8,0,0.0
2024-07-30,Tuesday,30,2024,Weekdays,1,Miami Beach,311,5960.65,19.17,45.4,52.0,48.0,54.6,88.2,68.2,1,0.5
2024-07-30,Tuesday,30,2024,Weekdays,4,Jacksonville,221,4058.86,18.37,45.4,52.0,48.0,54.6,88.2,68.2,1,0.5
2024-07-30,Tuesday,30,2024,Weekdays,2,Orlando,279,5346.4,19.16,45.4,52.0,48.0,54.6,88.2,68.2,1,0.5
2024-07-30,Tuesday,30,2024,Weekdays,3,Tampa,278,4859.02,17.48,45.4,52.0,48.0,54.6,88.2,68.2,1,0.5
2024-07-31,Wednesday,30,2024,Weekdays,1,Miami Beach,364,6902.19,18.96,47.1,51.5,48.5,52.9,86.7,69.3,0,0.0
2024-07-31,Wednesday,30,2024,Weekdays,3,Tampa,281,4615.37,16.42,47.1,51.5,48.5,52.9,86.7,69.3,0,0.0
2024-07-31,Wednesday,30,2024,Weekdays,2,Orlando,305,5031.26,16.5,47.1,51.5,48.5,52.9,86.7,69.3,0,0.0
2024-07-31,Wednesday,30,2024,Weekdays,4,Jacksonville,226,3272.65,14.48,47.1,51.5,48.5,52.9,86.7,69.3,0,0.0
2024-08-01,Thursday,30,2024,Weekdays,2,Orlando,296,5327.7,18.0,46.4,51.3,48.7,53.6,88.1,65.7,1,0.99
2024-08-01,Thursday,30,2024,Weekdays,3,Tampa,229,3857.31,16.84,46.4,51.3,48.7,53.6,88.1,65.7,1,0.99
2024-08-01,Thursday,30,2024,Weekdays,4,Jacksonville,221,3684.14,16.67,46.4,51.3,48.7,53.6,88.1,65.7,1,0.99
2024-08-01,Thursday,30,2024,Weekdays,1,Miami Beach,349,5961.63,17.08,46.4,51.3,48.7,53.6,88.1,65.7,1,0.99
2024-08-02,Friday,30,2024,Weekdays,4,Jacksonville,234,3849.57,16.45,46.8,51.4,48.6,53.2,87.9,74.2,0,0.0
2024-08-02,Friday,30,2024,Weekdays,1,Miami Beach,332,6166.96,18.58,46.8,51.4,48.6,53.2,87.9,74.2,0,0.0
2024-08-02,Friday,30,2024,Weekdays,3,Tampa,256,4543.68,17.75,46.8,51.4,48.6,53.2,87.9,74.2,0,0.0
2024-08-02,Friday,30,2024,Weekdays,2,Orlando,273,4632.75,16.97,46.8,51.4,48.6,53.2,87.9,74.2,0,0.0
2024-08-03,Saturday,30,2024,Weekends,1,Miami Beach,376,7676.62,20.42,52.9,50.5,49.5,47.1,86.5,68.6,0,0.0
2024-08-03,Saturday,30,2024,Weekends,4,Jacksonville,292,4124.17,14.12,52.9,50.5,49.5,47.1,86.5,68.6,0,0.0
2024-08-03,Saturday,30,2024,Weekends,3,Tampa,292,4780.35,16.37,52.9,50.5,49.5,47.1,86.5,68.6,0,0.0
2024-08-03,Saturday,30,2024,Weekends,2,Orlando,306,4992.18,16.31,52.9,50.5,49.5,47.1,86.5,68.6,0,0.0
2024-08-04,Sunday,31,2024,Weekends,1,Miami Beach,364,6371.21,17.5,51.5,51.5,48.5,48.5,86.9,76.9,0,0.0
2024-08-04,Sunday,31,2024,Weekends,3,Tampa,298,4807.83,16.13,51.5,51.5,48.5,48.5,86.9,76.9,0,0.0
2024-08-04,Sunday,31,2024,Weekends,4,Jacksonville,269,4282.8,15.92,51.5,51.5,48.5,48.5,86.9,76.9,0,0.0
2024-08-04,Sunday,31,2024,Weekends,2,Orlando,306,5387.93,17.61,51.5,51.5,48.5,48.5,86.9,76.9,0,0.0
2024-08-05,Monday,31,2024,Weekdays,1,Miami Beach,333,6033.42,18.12,47.3,52.5,47.5,52.7,90.7,71.7,0,0.0
2024-08-05,Monday,31,2024,Weekdays,2,Orlando,297,5164.58,17.39,47.3,52.5,47.5,52.7,90.7,71.7,0,0.0
2024-08-05,Monday,31,2024,Weekdays,3,Tampa,270,4857.18,17.99,47.3,52.5,47.5,52.7,90.7,71.7,0,0.0
2024-08-05,Monday,31,2024,Weekdays,4,Jacksonville,268,4085.02,15.24,47.3,52.5,47.5,52.7,90.7,71.7,0,0.0
2024-08-06,Tuesday,31,2024,Weekdays,2,Orlando,295,4908.87,16.64,46.2,54.8,45.2,53.8,84.8,84.0,0,0.0
2024-08-06,Tuesday,31,2024,Weekdays,1,Miami Beach,371,6547.0,17.65,46.2,54.8,45.2,53.8,84.8,84.0,0,0.0
2024-08-06,Tuesday,31,2024,Weekdays,3,Tampa,274,4180.24,15.26,46.2,54.8,45.2,53.8,84.8,84.0,0,0.0
2024-08-06,Tuesday,31,2024,Weekdays,4,Jacksonville,214,3368.49,15.74,46.2,54.8,45.2,53.8,84.8,84.0,0,0.0
2024-08-07,Wednesday,31,2024,Weekdays,3,Tampa,291,4872.56,16.74,46.3,53.3,46.7,53.7,89.5,73.3,1,1.25
2024-08-07,Wednesday,31,2024,Weekdays,1,Miami Beach,348,6398.43,18.39,46.3,53.3,46.7,53.7,89.5,73.3,1,1.25
2024-08-07,Wednesday,31,2024,Weekdays,2,Orlando,276,4417.14,16.0,46.3,53.3,46.7,53.7,89.5,73.3,1,1.25
2024-08-07,Wednesday,31,2024,Weekdays,4,Jacksonville,208,3471.68,16.69,46.3,53.3,46.7,53.7,89.5,73.3,1,1.25
2024-08-08,Thursday,31,2024,Weekdays,1,Miami Beach,376,7432.6,19.77,47.2,53.1,46.9,52.8,91.6,73.2,0,0.0
2024-08-08,Thursday,31,2024,Weekdays,2,Orlando,287,5104.82,17.79,47.2,53.1,46.9,52.8,91.6,73.2,0,0.0
2024-08-08,Thursday,31,2024,Weekdays,4,Jacksonville,231,3504.26,15.17,47.2,53.1,46.9,52.8,91.6,73.2,0,0.0
2024-08-08,Thursday,31,2024,Weekdays,3,Tampa,270,4487.33,16.62,47.2,53.1,46.9,52.8,91.6,73.2,0,0.0
2024-08-09,Friday,31,2024,Weekdays,1,Miami Beach,295,5635.69,19.1,47.3,53.1,46.9,52.7,83.8,69.4,1,0.97
2024-08-09,Friday,31,2024,Weekdays,3,Tampa,262,4280.1,16.34,47.3,53.1,46.9,52.7,83.8,69.4,1,0.97
2024-08-09,Friday,31,2024,Weekdays,2,Orlando,270,4116.59,15.25,47.3,53.1,46.9,52.7,83.8,69.4,1,0.97
2024-08-09,Friday,31,2024,Weekdays,4,Jacksonville,217,3015.08,13.89,47.3,53.1,46.9,52.7,83.8,69.4,1,0.97
2024-08-10,Saturday,31,2024,Weekends,3,Tampa,300,4950.03,16.5,51.9,53.5,46.5,48.1,88.7,78.7,0,0.0
2024-08-10,Saturday,31,2024,Weekends,2,Orlando,308,4862.22,15.79,51.9,53.5,46.5,48.1,88.7,78.7,0,0.0
2024-08-10,Saturday,31,2024,Weekends,4,Jacksonville,258,3902.42,15.13,51.9,53.5,46.5,48.1,88.7,78.7,0,0.0
2024-08-10,Saturday,31,2024,Weekends,1,Miami Beach,386,6999.46,18.13,51.9,53.5,46.5,48.1,88.7,78.7,0,0.0
2024-08-11,Sunday,32,2024,Weekends,3,Tampa,347,5977.39,17.23,51.1,53.6,46.4,48.9,93.2,69.9,0,0.0
2024-08-11,Sunday,32,2024,Weekends,1,Miami Beach,402,7651.68,19.03,51.1,53.6,46.4,48.9,93.2,69.9,0,0.0
2024-08-11,Sunday,32,2024,Weekends,4,Jacksonville,261,4313.77,16.53,51.1,53.6,46.4,48.9,93.2,69.9,0,0.0
2024-08-11,Sunday,32,2024,Weekends,2,Orlando,330,5421.64,16.43,51.1,53.6,46.4,48.9,93.2,69.9,0,0.0
2024-08-12,Monday,32,2024,Weekdays,2,Orlando,270,4267.12,15.8,46.0,52.1,47.9,54.0,84.6,80.1,0,0.0
2024-08-12,Monday,32,2024,Weekdays,1,Miami Beach,309,5261.23,17.03,46.0,52.1,47.9,54.0,84.6,80.1,0,0.0
2024-08-12,Monday,32,2024,Weekdays,4,Jacksonville,262,4108.53,15.68,46.0,52.1,47.9,54.0,84.6,80.1,0,0.0
2024-08-12,Monday,32,2024,Weekdays,3,Tampa,248,3869.83,15.6,46.0,52.1,47.9,54.0,84.6,80.1,0,0.0
2024-08-13,Tuesday,32,2024,Weekdays,1,Miami Beach,369,6822.26,18.49,47.1,54.4,45.6,52.9,85.9,65.9,0,0.0
2024-08-13,Tuesday,32,2024,Weekdays,4,Jacksonville,197,3094.25,15.71,47.1,54.4,45.6,52.9,85.9,65.9,0,0.0
2024-08-13,Tuesday,32,2024,Weekdays,2,Orlando,285,4792.53,16.82,47.1,54.4,45.6,52.9,85.9,65.9,0,0.0
2024-08-13,Tuesday,32,2024,Weekdays,3,Tampa,286,4988.84,17.44,47.1,54.4,45.6,52.9,85.9,65.9,0,0.0
2024-08-14,Wednesday,32,2024,Weekdays,3,Tampa,270,4158.23,15.4,47.8,51.4,48.6,52.2,85.5,76.0,0,0.0
2024-08-14,Wednesday,32,2024,Weekdays,2,Orlando,319,5383.75,16.88,47.8,51.4,48.6,52.2,85.5,76.0,0,0.0
2024-08-14,Wednesday,32,2024,Weekdays,1,Miami Beach,303,5950.3,19.64,47.8,51.4,48.6,52.2,85.5,76.0,0,0.0
2024-08-14,Wednesday,32,2024,Weekdays,4,Jacksonville,209,3305.4,15.82,47.8,51.4,48.6,52.2,85.5,76.0,0,0.0
2024-08-15,Thursday,32,2024,Weekdays,3,Tampa,286,4481.62,15.67,45.1,51.3,48.7,54.9,86.7,74.2,0,0.0
2024-08-15,Thursday,32,2024,Weekdays,2,Orlando,282,4638.08,16.45,45.1,51.3,48.7,54.9,86.7,74.2,0,0.0
2024-08-15,Thursday,32,2024,Weekdays,1,Miami Beach,331,6148.9,18.58,45.1,51.3,48.7,54.9,86.7,74.2,0,0.0
2024-08-15,Thursday,32,2024,Weekdays,4,Jacksonville,241,3711.0,15.4,45.1,51.3,48.7,54.9,86.7,74.2,0,0.0
2024-08-16,Friday,32,2024,Weekdays,2,Orlando,268,4719.19,17.61,45.2,52.7,47.3,54.8,83.4,74.8,0,0.0
2024-08-16,Friday,32,2024,Weekdays,3,Tampa,265,4815.4,18.17,45.2,52.7,47.3,54.8,83.4,74.8,0,0.0
2024-08-16,Friday,32,2024,Weekdays,4,Jacksonville,243,3949.06,16.25,45.2,52.7,47.3,54.8,83.4,74.8,0,0.0
2024-08-16,Friday,32,2024,Weekdays,1,Miami Beach,307,5466.52,17.81,45.2,52.7,47.3,54.8,83.4,74.8,0,0.0
2024-08-17,Saturday,32,2024,Weekends,1,Miami Beach,341,6251.05,18.33,50.4,53.4,46.6,49.6,87.5,67.6,1,1.16
2024-08-17,Saturday,32,2024,Weekends,4,Jacksonville,221,3987.23,18.04,50.4,53.4,46.6,49.6,87.5,67.6,1,1.16
2024-08-17,Saturday,32,2024,Weekends,3,Tampa,316,5220.05,16.52,50.4,53.4,46.6,49.6,87.5,67.6,1,1.16
2024-08-17,Saturday,32,2024,Weekends,2,Orlando,312,4840.37,15.51,50.4,53.4,46.6,49.6,87.5,67.6,1,1.16
2024-08-18,Sunday,33,2024,Weekends,1,Miami Beach,360,6783.2,18.84,51.3,54.4,45.6,48.7,85.0,72.1,0,0.0
2024-08-18,Sunday,33,2024,Weekends,4,Jacksonville,252,3879.64,15.4,51.3,54.4,45.6,48.7,85.0,72.1,0,0.0
2024-08-18,Sunday,33,2024,Weekends,3,Tampa,288,4733.7,16.44,51.3,54.4,45.6,48.7,85.0,72.1,0,0.0
2024-08-18,Sunday,33,2024,Weekends,2,Orlando,295,4781.91,16.21,51.3,54.4,45.6,48.7,85.0,72.1,0,0.0
2024-08-19,Monday,33,2024,Weekdays,3,Tampa,255,4354.02,17.07,47.7,53.9,46.1,52.3,85.5,75.5,1,1.25
2024-08-19,Monday,33,2024,Weekdays,1,Miami Beach,317,5864.66,18.5,47.7,53.9,46.1,52.3,85.5,75.5,1,1.25
2024-08-19,Monday,33,2024,Weekdays,2,Orlando,256,4441.13,17.35,47.7,53.9,46.1,52.3,85.5,75.5,1,1.25
2024-08-19,Monday,33,2024,Weekdays,4,Jacksonville,217,3295.25,15.19,47.7,53.9,46.1,52.3,85.5,75.5,1,1.25
2024-08-20,Tuesday,33,2024,Weekdays,1,Miami Beach,327,6396.56,19.56,45.7,54.0,46.0,54.3,89.0,76.5,0,0.0
2024-08-20,Tuesday,33,2024,Weekdays,4,Jacksonville,245,3902.57,15.93,45.7,54.0,46.0,54.3,89.0,76.5,0,0.0
2024-08-20,Tuesday,33,2024,Weekdays,2,Orlando,295,5183.43,17.57,45.7,54.0,46.0,54.3,89.0,76.5,0,0.0
2024-08-20,Tuesday,33,2024,Weekdays,3,Tampa,294,4799.0,16.32,45.7,54.0,46.0,54.3,89.0,76.5,0,0.0
2024-08-21,Wednesday,33,2024,Weekdays,3,Tampa,304,4811.86,15.83,44.7,52.4,47.6,55.3,89.8,76.1,0,0.0
2024-08-21,Wednesday,33,2024,Weekdays,1,Miami Beach,369,6414.02,17.38,44.7,52.4,47.6,55.3,89.8,76.1,0,0.0
2024-08-21,Wednesday,33,2024,Weekdays,2,Orlando,305,4905.38,16.08,44.7,52.4,47.6,55.3,89.8,76.1,0,0.0
2024-08-21,Wednesday,33,2024,Weekdays,4,Jacksonville,228,3673.13,16.11,44.7,52.4,47.6,55.3,89.8,76.1,0,0.0
2024-08-22,Thursday,33,2024,Weekdays,3,Tampa,251,4057.53,16.17,43.4,53.8,46.2,56.6,88.5,86.6,0,0.0
2024-08-22,Thursday,33,2024,Weekdays,4,Jacksonville,241,3582.58,14.87,43.4,53.8,46.2,56.6,88.5,86.6,0,0.0
2024-08-22,Thursday,33,2024,Weekdays,1,Miami Beach,351,6369.88,18.15,43.4,53.8,46.2,56.6,88.5,86.6,0,0.0
2024-08-22,Thursday,33,2024,Weekdays,2,Orlando,310,5594.18,18.05,43.4,53.8,46.2,56.6,88.5,86.6,0,0.0
2024-08-23,Friday,33,2024,Weekdays,2,Orlando,290,4626.07,15.95,45.1,52.4,47.6,54.9,83.9,69.9,0,0.0
2024-08-23,Friday,33,2024,Weekdays,1,Miami Beach,319,5941.05,18.62,45.1,52.4,47.6,54.9,83.9,69.9,0,0.0
2024-08-23,Friday,33,2024,Weekdays,4,Jacksonville,235,3808.17,16.2,45.1,52.4,47.6,54.9,83.9,69.9,0,0.0
2024-08-23,Friday,33,2024,Weekdays,3,Tampa,260,4047.63,15.57,45.1,52.4,47.6,54.9,83.9,69.9,0,0.0
2024-08-24,Saturday,33,2024,Weekends,3,Tampa,257,4172.17,16.23,51.7,53.2,46.8,48.3,83.4,74.0,0,0.0
2024-08-24,Saturday,33,2024,Weekends,4,Jacksonville,269,4121.41,15.32,51.7,53.2,46.8,48.3,83.4,74.0,0,0.0
2024-08-24,Saturday,33,2024,Weekends,2,Orlando,289,5508.9,19.06,51.7,53.2,46.8,48.3,83.4,74.0,0,0.0
2024-08-24,Saturday,33,2024,Weekends,1,Miami Beach,372,6173.9,16.6,51.7,53.2,46.8,48.3,83.4,74.0,0,0.0
2024-08-25,Sunday,34,2024,Weekends,4,Jacksonville,263,3708.43,14.1,50.5,53.5,46.5,49.5,85.6,76.0,1,1.89
2024-08-25,Sunday,34,2024,Weekends,2,Orlando,325,6050.79,18.62,50.5,53.5,46.5,49.5,85.6,76.0,1,1.89
2024-08-25,Sunday,34,2024,Weekends,3,Tampa,287,4445.37,15.49,50.5,53.5,46.5,49.5,85.6,76.0,1,1.89
2024-08-25,Sunday,34,2024,Weekends,1,Miami Beach,343,6477.37,18.88,50.5,53.5,46.5,49.5,85.6,76.0,1,1.89
2024-08-26,Monday,34,2024,Weekdays,3,Tampa,278,4454.17,16.02,46.7,52.3,47.7,53.3,92.1,73.6,1,0.07
2024-08-26,Monday,34,2024,Weekdays,1,Miami Beach,330,5947.82,18.02,46.7,52.3,47.7,53.3,92.1,73.6,1,0.07
2024-08-26,Monday,34,2024,Weekdays,4,Jacksonville,271,3887.52,14.35,46.7,52.3,47.7,53.3,92.1,73.6,1,0.07
2024-08-26,Monday,34,2024,Weekdays,2,Orlando,271,4394.43,16.22,46.7,52.3,47.7,53.3,92.1,73.6,1,0.07
2024-08-27,Tuesday,34,2024,Weekdays,2,Orlando,314,5524.9,17.6,45.7,53.1,46.9,54.3,85.6,77.4,1,0.91
2024-08-27,Tuesday,34,2024,Weekdays,1,Miami Beach,312,5772.77,18.5,45.7,53.1,46.9,54.3,85.6,77.4,1,0.91
2024-08-27,Tuesday,34,2024,Weekdays,3,Tampa,270,4133.22,15.31,45.7,53.1,46.9,54.3,85.6,77.4,1,0.91
2024-08-27,Tuesday,34,2024,Weekdays,4,Jacksonville,231,3517.04,15.23,45.7,53.1,46.9,54.3,85.6,77.4,1,0.91
2024-08-28,Wednesday,34,2024,Weekdays,2,Orlando,278,4668.21,16.79,45.2,51.8,48.2,54.8,94.6,81.1,0,0.0
2024-08-28,Wednesday,34,2024,Weekdays,4,Jacksonville,221,3225.02,14.59,45.2,51.8,48.2,54.8,94.6,81.1,0,0.0
2024-08-28,Wednesday,34,2024,Weekdays,3,Tampa,278,4319.92,15.54,45.2,51.8,48.2,54.8,94.6,81.1,0,0.0
2024-08-28,Wednesday,34,2024,Weekdays,1,Miami Beach,327,5913.02,18.08,45.2,51.8,48.2,54.8,94.6,81.1,0,0.0
2024-08-29,Thursday,34,2024,Weekdays,3,Tampa,253,4138.16,16.36,45.6,53.4,46.6,54.4,87.2,81.9,1,0.19
2024-08-29,Thursday,34,2024,Weekdays,4,Jacksonville,231,3827.55,16.57,45.6,53.4,46.6,54.4,87.2,81.9,1,0.19
2024-08-29,Thursday,34,2024,Weekdays,2,Orlando,296,5093.52,17.21,45.6,53.4,46.6,54.4,87.2,81.9,1,0.19
2024-08-29,Thursday,34,2024,Weekdays,1,Miami Beach,287,5253.9,18.31,45.6,53.4,46.6,54.4,87.2,81.9,1,0.19
2024-08-30,Friday,34,2024,Weekdays,1,Miami Beach,338,6415.58,18.98,46.2,54.7,45.3,53.8,91.1,77.0,0,0.0
2024-08-30,Friday,34,2024,Weekdays,3,Tampa,267,4629.29,17.34,46.2,54.7,45.3,53.8,91.1,77.0,0,0.0
2024-08-30,Friday,34,2024,Weekdays,2,Orlando,286,4861.93,17.0,46.2,54.7,45.3,53.8,91.1,77.0,0,0.0
2024-08-30,Friday,34,2024,Weekdays,4,Jacksonville,259,4069.09,15.71,46.2,54.7,45.3,53.8,91.1,77.0,0,0.0
2024-08-31,Saturday,34,2024,Weekends,4,Jacksonville,249,3849.58,15.46,51.6,55.0,45.0,48.4,92.4,68.1,1,2.13
2024-08-31,Saturday,34,2024,Weekends,3,Tampa,278,4224.21,15.2,51.6,55.0,45.0,48.4,92.4,68.1,1,2.13
2024-08-31,Saturday,34,2024,Weekends,1,Miami Beach,350,6746.09,19.27,51.6,55.0,45.0,48.4,92.4,68.1,1,2.13
2024-08-31,Saturday,34,2024,Weekends,2,Orlando,344,5864.51,17.05,51.6,55.0,45.0,48.4,92.4,68.1,1,2.13
2024-09-01,Sunday,35,2024,Weekends,2,Orlando,337,5855.35,17.37,49.7,53.5,46.5,50.3,91.2,75.7,1,0.87
2024-09-01,Sunday,35,2024,Weekends,1,Miami Beach,368,6819.28,18.53,49.7,53.5,46.5,50.3,91.2,75.7,1,0.87
2024-09-01,Sunday,35,2024,Weekends,4,Jacksonville,270,4020.87,14.89,49.7,53.5,46.5,50.3,91.2,75.7,1,0.87
2024-09-01,Sunday,35,2024,Weekends,3,Tampa,277,4761.74,17.19,49.7,53.5,46.5,50.3,91.2,75.7,1,0.87
2024-09-02,Monday,35,2024,Weekdays,1,Miami Beach,335,6180.78,18.45,46.2,54.9,45.1,53.8,94.3,84.8,0,0.0
2024-09-02,Monday,35,2024,Weekdays,4,Jacksonville,213,3152.58,14.8,46.2,54.9,45.1,53.8,94.3,84.8,0,0.0
2024-09-02,Monday,35,2024,Weekdays,2,Orlando,294,4865.8,16.55,46.2,54.9,45.1,53.8,94.3,84.8,0,0.0
2024-09-02,Monday,35,2024,Weekdays,3,Tampa,268,4480.16,16.72,46.2,54.9,45.1,53.8,94.3,84.8,0,0.0
2024-09-03,Tuesday,35,2024,Weekdays,2,Orlando,289,4727.15,16.36,44.7,52.0,48.0,55.3,90.5,71.8,1,2.55
2024-09-03,Tuesday,35,2024,Weekdays,4,Jacksonville,219,3361.69,15.35,44.7,52.0,48.0,55.3,90.5,71.8,1,2.55
2024-09-03,Tuesday,35,2024,Weekdays,1,Miami Beach,309,5941.64,19.23,44.7,52.0,48.0,55.3,90.5,71.8,1,2.55
2024-09-03,Tuesday,35,2024,Weekdays,3,Tampa,256,4224.21,16.5,44.7,52.0,48.0,55.3,90.5,71.8,1,2.55
2024-09-04,Wednesday,35,2024,Weekdays,1,Miami Beach,265,4981.25,18.8,45.4,54.2,45.8,54.6,82.6,84.7,0,0.0
2024-09-04,Wednesday,35,2024,Weekdays,2,Orlando,250,4420.94,17.68,45.4,54.2,45.8,54.6,82.6,84.7,0,0.0
2024-09-04,Wednesday,35,2024,Weekdays,4,Jacksonville,232,3341.3,14.4,45.4,54.2,45.8,54.6,82.6,84.7,0,0.0
2024-09-04,Wednesday,35,2024,Weekdays,3,Tampa,250,3971.05,15.88,45.4,54.2,45.8,54.6,82.6,84.7,0,0.0
2024-09-05,Thursday,35,2024,Weekdays,3,Tampa,230,3919.91,17.04,43.6,52.2,47.8,56.4,87.4,75.4,1,4.01
2024-09-05,Thursday,35,2024,Weekdays,2,Orlando,241,4643.81,19.27,43.6,52.2,47.8,56.4,87.4,75.4,1,4.01
2024-09-05,Thursday,35,2024,Weekdays,1,Miami Beach,224,4667.37,20.84,43.6,52.2,47.8,56.4,87.4,75.4,1,4.01
2024-09-05,Thursday,35,2024,Weekdays,4,Jacksonville,203,3025.16,14.9,43.6,52.2,47.8,56.4,87.4,75.4,1,4.01
2024-09-06,Friday,35,2024,Weekdays,2,Orlando,270,4656.15,17.24,45.2,52.1,47.9,54.8,89.8,74.8,0,0.0
2024-09-06,Friday,35,2024,Weekdays,4,Jacksonville,278,4478.22,16.11,45.2,52.1,47.9,54.8,89.8,74.8,0,0.0
2024-09-06,Friday,35,2024,Weekdays,3,Tampa,283,4834.05,17.08,45.2,52.1,47.9,54.8,89.8,74.8,0,0.0
2024-09-06,Friday,35,2024,Weekdays,1,Miami Beach,298,5925.0,19.88,45.2,52.1,47.9,54.8,89.8,74.8,0,0.0
2024-09-07,Saturday,35,2024,Weekends,4,Jacksonville,262,3882.74,14.82,50.8,55.2,44.8,49.2,88.6,72.2,0,0.0
2024-09-07,Saturday,35,2024,Weekends,3,Tampa,288,4478.61,15.55,50.8,55.2,44.8,49.2,88.6,72.2,0,0.0
2024-09-07,Saturday,35,2024,Weekends,2,Orlando,308,4873.14,15.82,50.8,55.2,44.8,49.2,88.6,72.2,0,0.0
2024-09-07,Saturday,35,2024,Weekends,1,Miami Beach,339,5791.9,17.09,50.8,55.2,44.8,49.2,88.6,72.2,0,0.0
2024-09-08,Sunday,36,2024,Weekends,1,Miami Beach,282,5429.91,19.25,50.7,53.5,46.5,49.3,83.8,81.5,1,0.45
2024-09-08,Sunday,36,2024,Weekends,4,Jacksonville,242,3738.75,15.45,50.7,53.5,46.5,49.3,83.8,81.5,1,0.45
2024-09-08,Sunday,36,2024,Weekends,3,Tampa,295,4915.38,16.66,50.7,53.5,46.5,49.3,83.8,81.5,1,0.45
2024-09-08,Sunday,36,2024,Weekends,2,Orlando,265,4651.42,17.55,50.7,53.5,46.5,49.3,83.8,81.5,1,0.45
2024-09-09,Monday,36,2024,Weekdays,3,Tampa,260,4307.79,16.57,43.7,55.2,44.8,56.3,87.9,74.8,0,0.0
2024-09-09,Monday,36,2024,Weekdays,2,Orlando,263,4286.1,16.3,43.7,55.2,44.8,56.3,87.9,74.8,0,0.0
2024-09-09,Monday,36,2024,Weekdays,1,Miami Beach,308,5399.45,17.53,43.7,55.2,44.8,56.3,87.9,74.8,0,0.0
2024-09-09,Monday,36,2024,Weekdays,4,Jacksonville,246,3837.94,15.6,43.7,55.2,44.8,56.3,87.9,74.8,0,0.0
2024-09-10,Tuesday,36,2024,Weekdays,1,Miami Beach,345,6214.78,18.01,44.2,55.3,44.7,55.8,96.3,71.6,0,0.0
2024-09-10,Tuesday,36,2024,Weekdays,3,Tampa,293,5073.64,17.32,44.2,55.3,44.7,55.8,96.3,71.6,0,0.0
2024-09-10,Tuesday,36,2024,Weekdays,4,Jacksonville,234,3464.3,14.8,44.2,55.3,44.7,55.8,96.3,71.6,0,0.0
2024-09-10,Tuesday,36,2024,Weekdays,2,Orlando,280,4316.83,15.42,44.2,55.3,44.7,55.8,96.3,71.6,0,0.0
2024-09-11,Wednesday,36,2024,Weekdays,4,Jacksonville,180,2969.03,16.49,45.6,53.9,46.1,54.4,87.3,72.6,0,0.0
2024-09-11,Wednesday,36,2024,Weekdays,3,Tampa,254,4555.85,17.94,45.6,53.9,46.1,54.4,87.3,72.6,0,0.0
2024-09-11,Wednesday,36,2024,Weekdays,2,Orlando,242,4066.38,16.8,45.6,53.9,46.1,54.4,87.3,72.6,0,0.0
2024-09-11,Wednesday,36,2024,Weekdays,1,Miami Beach,314,6015.78,19.16,45.6,53.9,46.1,54.4,87.3,72.6,0,0.0
2024-09-12,Thursday,36,2024,Weekdays,4,Jacksonville,250,3718.41,14.87,45.6,53.5,46.5,54.4,91.7,68.0,1,0.94
2024-09-12,Thursday,36,2024,Weekdays,3,Tampa,259,4006.92,15.47,45.6,53.5,46.5,54.4,91.7,68.0,1,0.94
2024-09-12,Thursday,36,2024,Weekdays,2,Orlando,298,4865.17,16.33,45.6,53.5,46.5,54.4,91.7,68.0,1,0.94
2024-09-12,Thursday,36,2024,Weekdays,1,Miami Beach,307,5600.28,18.24,45.6,53.5,46.5,54.4,91.7,68.0,1,0.94
2024-09-13,Friday,36,2024,Weekdays,1,Miami Beach,328,5648.0,17.22,45.3,53.4,46.6,54.7,90.9,71.3,0,0.0
2024-09-13,Friday,36,2024,Weekdays,4,Jacksonville,217,3534.9,16.29,45.3,53.4,46.6,54.7,90.9,71.3,0,0.0
2024-09-13,Friday,36,2024,Weekdays,3,Tampa,255,3762.69,14.76,45.3,53.4,46.6,54.7,90.9,71.3,0,0.0
2024-09-13,Friday,36,2024,Weekdays,2,Orlando,295,5009.51,16.98,45.3,53.4,46.6,54.7,90.9,71.3,0,0.0
2024-09-14,Saturday,36,2024,Weekends,2,Orlando,336,5416.7,16.12,50.8,54.7,45.3,49.2,90.2,67.5,0,0.0
2024-09-14,Saturday,36,2024,Weekends,4,Jacksonville,276,4239.94,15.36,50.8,54.7,45.3,49.2,90.2,67.5,0,0.0
2024-09-14,Saturday,36,2024,Weekends,3,Tampa,289,4620.92,15.99,50.8,54.7,45.3,49.2,90.2,67.5,0,0.0
2024-09-14,Saturday,36,2024,Weekends,1,Miami Beach,345,6619.58,19.19,50.8,54.7,45.3,49.2,90.2,67.5,0,0.0
2024-09-15,Sunday,37,2024,Weekends,1,Miami Beach,366,6511.08,17.79,51.6,52.0,48.0,48.4,88.9,75.5,0,0.0
2024-09-15,Sunday,37,2024,Weekends,2,Orlando,314,5814.62,18.52,51.6,52.0,48.0,48.4,88.9,75.5,0,0.0
2024-09-15,Sunday,37,2024,Weekends,3,Tampa,296,4989.49,16.86,51.6,52.0,48.0,48.4,88.9,75.5,0,0.0
2024-09-15,Sunday,37,2024,Weekends,4,Jacksonville,278,4326.98,15.56,51.6,52.0,48.0,48.4,88.9,75.5,0,0.0
2024-09-16,Monday,37,2024,Weekdays,1,Miami Beach,282,5472.11,19.4,45.6,51.3,48.7,54.4,86.3,78.8,0,0.0
2024-09-16,Monday,37,2024,Weekdays,4,Jacksonville,231,3426.64,14.83,45.6,51.3,48.7,54.4,86.3,78.8,0,0.0
2024-09-16,Monday,37,2024,Weekdays,3,Tampa,233,3989.87,17.12,45.6,51.3,48.7,54.4,86.3,78.8,0,0.0
2024-09-16,Monday,37,2024,Weekdays,2,Orlando,278,4761.44,17.13,45.6,51.3,48.7,54.4,86.3,78.8,0,0.0
2024-09-17,Tuesday,37,2024,Weekdays,3,Tampa,274,4611.47,16.83,45.1,53.6,46.4,54.9,89.1,82.8,1,0.83
2024-09-17,Tuesday,37,2024,Weekdays,2,Orlando,254,4583.34,18.04,45.1,53.6,46.4,54.9,89.1,82.8,1,0.83
2024-09-17,Tuesday,37,2024,Weekdays,1,Miami Beach,277,5179.6,18.7,45.1,53.6,46.4,54.9,89.1,82.8,1,0.83
2024-09-17,Tuesday,37,2024,Weekdays,4,Jacksonville,232,3279.61,14.14,45.1,53.6,46.4,54.9,89.1,82.8,1,0.83
2024-09-18,Wednesday,37,2024,Weekdays,1,Miami Beach,286,4806.95,16.81,44.0,53.8,46.2,56.0,89.8,78.4,1,0.83
2024-09-18,Wednesday,37,2024,Weekdays,3,Tampa,270,4400.16,16.3,44.0,53.8,46.2,56.0,89.8,78.4,1,0.83
2024-09-18,Wednesday,37,2024,Weekdays,4,Jacksonville,214,3238.37,15.13,44.0,53.8,46.2,56.0,89.8,78.4,1,0.83
2024-09-18,Wednesday,37,2024,Weekdays,2,Orlando,255,4036.17,15.83,44.0,53.8,46.2,56.0,89.8,78.4,1,0.83
2024-09-19,Thursday,37,2024,Weekdays,3,Tampa,263,4303.47,16.36,43.0,55.4,44.6,57.0,90.5,75.4,1,0.68
2024-09-19,Thursday,37,2024,Weekdays,2,Orlando,268,4418.47,16.49,43.0,55.4,44.6,57.0,90.5,75.4,1,0.68
2024-09-19,Thursday,37,2024,Weekdays,4,Jacksonville,232,3759.66,16.21,43.0,55.4,44.6,57.0,90.5,75.4,1,0.68
2024-09-19,Thursday,37,2024,Weekdays,1,Miami Beach,305,5668.51,18.59,43.0,55.4,44.6,57.0,90.5,75.4,1,0.68
2024-09-20,Friday,37,2024,Weekdays,4,Jacksonville,193,3075.93,15.94,44.2,53.8,46.2,55.8,87.4,76.9,1,0.07
2024-09-20,Friday,37,2024,Weekdays,3,Tampa,254,4396.7,17.31,44.2,53.8,46.2,55.8,87.4,76.9,1,0.07
2024-09-20,Friday,37,2024,Weekdays,1,Miami Beach,345,5989.95,17.36,44.2,53.8,46.2,55.8,87.4,76.9,1,0.07
2024-09-20,Friday,37,2024,Weekdays,2,Orlando,303,4476.74,14.77,44.2,53.8,46.2,55.8,87.4,76.9,1,0.07
2024-09-21,Saturday,37,2024,Weekends,3,Tampa,296,4891.71,16.53,49.8,53.7,46.3,50.2,89.5,71.8,0,0.0
2024-09-21,Saturday,37,2024,Weekends,4,Jacksonville,220,3268.12,14.86,49.8,53.7,46.3,50.2,89.5,71.8,0,0.0
2024-09-21,Saturday,37,2024,Weekends,1,Miami Beach,361,6944.08,19.24,49.8,53.7,46.3,50.2,89.5,71.8,0,0.0
2024-09-21,Saturday,37,2024,Weekends,2,Orlando,304,4920.34,16.19,49.8,53.7,46.3,50.2,89.5,71.8,0,0.0
2024-09-22,Sunday,38,2024,Weekends,3,Tampa,269,4095.05,15.22,50.0,55.1,44.9,50.0,89.4,77.5,0,0.0
2024-09-22,Sunday,38,2024,Weekends,1,Miami Beach,359,6854.59,19.09,50.0,55.1,44.9,50.0,89.4,77.5,0,0.0
2024-09-22,Sunday,38,2024,Weekends,4,Jacksonville,247,3952.16,16.0,50.0,55.1,44.9,50.0,89.4,77.5,0,0.0
2024-09-22,Sunday,38,2024,Weekends,2,Orlando,306,5254.43,17.17,50.0,55.1,44.9,50.0,89.4,77.5,0,0.0
2024-09-23,Monday,38,2024,Weekdays,4,Jacksonville,193,2907.8,15.07,46.0,54.4,45.6,54.0,91.2,78.4,0,0.0
2024-09-23,Monday,38,2024,Weekdays,2,Orlando,269,4468.71,16.61,46.0,54.4,45.6,54.0,91.2,78.4,0,0.0
2024-09-23,Monday,38,2024,Weekdays,1,Miami Beach,373,7406.94,19.86,46.0,54.4,45.6,54.0,91.2,78.4,0,0.0
2024-09-23,Monday,38,2024,Weekdays,3,Tampa,270,4809.32,17.81,46.0,54.4,45.6,54.0,91.2,78.4,0,0.0
2024-09-24,Tuesday,38,2024,Weekdays,1,Miami Beach,300,5961.77,19.87,44.0,54.5,45.5,56.0,90.2,69.7,0,0.0
2024-09-24,Tuesday,38,2024,Weekdays,2,Orlando,270,4220.1,15.63,44.0,54.5,45.5,56.0,90.2,69.7,0,0.0
2024-09-24,Tuesday,38,2024,Weekdays,4,Jacksonville,223,3808.73,17.08,44.0,54.5,45.5,56.0,90.2,69.7,0,0.0
2024-09-24,Tuesday,38,2024,Weekdays,3,Tampa,224,3576.37,15.97,44.0,54.5,45.5,56.0,90.2,69.7,0,0.0
2024-09-25,Wednesday,38,2024,Weekdays,3,Tampa,255,4135.69,16.22,44.5,53.0,47.0,55.5,87.6,82.3,0,0.0
2024-09-25,Wednesday,38,2024,Weekdays,2,Orlando,233,3896.44,16.72,44.5,53.0,47.0,55.5,87.6,82.3,0,0.0
2024-09-25,Wednesday,38,2024,Weekdays,4,Jacksonville,222,3200.93,14.42,44.5,53.0,47.0,55.5,87.6,82.3,0,0.0
2024-09-25,Wednesday,38,2024,Weekdays,1,Miami Beach,305,5688.55,18.65,44.5,53.0,47.0,55.5,87.6,82.3,0,0.0
2024-09-26,Thursday,38,2024,Weekdays,2,Orlando,247,4218.1,17.08,44.9,54.1,45.9,55.1,89.3,79.1,1,0.8
2024-09-26,Thursday,38,2024,Weekdays,1,Miami Beach,329,6012.94,18.28,44.9,54.1,45.9,55.1,89.3,79.1,1,0.8
2024-09-26,Thursday,38,2024,Weekdays,4,Jacksonville,228,3246.07,14.24,44.9,54.1,45.9,55.1,89.3,79.1,1,0.8
2024-09-26,Thursday,38,2024,Weekdays,3,Tampa,216,3523.75,16.31,44.9,54.1,45.9,55.1,89.3,79.1,1,0.8
2024-09-27,Friday,38,2024,Weekdays,2,Orlando,283,4754.81,16.8,45.3,53.3,46.7,54.7,89.2,69.5,1,0.23
2024-09-27,Friday,38,2024,Weekdays,3,Tampa,248,4121.41,16.62,45.3,53.3,46.7,54.7,89.2,69.5,1,0.23
2024-09-27,Friday,38,2024,Weekdays,1,Miami Beach,323,6222.19,19.26,45.3,53.3,46.7,54.7,89.2,69.5,1,0.23
2024-09-27,Friday,38,2024,Weekdays,4,Jacksonville,215,3326.94,15.47,45.3,53.3,46.7,54.7,89.2,69.5,1,0.23
2024-09-28,Saturday,38,2024,Weekends,2,Orlando,294,4702.3,15.99,51.2,53.0,47.0,48.8,89.2,69.8,0,0.0
2024-09-28,Saturday,38,2024,Weekends,1,Miami Beach,351,6843.38,19.5,51.2,53.0,47.0,48.8,89.2,69.8,0,0.0
2024-09-28,Saturday,38,2024,Weekends,3,Tampa,270,4918.78,18.22,51.2,53.0,47.0,48.8,89.2,69.8,0,0.0
2024-09-28,Saturday,38,2024,Weekends,4,Jacksonville,282,4265.09,15.12,51.2,53.0,47.0,48.8,89.2,69.8,0,0.0
2024-09-29,Sunday,39,2024,Weekends,2,Orlando,302,4981.93,16.5,51.2,54.8,45.2,48.8,89.4,75.0,0,0.0
2024-09-29,Sunday,39,2024,Weekends,4,Jacksonville,249,3796.5,15.25,51.2,54.8,45.2,48.8,89.4,75.0,0,0.0
2024-09-29,Sunday,39,2024,Weekends,3,Tampa,294,4539.91,15.44,51.2,54.8,45.2,48.8,89.4,75.0,0,0.0
2024-09-29,Sunday,39,2024,Weekends,1,Miami Beach,355,6636.66,18.69,51.2,54.8,45.2,48.8,89.4,75.0,0,0.0
2024-09-30,Monday,39,2024,Weekdays,4,Jacksonville,246,3745.83,15.23,45.1,53.5,46.5,54.9,91.3,59.2,0,0.0
2024-09-30,Monday,39,2024,Weekdays,2,Orlando,293,5117.37,17.47,45.1,53.5,46.5,54.9,91.3,59.2,0,0.0
2024-09-30,Monday,39,2024,Weekdays,1,Miami Beach,291,5398.29,18.55,45.1,53.5,46.5,54.9,91.3,59.2,0,0.0
2024-09-30,Monday,39,2024,Weekdays,3,Tampa,259,4246.61,16.4,45.1,53.5,46.5,54.9,91.3,59.2,0,0.0
2024-10-01,Tuesday,39,2024,Weekdays,3,Tampa,241,3551.04,14.73,43.9,52.7,47.3,56.1,86.8,71.0,0,0.0
2024-10-01,Tuesday,39,2024,Weekdays,1,Miami Beach,289,5654.33,19.57,43.9,52.7,47.3,56.1,86.8,71.0,0,0.0
2024-10-01,Tuesday,39,2024,Weekdays,4,Jacksonville,248,3992.59,16.1,43.9,52.7,47.3,56.1,86.8,71.0,0,0.0
2024-10-01,Tuesday,39,2024,Weekdays,2,Orlando,260,4762.44,18.32,43.9,52.7,47.3,56.1,86.8,71.0,0,0.0
2024-10-02,Wednesday,39,2024,Weekdays,4,Jacksonville,202,3327.75,16.47,45.3,55.3,44.7,54.7,88.1,73.8,0,0.0
2024-10-02,Wednesday,39,2024,Weekdays,3,Tampa,223,3645.85,16.35,45.3,55.3,44.7,54.7,88.1,73.8,0,0.0
2024-10-02,Wednesday,39,2024,Weekdays,2,Orlando,226,4105.5,18.17,45.3,55.3,44.7,54.7,88.1,73.8,0,0.0
2024-10-02,Wednesday,39,2024,Weekdays,1,Miami Beach,319,6049.48,18.96,45.3,55.3,44.7,54.7,88.1,73.8,0,0.0
2024-10-03,Thursday,39,2024,Weekdays,4,Jacksonville,262,4045.15,15.44,42.6,55.4,44.6,57.4,94.9,64.9,0,0.0
2024-10-03,Thursday,39,2024,Weekdays,1,Miami Beach,367,6566.35,17.89,42.6,55.4,44.6,57.4,94.9,64.9,0,0.0
2024-10-03,Thursday,39,2024,Weekdays,3,Tampa,270,4587.23,16.99,42.6,55.4,44.6,57.4,94.9,64.9,0,0.0
2024-10-03,Thursday,39,2024,Weekdays,2,Orlando,275,4792.66,17.43,42.6,55.4,44.6,57.4,94.9,64.9,0,0.0
2024-10-04,Friday,39,2024,Weekdays,1,Miami Beach,308,5781.71,18.77,44.5,52.0,48.0,55.5,90.0,67.2,0,0.0
2024-10-04,Friday,39,2024,Weekdays,4,Jacksonville,212,3199.39,15.09,44.5,52.0,48.0,55.5,90.0,67.2,0,0.0
2024-10-04,Friday,39,2024,Weekdays,3,Tampa,232,3937.07,16.97,44.5,52.0,48.0,55.5,90.0,67.2,0,0.0
2024-10-04,Friday,39,2024,Weekdays,2,Orlando,284,4875.82,17.17,44.5,52.0,48.0,55.5,90.0,67.2,0,0.0
2024-10-05,Saturday,39,2024,Weekends,2,Orlando,386,6769.15,17.54,49.6,53.4,46.6,50.4,94.9,77.7,0,0.0
2024-10-05,Saturday,39,2024,Weekends,3,Tampa,330,5144.67,15.59,49.6,53.4,46.6,50.4,94.9,77.7,0,0.0
2024-10-05,Saturday,39,2024,Weekends,1,Miami Beach,387,7182.93,18.56,49.6,53.4,46.6,50.4,94.9,77.7,0,0.0
2024-10-05,Saturday,39,2024,Weekends,4,Jacksonville,269,4017.98,14.94,49.6,53.4,46.6,50.4,94.9,77.7,0,0.0
2024-10-06,Sunday,40,2024,Weekends,1,Miami Beach,362,6494.65,17.94,48.1,54.6,45.4,51.9,88.0,63.1,0,0.0
2024-10-06,Sunday,40,2024,Weekends,4,Jacksonville,267,3996.86,14.97,48.1,54.6,45.4,51.9,88.0,63.1,0,0.0
2024-10-06,Sunday,40,2024,Weekends,3,Tampa,265,4305.6,16.25,48.1,54.6,45.4,51.9,88.0,63.1,0,0.0
2024-10-06,Sunday,40,2024,Weekends,2,Orlando,309,5363.85,17.36,48.1,54.6,45.4,51.9,88.0,63.1,0,0.0
2024-10-07,Monday,40,2024,Weekdays,2,Orlando,273,4712.12,17.26,44.0,52.8,47.2,56.0,89.0,72.2,0,0.0
2024-10-07,Monday,40,2024,Weekdays,1,Miami Beach,317,5953.32,18.78,44.0,52.8,47.2,56.0,89.0,72.2,0,0.0
2024-10-07,Monday,40,2024,Weekdays,3,Tampa,266,4419.45,16.61,44.0,52.8,47.2,56.0,89.0,72.2,0,0.0
2024-10-07,Monday,40,2024,Weekdays,4,Jacksonville,214,3546.35,16.57,44.0,52.8,47.2,56.0,89.0,72.2,0,0.0
2024-10-08,Tuesday,40,2024,Weekdays,3,Tampa,283,4889.52,17.28,46.2,52.3,47.7,53.8,90.1,72.9,0,0.0
2024-10-08,Tuesday,40,2024,Weekdays,4,Jacksonville,204,3302.48,16.19,46.2,52.3,47.7,53.8,90.1,72.9,0,0.0
2024-10-08,Tuesday,40,2024,Weekdays,2,Orlando,277,4783.9,17.27,46.2,52.3,47.7,53.8,90.1,72.9,0,0.0
2024-10-08,Tuesday,40,2024,Weekdays,1,Miami Beach,318,6164.25,19.38,46.2,52.3,47.7,53.8,90.1,72.9,0,0.0
2024-10-09,Wednesday,40,2024,Weekdays,4,Jacksonville,213,3238.89,15.21,43.4,53.2,46.8,56.6,86.9,69.4,0,0.0
2024-10-09,Wednesday,40,2024,Weekdays,1,Miami Beach,331,6019.84,18.19,43.4,53.2,46.8,56.6,86.9,69.4,0,0.0
2024-10-09,Wednesday,40,2024,Weekdays,3,Tampa,288,4927.16,17.11,43.4,53.2,46.8,56.6,86.9,69.4,0,0.0
2024-10-09,Wednesday,40,2024,Weekdays,2,Orlando,253,3857.26,15.25,43.4,53.2,46.8,56.6,86.9,69.4,0,0.0
2024-10-10,Thursday,40,2024,Weekdays,1,Miami Beach,327,6085.93,18.61,44.7,54.6,45.4,55.3,87.9,73.2,1,0.08
2024-10-10,Thursday,40,2024,Weekdays,3,Tampa,276,4445.68,16.11,44.7,54.6,45.4,55.3,87.9,73.2,1,0.08
2024-10-10,Thursday,40,2024,Weekdays,4,Jacksonville,238,3819.84,16.05,44.7,54.6,45.4,55.3,87.9,73.2,1,0.08
2024-10-10,Thursday,40,2024,Weekdays,2,Orlando,257,4716.83,18.35,44.7,54.6,45.4,55.3,87.9,73.2,1,0.08
2024-10-11,Friday,40,2024,Weekdays,4,Jacksonville,193,2851.83,14.78,43.2,54.7,45.3,56.8,83.1,80.3,0,0.0
2024-10-11,Friday,40,2024,Weekdays,2,Orlando,224,4056.25,18.11,43.2,54.7,45.3,56.8,83.1,80.3,0,0.0
2024-10-11,Friday,40,2024,Weekdays,3,Tampa,225,3177.06,14.12,43.2,54.7,45.3,56.8,83.1,80.3,0,0.0
2024-10-11,Friday,40,2024,Weekdays,1,Miami Beach,279,5163.05,18.51,43.2,54.7,45.3,56.8,83.1,80.3,0,0.0
2024-10-12,Saturday,40,2024,Weekends,1,Miami Beach,364,6686.99,18.37,49.4,54.7,45.3,50.6,87.8,78.8,0,0.0
2024-10-12,Saturday,40,2024,Weekends,4,Jacksonville,229,3541.23,15.46,49.4,54.7,45.3,50.6,87.8,78.8,0,0.0
2024-10-12,Saturday,40,2024,Weekends,2,Orlando,287,4767.51,16.61,49.4,54.7,45.3,50.6,87.8,78.8,0,0.0
2024-10-12,Saturday,40,2024,Weekends,3,Tampa,287,4963.57,17.29,49.4,54.7,45.3,50.6,87.8,78.8,0,0.0
2024-10-13,Sunday,41,2024,Weekends,3,Tampa,300,4857.87,16.19,50.3,55.8,44.2,49.7,87.7,71.8,0,0.0
2024-10-13,Sunday,41,2024,Weekends,2,Orlando,291,4969.17,17.08,50.3,55.8,44.2,49.7,87.7,71.8,0,0.0
2024-10-13,Sunday,41,2024,Weekends,4,Jacksonville,226,3490.94,15.45,50.3,55.8,44.2,49.7,87.7,71.8,0,0.0
2024-10-13,Sunday,41,2024,Weekends,1,Miami Beach,356,6008.56,16.88,50.3,55.8,44.2,49.7,87.7,71.8,0,0.0
2024-10-14,Monday,41,2024,Weekdays,3,Tampa,256,3934.41,15.37,42.6,53.3,46.7,57.4,86.3,63.6,0,0.0
2024-10-14,Monday,41,2024,Weekdays,1,Miami Beach,284,4922.3,17.33,42.6,53.3,46.7,57.4,86.3,63.6,0,0.0
2024-10-14,Monday,41,2024,Weekdays,4,Jacksonville,227,3594.81,15.84,42.6,53.3,46.7,57.4,86.3,63.6,0,0.0
2024-10-14,Monday,41,2024,Weekdays,2,Orlando,281,4695.72,16.71,42.6,53.3,46.7,57.4,86.3,63.6,0,0.0
2024-10-15,Tuesday,41,2024,Weekdays,4,Jacksonville,241,4091.29,16.98,44.4,54.5,45.5,55.6,88.5,63.3,0,0.0
2024-10-15,Tuesday,41,2024,Weekdays,2,Orlando,301,5471.69,18.18,44.4,54.5,45.5,55.6,88.5,63.3,0,0.0
2024-10-15,Tuesday,41,2024,Weekdays,3,Tampa,250,4218.37,16.87,44.4,54.5,45.5,55.6,88.5,63.3,0,0.0
2024-10-15,Tuesday,41,2024,Weekdays,1,Miami Beach,315,5944.26,18.87,44.4,54.5,45.5,55.6,88.5,63.3,0,0.0
2024-10-16,Wednesday,41,2024,Weekdays,1,Miami Beach,366,6279.03,17.16,45.2,54.7,45.3,54.8,96.1,68.9,0,0.0
2024-10-16,Wednesday,41,2024,Weekdays,2,Orlando,309,5226.99,16.92,45.2,54.7,45.3,54.8,96.1,68.9,0,0.0
2024-10-16,Wednesday,41,2024,Weekdays,3,Tampa,263,4615.21,17.55,45.2,54.7,45.3,54.8,96.1,68.9,0,0.0
2024-10-16,Wednesday,41,2024,Weekdays,4,Jacksonville,264,4280.9,16.22,45.2,54.7,45.3,54.8,96.1,68.9,0,0.0
2024-10-17,Thursday,41,2024,Weekdays,3,Tampa,257,4572.22,17.79,43.5,54.3,45.7,56.5,88.8,70.0,0,0.0
2024-10-17,Thursday,41,2024,Weekdays,4,Jacksonville,234,3683.26,15.74,43.5,54.3,45.7,56.5,88.8,70.0,0,0.0
2024-10-17,Thursday,41,2024,Weekdays,1,Miami Beach,308,5809.35,18.86,43.5,54.3,45.7,56.5,88.8,70.0,0,0.0
2024-10-17,Thursday,41,2024,Weekdays,2,Orlando,282,4919.2,17.44,43.5,54.3,45.7,56.5,88.8,70.0,0,0.0
2024-10-18,Friday,41,2024,Weekdays,4,Jacksonville,233,3837.42,16.47,43.9,53.7,46.3,56.1,89.4,78.4,0,0.0
2024-10-18,Friday,41,2024,Weekdays,3,Tampa,278,4767.14,17.15,43.9,53.7,46.3,56.1,89.4,78.4,0,0.0
2024-10-18,Friday,41,2024,Weekdays,2,Orlando,283,4886.07,17.27,43.9,53.7,46.3,56.1,89.4,78.4,0,0.0
2024-10-18,Friday,41,2024,Weekdays,1,Miami Beach,327,6257.16,19.14,43.9,53.7,46.3,56.1,89.4,78.4,0,0.0
2024-10-19,Saturday,41,2024,Weekends,4,Jacksonville,244,3868.96,15.86,50.7,53.5,46.5,49.3,88.6,69.6,0,0.0
2024-10-19,Saturday,41,2024,Weekends,1,Miami Beach,350,6283.84,17.95,50.7,53.5,46.5,49.3,88.6,69.6,0,0.0
2024-10-19,Saturday,41,2024,Weekends,2,Orlando,280,4854.7,17.34,50.7,53.5,46.5,49.3,88.6,69.6,0,0.0
2024-10-19,Saturday,41,2024,Weekends,3,Tampa,274,4443.2,16.22,50.7,53.5,46.5,49.3,88.6,69.6,0,0.0
2024-10-20,Sunday,42,2024,Weekends,2,Orlando,296,5443.59,18.39,51.6,53.8,46.2,48.4,87.6,75.0,0,0.0
2024-10-20,Sunday,42,2024,Weekends,1,Miami Beach,353,6887.8,19.51,51.6,53.8,46.2,48.4,87.6,75.0,0,0.0
2024-10-20,Sunday,42,2024,Weekends,3,Tampa,306,4788.2,15.65,51.6,53.8,46.2,48.4,87.6,75.0,0,0.0
2024-10-20,Sunday,42,2024,Weekends,4,Jacksonville,256,3761.86,14.69,51.6,53.8,46.2,48.4,87.6,75.0,0,0.0
2024-10-21,Monday,42,2024,Weekdays,1,Miami Beach,332,6459.94,19.46,43.3,55.6,44.4,56.7,87.5,63.4,0,0.0
2024-10-21,Monday,42,2024,Weekdays,4,Jacksonville,235,3484.11,14.83,43.3,55.6,44.4,56.7,87.5,63.4,0,0.0
2024-10-21,Monday,42,2024,Weekdays,3,Tampa,270,4514.95,16.72,43.3,55.6,44.4,56.7,87.5,63.4,0,0.0
2024-10-21,Monday,42,2024,Weekdays,2,Orlando,265,4442.86,16.77,43.3,55.6,44.4,56.7,87.5,63.4,0,0.0
2024-10-22,Tuesday,42,2024,Weekdays,2,Orlando,295,5203.54,17.64,43.5,53.8,46.2,56.5,86.0,59.2,0,0.0
2024-10-22,Tuesday,42,2024,Weekdays,1,Miami Beach,301,6076.39,20.19,43.5,53.8,46.2,56.5,86.0,59.2,0,0.0
2024-10-22,Tuesday,42,2024,Weekdays,4,Jacksonville,215,3430.67,15.96,43.5,53.8,46.2,56.5,86.0,59.2,0,0.0
2024-10-22,Tuesday,42,2024,Weekdays,3,Tampa,235,3968.27,16.89,43.5,53.8,46.2,56.5,86.0,59.2,0,0.0
2024-10-23,Wednesday,42,2024,Weekdays,4,Jacksonville,224,3726.19,16.63,45.2,53.1,46.9,54.8,90.4,70.4,1,0.52
2024-10-23,Wednesday,42,2024,Weekdays,1,Miami Beach,328,5823.5,17.75,45.2,53.1,46.9,54.8,90.4,70.4,1,0.52
2024-10-23,Wednesday,42,2024,Weekdays,2,Orlando,311,5459.35,17.55,45.2,53.1,46.9,54.8,90.4,70.4,1,0.52
2024-10-23,Wednesday,42,2024,Weekdays,3,Tampa,264,4609.94,17.46,45.2,53.1,46.9,54.8,90.4,70.4,1,0.52
2024-10-24,Thursday,42,2024,Weekdays,1,Miami Beach,290,5206.39,17.95,44.0,52.6,47.4,56.0,88.1,66.2,0,0.0
2024-10-24,Thursday,42,2024,Weekdays,2,Orlando,239,3779.43,15.81,44.0,52.6,47.4,56.0,88.1,66.2,0,0.0
2024-10-24,Thursday,42,2024,Weekdays,3,Tampa,265,4630.91,17.48,44.0,52.6,47.4,56.0,88.1,66.2,0,0.0
2024-10-24,Thursday,42,2024,Weekdays,4,Jacksonville,246,3934.19,15.99,44.0,52.6,47.4,56.0,88.1,66.2,0,0.0
2024-10-25,Friday,42,2024,Weekdays,4,Jacksonville,254,4014.75,15.81,43.4,54.6,45.4,56.6,87.7,67.1,0,0.0
2024-10-25,Friday,42,2024,Weekdays,2,Orlando,242,4116.14,17.01,43.4,54.6,45.4,56.6,87.7,67.1,0,0.0
2024-10-25,Friday,42,2024,Weekdays,3,Tampa,265,4526.02,17.08,43.4,54.6,45.4,56.6,87.7,67.1,0,0.0
2024-10-25,Friday,42,2024,Weekdays,1,Miami Beach,347,6848.19,19.74,43.4,54.6,45.4,56.6,87.7,67.1,0,0.0
2024-10-26,Saturday,42,2024,Weekends,1,Miami Beach,325,6186.46,19.04,50.9,53.6,46.4,49.1,82.8,69.8,0,0.0
2024-10-26,Saturday,42,2024,Weekends,2,Orlando,289,5431.81,18.8,50.9,53.6,46.4,49.1,82.8,69.8,0,0.0
2024-10-26,Saturday,42,2024,Weekends,4,Jacksonville,248,4342.19,17.51,50.9,53.6,46.4,49.1,82.8,69.8,0,0.0
2024-10-26,Saturday,42,2024,Weekends,3,Tampa,243,4180.43,17.2,50.9,53.6,46.4,49.1,82.8,69.8,0,0.0
2024-10-27,Sunday,43,2024,Weekends,2,Orlando,283,4782.54,16.9,48.8,54.9,45.1,51.2,85.7,65.1,1,0.14
2024-10-27,Sunday,43,2024,Weekends,1,Miami Beach,368,6915.67,18.79,48.8,54.9,45.1,51.2,85.7,65.1,1,0.14
2024-10-27,Sunday,43,2024,Weekends,4,Jacksonville,250,3625.22,14.5,48.8,54.9,45.1,51.2,85.7,65.1,1,0.14
2024-10-27,Sunday,43,2024,Weekends,3,Tampa,307,4897.85,15.95,48.8,54.9,45.1,51.2,85.7,65.1,1,0.14
2024-10-28,Monday,43,2024,Weekdays,4,Jacksonville,205,3119.47,15.22,45.3,55.4,44.6,54.7,87.5,66.3,0,0.0
2024-10-28,Monday,43,2024,Weekdays,3,Tampa,257,3972.98,15.46,45.3,55.4,44.6,54.7,87.5,66.3,0,0.0
2024-10-28,Monday,43,2024,Weekdays,1,Miami Beach,305,5172.23,16.96,45.3,55.4,44.6,54.7,87.5,66.3,0,0.0
2024-10-28,Monday,43,2024,Weekdays,2,Orlando,268,4612.08,17.21,45.3,55.4,44.6,54.7,87.5,66.3,0,0.0
2024-10-29,Tuesday,43,2024,Weekdays,3,Tampa,253,3647.07,14.42,45.0,53.2,46.8,55.0,90.1,61.6,0,0.0
2024-10-29,Tuesday,43,2024,Weekdays,1,Miami Beach,320,5286.88,16.52,45.0,53.2,46.8,55.0,90.1,61.6,0,0.0
2024-10-29,Tuesday,43,2024,Weekdays,2,Orlando,256,4244.53,16.58,45.0,53.2,46.8,55.0,90.1,61.6,0,0.0
2024-10-29,Tuesday,43,2024,Weekdays,4,Jacksonville,268,3897.11,14.54,45.0,53.2,46.8,55.0,90.1,61.6,0,0.0
2024-10-30,Wednesday,43,2024,Weekdays,2,Orlando,258,4386.4,17.0,42.7,53.4,46.6,57.3,83.3,66.0,1,1.25
2024-10-30,Wednesday,43,2024,Weekdays,1,Miami Beach,285,5184.08,18.19,42.7,53.4,46.6,57.3,83.3,66.0,1,1.25
2024-10-30,Wednesday,43,2024,Weekdays,3,Tampa,247,4144.3,16.78,42.7,53.4,46.6,57.3,83.3,66.0,1,1.25
2024-10-30,Wednesday,43,2024,Weekdays,4,Jacksonville,179,2911.85,16.27,42.7,53.4,46.6,57.3,83.3,66.0,1,1.25
2024-10-31,Thursday,43,2024,Weekdays,1,Miami Beach,322,5821.66,18.08,44.6,55.4,44.6,55.4,86.7,64.2,0,0.0
2024-10-31,Thursday,43,2024,Weekdays,2,Orlando,233,4222.28,18.12,44.6,55.4,44.6,55.4,86.7,64.2,0,0.0
2024-10-31,Thursday,43,2024,Weekdays,3,Tampa,256,4183.53,16.34,44.6,55.4,44.6,55.4,86.7,64.2,0,0.0
2024-10-31,Thursday,43,2024,Weekdays,4,Jacksonville,237,3883.98,16.39,44.6,55.4,44.6,55.4,86.7,64.2,0,0.0
2024-11-01,Friday,43,2024,Weekdays,2,Orlando,260,4254.23,16.36,43.9,53.6,46.4,56.1,86.6,73.6,1,0.78
2024-11-01,Friday,43,2024,Weekdays,3,Tampa,259,3956.05,15.27,43.9,53.6,46.4,56.1,86.6,73.6,1,0.78
2024-11-01,Friday,43,2024,Weekdays,4,Jacksonville,178,2925.46,16.44,43.9,53.6,46.4,56.1,86.6,73.6,1,0.78
2024-11-01,Friday,43,2024,Weekdays,1,Miami Beach,297,5489.92,18.48,43.9,53.6,46.4,56.1,86.6,73.6,1,0.78
2024-11-02,Saturday,43,2024,Weekends,4,Jacksonville,243,3886.57,15.99,49.0,53.7,46.3,51.0,87.6,62.2,0,0.0
2024-11-02,Saturday,43,2024,Weekends,3,Tampa,289,4960.48,17.16,49.0,53.7,46.3,51.0,87.6,62.2,0,0.0
2024-11-02,Saturday,43,2024,Weekends,2,Orlando,304,5516.86,18.15,49.0,53.7,46.3,51.0,87.6,62.2,0,0.0
2024-11-02,Saturday,43,2024,Weekends,1,Miami Beach,358,6841.69,19.11,49.0,53.7,46.3,51.0,87.6,62.2,0,0.0
2024-11-03,Sunday,44,2024,Weekends,4,Jacksonville,234,3508.02,14.99,50.2,54.2,45.8,49.8,91.9,66.3,0,0.0
2024-11-03,Sunday,44,2024,Weekends,1,Miami Beach,367,7085.98,19.31,50.2,54.2,45.8,49.8,91.9,66.3,0,0.0
2024-11-03,Sunday,44,2024,Weekends,2,Orlando,316,5360.27,16.96,50.2,54.2,45.8,49.8,91.9,66.3,0,0.0
2024-11-03,Sunday,44,2024,Weekends,3,Tampa,283,4602.19,16.26,50.2,54.2,45.8,49.8,91.9,66.3,0,0.0
2024-11-04,Monday,44,2024,Weekdays,2,Orlando,252,4252.24,16.87,44.3,52.9,47.1,55.7,83.3,72.0,0,0.0
2024-11-04,Monday,44,2024,Weekdays,3,Tampa,220,3597.4,16.35,44.3,52.9,47.1,55.7,83.3,72.0,0,0.0
2024-11-04,Monday,44,2024,Weekdays,1,Miami Beach,287,5066.49,17.65,44.3,52.9,47.1,55.7,83.3,72.0,0,0.0
2024-11-04,Monday,44,2024,Weekdays,4,Jacksonville,223,3627.73,16.27,44.3,52.9,47.1,55.7,83.3,72.0,0,0.0
2024-11-05,Tuesday,44,2024,Weekdays,2,Orlando,226,3860.56,17.08,43.6,53.3,46.7,56.4,83.1,65.8,1,0.79
2024-11-05,Tuesday,44,2024,Weekdays,1,Miami Beach,269,4688.99,17.43,43.6,53.3,46.7,56.4,83.1,65.8,1,0.79
2024-11-05,Tuesday,44,2024,Weekdays,3,Tampa,241,4183.96,17.36,43.6,53.3,46.7,56.4,83.1,65.8,1,0.79
2024-11-05,Tuesday,44,2024,Weekdays,4,Jacksonville,220,3288.58,14.95,43.6,53.3,46.7,56.4,83.1,65.8,1,0.79
2024-11-06,Wednesday,44,2024,Weekdays,4,Jacksonville,228,3351.66,14.7,43.4,55.0,45.0,56.6,86.0,58.8,0,0.0
2024-11-06,Wednesday,44,2024,Weekdays,1,Miami Beach,292,5683.83,19.47,43.4,55.0,45.0,56.6,86.0,58.8,0,0.0
2024-11-06,Wednesday,44,2024,Weekdays,3,Tampa,240,4246.57,17.69,43.4,55.0,45.0,56.6,86.0,58.8,0,0.0
2024-11-06,Wednesday,44,2024,Weekdays,2,Orlando,248,4572.11,18.44,43.4,55.0,45.0,56.6,86.0,58.8,0,0.0
2024-11-07,Thursday,44,2024,Weekdays,2,Orlando,254,4257.42,16.76,41.0,54.4,45.6,59.0,83.8,61.6,1,1.64
2024-11-07,Thursday,44,2024,Weekdays,3,Tampa,222,3921.75,17.67,41.0,54.4,45.6,59.0,83.8,61.6,1,1.64
2024-11-07,Thursday,44,2024,Weekdays,1,Miami Beach,243,4410.57,18.15,41.0,54.4,45.6,59.0,83.8,61.6,1,1.64
2024-11-07,Thursday,44,2024,Weekdays,4,Jacksonville,209,3113.24,14.9,41.0,54.4,45.6,59.0,83.8,61.6,1,1.64
2024-11-08,Friday,44,2024,Weekdays,4,Jacksonville,172,2766.72,16.09,44.1,52.3,47.7,55.9,82.8,76.0,0,0.0
2024-11-08,Friday,44,2024,Weekdays,1,Miami Beach,285,5279.02,18.52,44.1,52.3,47.7,55.9,82.8,76.0,0,0.0
2024-11-08,Friday,44,2024,Weekdays,2,Orlando,209,3645.35,17.44,44.1,52.3,47.7,55.9,82.8,76.0,0,0.0
2024-11-08,Friday,44,2024,Weekdays,3,Tampa,269,4249.36,15.8,44.1,52.3,47.7,55.9,82.8,76.0,0,0.0
2024-11-09,Saturday,44,2024,Weekends,2,Orlando,287,4827.39,16.82,50.0,54.1,45.9,50.0,88.0,68.3,0,0.0
2024-11-09,Saturday,44,2024,Weekends,3,Tampa,295,4804.0,16.28,50.0,54.1,45.9,50.0,88.0,68.3,0,0.0
2024-11-09,Saturday,44,2024,Weekends,1,Miami Beach,326,6482.83,19.89,50.0,54.1,45.9,50.0,88.0,68.3,0,0.0
2024-11-09,Saturday,44,2024,Weekends,4,Jacksonville,262,4182.63,15.96,50.0,54.1,45.9,50.0,88.0,68.3,0,0.0
2024-11-10,Sunday,45,2024,Weekends,2,Orlando,283,5052.62,17.85,49.7,54.8,45.2,50.3,86.7,61.7,0,0.0
2024-11-10,Sunday,45,2024,Weekends,4,Jacksonville,226,3538.14,15.66,49.7,54.8,45.2,50.3,86.7,61.7,0,0.0
2024-11-10,Sunday,45,2024,Weekends,3,Tampa,263,4620.42,17.57,49.7,54.8,45.2,50.3,86.7,61.7,0,0.0
2024-11-10,Sunday,45,2024,Weekends,1,Miami Beach,371,6763.48,18.23,49.7,54.8,45.2,50.3,86.7,61.7,0,0.0
2024-11-11,Monday,45,2024,Weekdays,3,Tampa,251,4271.51,17.02,44.5,53.8,46.2,55.5,85.1,62.7,0,0.0
2024-11-11,Monday,45,2024,Weekdays,1,Miami Beach,335,5657.44,16.89,44.5,53.8,46.2,55.5,85.1,62.7,0,0.0
2024-11-11,Monday,45,2024,Weekdays,4,Jacksonville,225,3815.35,16.96,44.5,53.8,46.2,55.5,85.1,62.7,0,0.0
2024-11-11,Monday,45,2024,Weekdays,2,Orlando,257,4410.56,17.16,44.5,53.8,46.2,55.5,85.1,62.7,0,0.0
2024-11-12,Tuesday,45,2024,Weekdays,1,Miami Beach,280,5334.11,19.05,43.5,53.5,46.5,56.5,84.9,66.3,0,0.0
2024-11-12,Tuesday,45,2024,Weekdays,3,Tampa,265,4390.56,16.57,43.5,53.5,46.5,56.5,84.9,66.3,0,0.0
2024-11-12,Tuesday,45,2024,Weekdays,4,Jacksonville,230,3527.8,15.34,43.5,53.5,46.5,56.5,84.9,66.3,0,0.0
2024-11-12,Tuesday,45,2024,Weekdays,2,Orlando,251,4410.85,17.57,43.5,53.5,46.5,56.5,84.9,66.3,0,0.0
2024-11-13,Wednesday,45,2024,Weekdays,3,Tampa,213,3134.19,14.71,43.3,53.8,46.2,56.7,85.9,62.0,0,0.0
2024-11-13,Wednesday,45,2024,Weekdays,1,Miami Beach,315,5927.78,18.82,43.3,53.8,46.2,56.7,85.9,62.0,0,0.0
2024-11-13,Wednesday,45,2024,Weekdays,4,Jacksonville,207,3519.92,17.0,43.3,53.8,46.2,56.7,85.9,62.0,0,0.0
2024-11-13,Wednesday,45,2024,Weekdays,2,Orlando,255,4324.05,16.96,43.3,53.8,46.2,56.7,85.9,62.0,0,0.0
2024-11-14,Thursday,45,2024,Weekdays,1,Miami Beach,259,4964.04,19.17,42.4,54.1,45.9,57.6,76.2,61.6,0,0.0
2024-11-14,Thursday,45,2024,Weekdays,3,Tampa,197,3296.08,16.73,42.4,54.1,45.9,57.6,76.2,61.6,0,0.0
2024-11-14,Thursday,45,2024,Weekdays,4,Jacksonville,216,3298.72,15.27,42.4,54.1,45.9,57.6,76.2,61.6,0,0.0
2024-11-14,Thursday,45,2024,Weekdays,2,Orlando,223,3703.24,16.61,42.4,54.1,45.9,57.6,76.2,61.6,0,0.0
2024-11-15,Friday,45,2024,Weekdays,3,Tampa,226,3727.27,16.49,45.0,52.8,47.2,55.0,77.6,59.7,0,0.0
2024-11-15,Friday,45,2024,Weekdays,1,Miami Beach,265,4929.91,18.6,45.0,52.8,47.2,55.0,77.6,59.7,0,0.0
2024-11-15,Friday,45,2024,Weekdays,4,Jacksonville,200,2733.75,13.67,45.0,52.8,47.2,55.0,77.6,59.7,0,0.0
2024-11-15,Friday,45,2024,Weekdays,2,Orlando,235,4026.68,17.13,45.0,52.8,47.2,55.0,77.6,59.7,0,0.0
2024-11-16,Saturday,45,2024,Weekends,2,Orlando,346,5847.33,16.9,49.0,52.7,47.3,51.0,88.2,59.8,0,0.0
2024-11-16,Saturday,45,2024,Weekends,3,Tampa,286,4236.4,14.81,49.0,52.7,47.3,51.0,88.2,59.8,0,0.0
2024-11-16,Saturday,45,2024,Weekends,1,Miami Beach,349,6475.56,18.55,49.0,52.7,47.3,51.0,88.2,59.8,0,0.0
2024-11-16,Saturday,45,2024,Weekends,4,Jacksonville,256,3753.53,14.66,49.0,52.7,47.3,51.0,88.2,59.8,0,0.0
2024-11-17,Sunday,46,2024,Weekends,4,Jacksonville,235,3515.25,14.96,50.2,54.4,45.6,49.8,86.1,56.6,1,2.02
2024-11-17,Sunday,46,2024,Weekends,3,Tampa,280,4428.24,15.82,50.2,54.4,45.6,49.8,86.1,56.6,1,2.02
2024-11-17,Sunday,46,2024,Weekends,1,Miami Beach,313,6034.34,19.28,50.2,54.4,45.6,49.8,86.1,56.6,1,2.02
2024-11-17,Sunday,46,2024,Weekends,2,Orlando,282,4801.15,17.03,50.2,54.4,45.6,49.8,86.1,56.6,1,2.02
2024-11-18,Monday,46,2024,Weekdays,4,Jacksonville,221,3221.39,14.58,44.5,53.8,46.2,55.5,81.1,58.6,0,0.0
2024-11-18,Monday,46,2024,Weekdays,2,Orlando,269,4235.02,15.74,44.5,53.8,46.2,55.5,81.1,58.6,0,0.0
2024-11-18,Monday,46,2024,Weekdays,1,Miami Beach,281,5312.43,18.91,44.5,53.8,46.2,55.5,81.1,58.6,0,0.0
2024-11-18,Monday,46,2024,Weekdays,3,Tampa,194,3010.88,15.52,44.5,53.8,46.2,55.5,81.1,58.6,0,0.0
2024-11-19,Tuesday,46,2024,Weekdays,2,Orlando,269,4462.7,16.59,43.5,54.5,45.5,56.5,82.6,58.3,0,0.0
2024-11-19,Tuesday,46,2024,Weekdays,1,Miami Beach,249,4507.71,18.1,43.5,54.5,45.5,56.5,82.6,58.3,0,0.0
2024-11-19,Tuesday,46,2024,Weekdays,4,Jacksonville,227,3526.62,15.54,43.5,54.5,45.5,56.5,82.6,58.3,0,0.0
2024-11-19,Tuesday,46,2024,Weekdays,3,Tampa,222,3676.97,16.56,43.5,54.5,45.5,56.5,82.6,58.3,0,0.0
2024-11-20,Wednesday,46,2024,Weekdays,2,Orlando,300,5404.32,18.01,43.8,53.3,46.7,56.2,85.9,67.4,0,0.0
2024-11-20,Wednesday,46,2024,Weekdays,4,Jacksonville,233,3734.02,16.03,43.8,53.3,46.7,56.2,85.9,67.4,0,0.0
2024-11-20,Wednesday,46,2024,Weekdays,3,Tampa,269,4546.46,16.9,43.8,53.3,46.7,56.2,85.9,67.4,0,0.0
2024-11-20,Wednesday,46,2024,Weekdays,1,Miami Beach,307,6541.73,21.31,43.8,53.3,46.7,56.2,85.9,67.4,0,0.0
2024-11-21,Thursday,46,2024,Weekdays,1,Miami Beach,251,4042.17,16.1,44.5,53.1,46.9,55.5,82.3,60.6,0,0.0
2024-11-21,Thursday,46,2024,Weekdays,2,Orlando,244,4048.83,16.59,44.5,53.1,46.9,55.5,82.3,60.6,0,0.0
2024-11-21,Thursday,46,2024,Weekdays,3,Tampa,251,4494.05,17.9,44.5,53.1,46.9,55.5,82.3,60.6,0,0.0
2024-11-21,Thursday,46,2024,Weekdays,4,Jacksonville,198,3155.35,15.94,44.5,53.1,46.9,55.5,82.3,60.6,0,0.0
2024-11-22,Friday,46,2024,Weekdays,1,Miami Beach,263,5192.75,19.74,43.8,54.0,46.0,56.2,77.4,67.0,0,0.0
2024-11-22,Friday,46,2024,Weekdays,2,Orlando,239,4065.61,17.01,43.8,54.0,46.0,56.2,77.4,67.0,0,0.0
2024-11-22,Friday,46,2024,Weekdays,3,Tampa,212,3421.48,16.14,43.8,54.0,46.0,56.2,77.4,67.0,0,0.0
2024-11-22,Friday,46,2024,Weekdays,4,Jacksonville,174,2676.17,15.38,43.8,54.0,46.0,56.2,77.4,67.0,0,0.0
2024-11-23,Saturday,46,2024,Weekends,1,Miami Beach,312,5787.21,18.55,52.0,52.8,47.2,48.0,78.7,65.5,0,0.0
2024-11-23,Saturday,46,2024,Weekends,2,Orlando,223,4032.74,18.08,52.0,52.8,47.2,48.0,78.7,65.5,0,0.0
2024-11-23,Saturday,46,2024,Weekends,3,Tampa,292,4843.98,16.59,52.0,52.8,47.2,48.0,78.7,65.5,0,0.0
2024-11-23,Saturday,46,2024,Weekends,4,Jacksonville,242,4151.97,17.16,52.0,52.8,47.2,48.0,78.7,65.5,0,0.0
2024-11-24,Sunday,47,2024,Weekends,2,Orlando,293,4711.5,16.08,50.7,52.1,47.9,49.3,84.5,62.6,0,0.0
2024-11-24,Sunday,47,2024,Weekends,3,Tampa,252,4339.32,17.22,50.7,52.1,47.9,49.3,84.5,62.6,0,0.0
2024-11-24,Sunday,47,2024,Weekends,4,Jacksonville,250,4110.51,16.44,50.7,52.1,47.9,49.3,84.5,62.6,0,0.0
2024-11-24,Sunday,47,2024,Weekends,1,Miami Beach,358,6683.13,18.67,50.7,52.1,47.9,49.3,84.5,62.6,0,0.0
2024-11-25,Monday,47,2024,Weekdays,4,Jacksonville,190,2757.07,14.51,43.4,52.6,47.4,56.6,83.9,56.8,0,0.0
2024-11-25,Monday,47,2024,Weekdays,2,Orlando,261,4504.7,17.26,43.4,52.6,47.4,56.6,83.9,56.8,0,0.0
2024-11-25,Monday,47,2024,Weekdays,1,Miami Beach,317,5572.05,17.58,43.4,52.6,47.4,56.6,83.9,56.8,0,0.0
2024-11-25,Monday,47,2024,Weekdays,3,Tampa,210,3601.71,17.15,43.4,52.6,47.4,56.6,83.9,56.8,0,0.0
2024-11-26,Tuesday,47,2024,Weekdays,3,Tampa,253,4426.83,17.5,42.4,52.0,48.0,57.6,84.8,59.0,1,0.74
2024-11-26,Tuesday,47,2024,Weekdays,2,Orlando,238,3921.99,16.48,42.4,52.0,48.0,57.6,84.8,59.0,1,0.74
2024-11-26,Tuesday,47,2024,Weekdays,1,Miami Beach,289,5430.77,18.79,42.4,52.0,48.0,57.6,84.8,59.0,1,0.74
2024-11-26,Tuesday,47,2024,Weekdays,4,Jacksonville,223,3549.07,15.92,42.4,52.0,48.0,57.6,84.8,59.0,1,0.74
2024-11-27,Wednesday,47,2024,Weekdays,2,Orlando,304,4971.09,16.35,45.0,52.1,47.9,55.0,92.3,61.9,0,0.0
2024-11-27,Wednesday,47,2024,Weekdays,1,Miami Beach,354,6500.75,18.36,45.0,52.1,47.9,55.0,92.3,61.9,0,0.0
2024-11-27,Wednesday,47,2024,Weekdays,4,Jacksonville,243,4139.92,17.04,45.0,52.1,47.9,55.0,92.3,61.9,0,0.0
2024-11-27,Wednesday,47,2024,Weekdays,3,Tampa,292,4647.17,15.91,45.0,52.1,47.9,55.0,92.3,61.9,0,0.0
2024-11-28,Thursday,47,2024,Weekdays,2,Orlando,175,3064.63,17.51,43.1,51.7,48.3,56.9,77.3,56.7,0,0.0
2024-11-28,Thursday,47,2024,Weekdays,1,Miami Beach,234,4346.63,18.58,43.1,51.7,48.3,56.9,77.3,56.7,0,0.0
2024-11-28,Thursday,47,2024,Weekdays,4,Jacksonville,186,2949.49,15.86,43.1,51.7,48.3,56.9,77.3,56.7,0,0.0
2024-11-28,Thursday,47,2024,Weekdays,3,Tampa,214,3296.53,15.4,43.1,51.7,48.3,56.9,77.3,56.7,0,0.0
2024-11-29,Friday,47,2024,Weekdays,4,Jacksonville,181,3029.73,16.74,43.7,51.2,48.8,56.3,82.8,67.9,0,0.0
2024-11-29,Friday,47,2024,Weekdays,3,Tampa,199,3544.72,17.81,43.7,51.2,48.8,56.3,82.8,67.9,0,0.0
2024-11-29,Friday,47,2024,Weekdays,2,Orlando,213,3749.47,17.6,43.7,51.2,48.8,56.3,82.8,67.9,0,0.0
2024-11-29,Friday,47,2024,Weekdays,1,Miami Beach,311,5216.41,16.77,43.7,51.2,48.8,56.3,82.8,67.9,0,0.0
2024-11-30,Saturday,47,2024,Weekends,2,Orlando,284,4978.23,17.53,50.4,52.4,47.6,49.6,81.4,57.2,0,0.0
2024-11-30,Saturday,47,2024,Weekends,3,Tampa,269,4404.9,16.38,50.4,52.4,47.6,49.6,81.4,57.2,0,0.0
2024-11-30,Saturday,47,2024,Weekends,4,Jacksonville,251,3912.49,15.59,50.4,52.4,47.6,49.6,81.4,57.2,0,0.0
2024-11-30,Saturday,47,2024,Weekends,1,Miami Beach,309,5701.18,18.45,50.4,52.4,47.6,49.6,81.4,57.2,0,0.0
2024-12-01,Sunday,48,2024,Weekends,3,Tampa,252,3663.65,14.54,50.0,51.5,48.5,50.0,80.5,57.8,0,0.0
2024-12-01,Sunday,48,2024,Weekends,4,Jacksonville,235,3723.93,15.85,50.0,51.5,48.5,50.0,80.5,57.8,0,0.0
2024-12-01,Sunday,48,2024,Weekends,1,Miami Beach,322,5722.67,17.77,50.0,51.5,48.5,50.0,80.5,57.8,0,0.0
2024-12-01,Sunday,48,2024,Weekends,2,Orlando,269,4082.95,15.18,50.0,51.5,48.5,50.0,80.5,57.8,0,0.0
2024-12-02,Monday,48,2024,Weekdays,2,Orlando,243,4125.14,16.98,45.5,52.0,48.0,54.5,83.8,60.4,0,0.0
2024-12-02,Monday,48,2024,Weekdays,4,Jacksonville,235,3835.02,16.32,45.5,52.0,48.0,54.5,83.8,60.4,0,0.0
2024-12-02,Monday,48,2024,Weekdays,1,Miami Beach,292,5518.59,18.9,45.5,52.0,48.0,54.5,83.8,60.4,0,0.0
2024-12-02,Monday,48,2024,Weekdays,3,Tampa,229,3513.89,15.34,45.5,52.0,48.0,54.5,83.8,60.4,0,0.0
2024-12-03,Tuesday,48,2024,Weekdays,3,Tampa,254,4695.56,18.49,43.3,54.2,45.8,56.7,82.8,68.4,1,0.22
2024-12-03,Tuesday,48,2024,Weekdays,4,Jacksonville,200,2903.98,14.52,43.3,54.2,45.8,56.7,82.8,68.4,1,0.22
2024-12-03,Tuesday,48,2024,Weekdays,2,Orlando,245,4087.05,16.68,43.3,54.2,45.8,56.7,82.8,68.4,1,0.22
2024-12-03,Tuesday,48,2024,Weekdays,1,Miami Beach,281,5196.77,18.49,43.3,54.2,45.8,56.7,82.8,68.4,1,0.22
2024-12-04,Wednesday,48,2024,Weekdays,2,Orlando,217,3702.75,17.06,44.9,51.6,48.4,55.1,83.7,50.0,1,1.73
2024-12-04,Wednesday,48,2024,Weekdays,4,Jacksonville,191,3143.49,16.46,44.9,51.6,48.4,55.1,83.7,50.0,1,1.73
2024-12-04,Wednesday,48,2024,Weekdays,3,Tampa,229,3590.07,15.68,44.9,51.6,48.4,55.1,83.7,50.0,1,1.73
2024-12-04,Wednesday,48,2024,Weekdays,1,Miami Beach,263,5080.14,19.32,44.9,51.6,48.4,55.1,83.7,50.0,1,1.73
2024-12-05,Thursday,48,2024,Weekdays,3,Tampa,221,3556.27,16.09,44.7,51.5,48.5,55.3,77.5,56.5,0,0.0
2024-12-05,Thursday,48,2024,Weekdays,4,Jacksonville,198,3172.05,16.02,44.7,51.5,48.5,55.3,77.5,56.5,0,0.0
2024-12-05,Thursday,48,2024,Weekdays,2,Orlando,223,3786.1,16.98,44.7,51.5,48.5,55.3,77.5,56.5,0,0.0
2024-12-05,Thursday,48,2024,Weekdays,1,Miami Beach,257,5164.44,20.1,44.7,51.5,48.5,55.3,77.5,56.5,0,0.0
2024-12-06,Friday,48,2024,Weekdays,4,Jacksonville,167,2456.38,14.71,44.4,53.0,47.0,55.6,79.9,56.4,1,0.02
2024-12-06,Friday,48,2024,Weekdays,2,Orlando,224,3924.62,17.52,44.4,53.0,47.0,55.6,79.9,56.4,1,0.02
2024-12-06,Friday,48,2024,Weekdays,3,Tampa,212,3449.15,16.27,44.4,53.0,47.0,55.6,79.9,56.4,1,0.02
2024-12-06,Friday,48,2024,Weekdays,1,Miami Beach,268,5294.07,19.75,44.4,53.0,47.0,55.6,79.9,56.4,1,0.02
2024-12-07,Saturday,48,2024,Weekends,4,Jacksonville,230,3289.28,14.3,50.3,52.9,47.1,49.7,74.6,52.0,1,0.86
2024-12-07,Saturday,48,2024,Weekends,2,Orlando,222,3678.16,16.57,50.3,52.9,47.1,49.7,74.6,52.0,1,0.86
2024-12-07,Saturday,48,2024,Weekends,3,Tampa,209,3648.02,17.45,50.3,52.9,47.1,49.7,74.6,52.0,1,0.86
2024-12-07,Saturday,48,2024,Weekends,1,Miami Beach,271,4707.1,17.37,50.3,52.9,47.1,49.7,74.6,52.0,1,0.86
2024-12-08,Sunday,49,2024,Weekends,4,Jacksonville,217,3414.91,15.74,52.5,52.0,48.0,47.5,73.2,57.6,0,0.0
2024-12-08,Sunday,49,2024,Weekends,1,Miami Beach,259,4860.08,18.76,52.5,52.0,48.0,47.5,73.2,57.6,0,0.0
2024-12-08,Sunday,49,2024,Weekends,3,Tampa,206,3326.34,16.15,52.5,52.0,48.0,47.5,73.2,57.6,0,0.0
2024-12-08,Sunday,49,2024,Weekends,2,Orlando,236,4235.02,17.95,52.5,52.0,48.0,47.5,73.2,57.6,0,0.0
2024-12-09,Monday,49,2024,Weekdays,1,Miami Beach,300,5657.21,18.86,43.9,51.3,48.7,56.1,83.7,56.6,0,0.0
2024-12-09,Monday,49,2024,Weekdays,3,Tampa,242,4342.34,17.94,43.9,51.3,48.7,56.1,83.7,56.6,0,0.0
2024-12-09,Monday,49,2024,Weekdays,2,Orlando,253,4271.69,16.88,43.9,51.3,48.7,56.1,83.7,56.6,0,0.0
2024-12-09,Monday,49,2024,Weekdays,4,Jacksonville,213,3153.48,14.81,43.9,51.3,48.7,56.1,83.7,56.6,0,0.0
2024-12-10,Tuesday,49,2024,Weekdays,1,Miami Beach,263,4785.08,18.19,45.6,52.6,47.4,54.4,74.7,59.1,0,0.0
2024-12-10,Tuesday,49,2024,Weekdays,2,Orlando,210,3527.59,16.8,45.6,52.6,47.4,54.4,74.7,59.1,0,0.0
2024-12-10,Tuesday,49,2024,Weekdays,3,Tampa,217,3660.51,16.87,45.6,52.6,47.4,54.4,74.7,59.1,0,0.0
2024-12-10,Tuesday,49,2024,Weekdays,4,Jacksonville,181,2958.83,16.35,45.6,52.6,47.4,54.4,74.7,59.1,0,0.0
2024-12-11,Wednesday,49,2024,Weekdays,4,Jacksonville,211,3174.62,15.05,42.4,51.2,48.8,57.6,78.9,49.3,0,0.0
2024-12-11,Wednesday,49,2024,Weekdays,2,Orlando,251,4344.44,17.31,42.4,51.2,48.8,57.6,78.9,49.3,0,0.0
2024-12-11,Wednesday,49,2024,Weekdays,1,Miami Beach,277,5032.93,18.17,42.4,51.2,48.8,57.6,78.9,49.3,0,0.0
2024-12-11,Wednesday,49,2024,Weekdays,3,Tampa,202,3730.7,18.47,42.4,51.2,48.8,57.6,78.9,49.3,0,0.0
2024-12-12,Thursday,49,2024,Weekdays,3,Tampa,177,2925.38,16.53,45.7,50.6,49.4,54.3,75.7,56.8,0,0.0
2024-12-12,Thursday,49,2024,Weekdays,2,Orlando,214,3429.5,16.03,45.7,50.6,49.4,54.3,75.7,56.8,0,0.0
2024-12-12,Thursday,49,2024,Weekdays,4,Jacksonville,213,3283.98,15.42,45.7,50.6,49.4,54.3,75.7,56.8,0,0.0
2024-12-12,Thursday,49,2024,Weekdays,1,Miami Beach,256,5247.37,20.5,45.7,50.6,49.4,54.3,75.7,56.8,0,0.0
2024-12-13,Friday,49,2024,Weekdays,1,Miami Beach,231,4405.23,19.07,46.0,50.3,49.7,54.0,72.1,54.4,0,0.0
2024-12-13,Friday,49,2024,Weekdays,4,Jacksonville,188,2828.17,15.04,46.0,50.3,49.7,54.0,72.1,54.4,0,0.0
2024-12-13,Friday,49,2024,Weekdays,2,Orlando,206,3684.0,17.88,46.0,50.3,49.7,54.0,72.1,54.4,0,0.0
2024-12-13,Friday,49,2024,Weekdays,3,Tampa,186,2986.53,16.06,46.0,50.3,49.7,54.0,72.1,54.4,0,0.0
2024-12-14,Saturday,49,2024,Weekends,4,Jacksonville,231,3725.25,16.13,50.4,51.1,48.9,49.6,79.0,55.3,0,0.0
2024-12-14,Saturday,49,2024,Weekends,3,Tampa,249,4130.05,16.59,50.4,51.1,48.9,49.6,79.0,55.3,0,0.0
2024-12-14,Saturday,49,2024,Weekends,1,Miami Beach,328,5737.4,17.49,50.4,51.1,48.9,49.6,79.0,55.3,0,0.0
2024-12-14,Saturday,49,2024,Weekends,2,Orlando,256,4713.03,18.41,50.4,51.1,48.9,49.6,79.0,55.3,0,0.0
2024-12-15,Sunday,50,2024,Weekends,3,Tampa,247,3805.85,15.41,49.3,52.2,47.8,50.7,78.5,49.0,1,1.52
2024-12-15,Sunday,50,2024,Weekends,1,Miami Beach,290,5204.51,17.95,49.3,52.2,47.8,50.7,78.5,49.0,1,1.52
2024-12-15,Sunday,50,2024,Weekends,4,Jacksonville,175,2654.25,15.17,49.3,52.2,47.8,50.7,78.5,49.0,1,1.52
2024-12-15,Sunday,50,2024,Weekends,2,Orlando,184,3263.32,17.74,49.3,52.2,47.8,50.7,78.5,49.0,1,1.52
2024-12-16,Monday,50,2024,Weekdays,3,Tampa,249,4078.72,16.38,44.3,52.2,47.8,55.7,78.8,59.7,0,0.0
2024-12-16,Monday,50,2024,Weekdays,4,Jacksonville,221,3220.29,14.57,44.3,52.2,47.8,55.7,78.8,59.7,0,0.0
2024-12-16,Monday,50,2024,Weekdays,1,Miami Beach,260,4833.22,18.59,44.3,52.2,47.8,55.7,78.8,59.7,0,0.0
2024-12-16,Monday,50,2024,Weekdays,2,Orlando,235,3722.66,15.84,44.3,52.2,47.8,55.7,78.8,59.7,0,0.0
2024-12-17,Tuesday,50,2024,Weekdays,3,Tampa,201,3140.34,15.62,41.3,52.3,47.7,58.7,77.0,47.3,1,1.75
2024-12-17,Tuesday,50,2024,Weekdays,1,Miami Beach,228,3895.68,17.09,41.3,52.3,47.7,58.7,77.0,47.3,1,1.75
2024-12-17,Tuesday,50,2024,Weekdays,2,Orlando,221,3760.36,17.02,41.3,52.3,47.7,58.7,77.0,47.3,1,1.75
2024-12-17,Tuesday,50,2024,Weekdays,4,Jacksonville,185,2637.3,14.26,41.3,52.3,47.7,58.7,77.0,47.3,1,1.75
2024-12-18,Wednesday,50,2024,Weekdays,1,Miami Beach,190,3869.65,20.37,46.5,49.5,50.5,53.5,76.4,47.0,1,2.21
2024-12-18,Wednesday,50,2024,Weekdays,4,Jacksonville,184,2788.88,15.16,46.5,49.5,50.5,53.5,76.4,47.0,1,2.21
2024-12-18,Wednesday,50,2024,Weekdays,3,Tampa,214,3518.55,16.44,46.5,49.5,50.5,53.5,76.4,47.0,1,2.21
2024-12-18,Wednesday,50,2024,Weekdays,2,Orlando,218,3589.68,16.47,46.5,49.5,50.5,53.5,76.4,47.0,1,2.21
2024-12-19,Thursday,50,2024,Weekdays,2,Orlando,208,3671.03,17.65,43.0,50.9,49.1,57.0,73.8,49.0,0,0.0
2024-12-19,Thursday,50,2024,Weekdays,1,Miami Beach,239,4216.81,17.64,43.0,50.9,49.1,57.0,73.8,49.0,0,0.0
2024-12-19,Thursday,50,2024,Weekdays,3,Tampa,206,3418.26,16.59,43.0,50.9,49.1,57.0,73.8,49.0,0,0.0
2024-12-19,Thursday,50,2024,Weekdays,4,Jacksonville,152,2236.36,14.71,43.0,50.9,49.1,57.0,73.8,49.0,0,0.0
2024-12-20,Friday,50,2024,Weekdays,1,Miami Beach,240,4314.61,17.98,44.4,53.9,46.1,55.6,73.5,55.1,0,0.0
2024-12-20,Friday,50,2024,Weekdays,4,Jacksonville,174,2736.11,15.72,44.4,53.9,46.1,55.6,73.5,55.1,0,0.0
2024-12-20,Friday,50,2024,Weekdays,2,Orlando,251,4099.95,16.33,44.4,53.9,46.1,55.6,73.5,55.1,0,0.0
2024-12-20,Friday,50,2024,Weekdays,3,Tampa,200,3408.04,17.04,44.4,53.9,46.1,55.6,73.5,55.1,0,0.0
2024-12-21,Saturday,50,2024,Weekends,4,Jacksonville,191,2898.94,15.18,51.9,50.3,49.7,48.1,76.7,50.8,0,0.0
2024-12-21,Saturday,50,2024,Weekends,2,Orlando,269,4701.35,17.48,51.9,50.3,49.7,48.1,76.7,50.8,0,0.0
2024-12-21,Saturday,50,2024,Weekends,3,Tampa,254,4063.16,16.0,51.9,50.3,49.7,48.1,76.7,50.8,0,0.0
2024-12-21,Saturday,50,2024,Weekends,1,Miami Beach,300,5562.31,18.54,51.9,50.3,49.7,48.1,76.7,50.8,0,0.0
2024-12-22,Sunday,51,2024,Weekends,3,Tampa,262,4431.0,16.91,49.0,51.7,48.3,51.0,77.9,53.3,0,0.0
2024-12-22,Sunday,51,2024,Weekends,2,Orlando,288,4911.95,17.06,49.0,51.7,48.3,51.0,77.9,53.3,0,0.0
2024-12-22,Sunday,51,2024,Weekends,4,Jacksonville,204,3019.52,14.8,49.0,51.7,48.3,51.0,77.9,53.3,0,0.0
2024-12-22,Sunday,51,2024,Weekends,1,Miami Beach,297,5022.85,16.91,49.0,51.7,48.3,51.0,77.9,53.3,0,0.0
2024-12-23,Monday,51,2024,Weekdays,3,Tampa,194,3207.12,16.53,44.8,51.5,48.5,55.2,74.4,49.2,0,0.0
2024-12-23,Monday,51,2024,Weekdays,4,Jacksonville,172,2631.35,15.3,44.8,51.5,48.5,55.2,74.4,49.2,0,0.0
2024-12-23,Monday,51,2024,Weekdays,1,Miami Beach,237,4404.17,18.58,44.8,51.5,48.5,55.2,74.4,49.2,0,0.0
2024-12-23,Monday,51,2024,Weekdays,2,Orlando,227,3661.58,16.13,44.8,51.5,48.5,55.2,74.4,49.2,0,0.0
2024-12-24,Tuesday,51,2024,Weekdays,2,Orlando,255,3818.56,14.97,43.8,50.7,49.3,56.2,77.7,47.7,0,0.0
2024-12-24,Tuesday,51,2024,Weekdays,3,Tampa,210,3379.5,16.09,43.8,50.7,49.3,56.2,77.7,47.7,0,0.0
2024-12-24,Tuesday,51,2024,Weekdays,4,Jacksonville,205,3173.03,15.48,43.8,50.7,49.3,56.2,77.7,47.7,0,0.0
2024-12-24,Tuesday,51,2024,Weekdays,1,Miami Beach,273,5037.02,18.45,43.8,50.7,49.3,56.2,77.7,47.7,0,0.0
2024-12-25,Wednesday,51,2024,Weekdays,3,Tampa,227,3727.81,16.42,44.5,50.3,49.7,55.5,76.1,53.5,1,0.67
2024-12-25,Wednesday,51,2024,Weekdays,1,Miami Beach,231,4271.63,18.49,44.5,50.3,49.7,55.5,76.1,53.5,1,0.67
2024-12-25,Wednesday,51,2024,Weekdays,4,Jacksonville,178,2752.92,15.47,44.5,50.3,49.7,55.5,76.1,53.5,1,0.67
2024-12-25,Wednesday,51,2024,Weekdays,2,Orlando,207,3706.03,17.9,44.5,50.3,49.7,55.5,76.1,53.5,1,0.67
2024-12-26,Thursday,51,2024,Weekdays,1,Miami Beach,281,5444.6,19.38,44.2,49.7,50.3,55.8,79.1,35.0,0,0.0
2024-12-26,Thursday,51,2024,Weekdays,3,Tampa,218,3313.8,15.2,44.2,49.7,50.3,55.8,79.1,35.0,0,0.0
2024-12-26,Thursday,51,2024,Weekdays,4,Jacksonville,179,2607.45,14.57,44.2,49.7,50.3,55.8,79.1,35.0,0,0.0
2024-12-26,Thursday,51,2024,Weekdays,2,Orlando,246,4190.17,17.03,44.2,49.7,50.3,55.8,79.1,35.0,0,0.0
2024-12-27,Friday,51,2024,Weekdays,2,Orlando,251,4195.85,16.72,44.5,51.5,48.5,55.5,82.2,51.6,0,0.0
2024-12-27,Friday,51,2024,Weekdays,3,Tampa,251,4315.84,17.19,44.5,51.5,48.5,55.5,82.2,51.6,0,0.0
2024-12-27,Friday,51,2024,Weekdays,4,Jacksonville,212,3213.08,15.16,44.5,51.5,48.5,55.5,82.2,51.6,0,0.0
2024-12-27,Friday,51,2024,Weekdays,1,Miami Beach,304,5486.46,18.05,44.5,51.5,48.5,55.5,82.2,51.6,0,0.0
2024-12-28,Saturday,51,2024,Weekends,2,Orlando,225,4027.96,17.9,51.9,51.8,48.2,48.1,78.5,43.6,1,1.83
2024-12-28,Saturday,51,2024,Weekends,4,Jacksonville,231,3509.83,15.19,51.9,51.8,48.2,48.1,78.5,43.6,1,1.83
2024-12-28,Saturday,51,2024,Weekends,3,Tampa,231,4001.96,17.32,51.9,51.8,48.2,48.1,78.5,43.6,1,1.83
2024-12-28,Saturday,51,2024,Weekends,1,Miami Beach,273,4713.83,17.27,51.9,51.8,48.2,48.1,78.5,43.6,1,1.83
2024-12-29,Sunday,52,2024,Weekends,4,Jacksonville,232,3794.38,16.36,51.9,50.0,50.0,48.1,74.0,52.1,0,0.0
2024-12-29,Sunday,52,2024,Weekends,3,Tampa,208,3422.5,16.45,51.9,50.0,50.0,48.1,74.0,52.1,0,0.0
2024-12-29,Sunday,52,2024,Weekends,2,Orlando,210,3616.46,17.22,51.9,50.0,50.0,48.1,74.0,52.1,0,0.0
2024-12-29,Sunday,52,2024,Weekends,1,Miami Beach,248,4588.39,18.5,51.9,50.0,50.0,48.1,74.0,52.1,0,0.0
2024-12-30,Monday,52,2024,Weekdays,1,Miami Beach,235,4554.18,19.38,46.1,51.1,48.9,53.9,75.5,39.3,1,0.48
2024-12-30,Monday,52,2024,Weekdays,4,Jacksonville,184,2818.5,15.32,46.1,51.1,48.9,53.9,75.5,39.3,1,0.48
2024-12-30,Monday,52,2024,Weekdays,3,Tampa,205,3217.04,15.69,46.1,51.1,48.9,53.9,75.5,39.3,1,0.48
2024-12-30,Monday,52,2024,Weekdays,2,Orlando,218,3843.0,17.63,46.1,51.1,48.9,53.9,75.5,39.3,1,0.48
2024-12-31,Tuesday,52,2024,Weekdays,3,Tampa,155,2844.47,18.35,43.8,49.8,50.2,56.2,70.9,47.8,0,0.0
2024-12-31,Tuesday,52,2024,Weekdays,4,Jacksonville,166,2603.55,15.68,43.8,49.8,50.2,56.2,70.9,47.8,0,0.0
2024-12-31,Tuesday,52,2024,Weekdays,2,Orlando,239,4092.22,17.12,43.8,49.8,50.2,56.2,70.9,47.8,0,0.0
2024-12-31,Tuesday,52,2024,Weekdays,1,Miami Beach,196,3755.53,19.16,43.8,49.8,50.2,56.2,70.9,47.8,0,0.0